-- phpMyAdmin SQL Dump
-- version 5.2.0
-- https://www.phpmyadmin.net/
--
-- Servidor: 127.0.0.1
-- Tiempo de generación: 27-08-2025 a las 01:13:35
-- Versión del servidor: 10.4.24-MariaDB
-- Versión de PHP: 8.1.6

SET SQL_MODE = "NO_AUTO_VALUE_ON_ZERO";
START TRANSACTION;
SET time_zone = "+00:00";


/*!40101 SET @OLD_CHARACTER_SET_CLIENT=@@CHARACTER_SET_CLIENT */;
/*!40101 SET @OLD_CHARACTER_SET_RESULTS=@@CHARACTER_SET_RESULTS */;
/*!40101 SET @OLD_COLLATION_CONNECTION=@@COLLATION_CONNECTION */;
/*!40101 SET NAMES utf8mb4 */;

--
-- Base de datos: `cpuei2023`
--

DELIMITER $$
--
-- Funciones
--
CREATE DEFINER=`root`@`localhost` FUNCTION `calcular_promedio_ponderado` (`n1` DECIMAL(5,2), `n2` DECIMAL(5,2), `n3` DECIMAL(5,2), `n4` DECIMAL(5,2), `np` DECIMAL(5,2)) RETURNS DECIMAL(5,2) DETERMINISTIC BEGIN
    RETURN (n1*0.05 + n2*0.20 + n3*0.20 + n4*0.15 + np*0.40);
END$$

DELIMITER ;

-- --------------------------------------------------------

--
-- Estructura de tabla para la tabla `alumno`
--

CREATE TABLE `alumno` (
  `codalumno` char(8) NOT NULL,
  `nombrealumno` varchar(250) NOT NULL,
  `apaterno` varchar(250) NOT NULL,
  `amaterno` varchar(250) NOT NULL,
  `dni` char(8) NOT NULL,
  `fecha_nacimiento` date NOT NULL,
  `fotoalumno` blob DEFAULT NULL,
  `correo` varchar(250) NOT NULL,
  `escuela_nombre` varchar(250) NOT NULL,
  `codAula` char(8) DEFAULT NULL,
  `codSede` int(11) DEFAULT NULL
) ENGINE=InnoDB DEFAULT CHARSET=utf8mb4;

--
-- Volcado de datos para la tabla `alumno`
--

INSERT INTO `alumno` (`codalumno`, `nombrealumno`, `apaterno`, `amaterno`, `dni`, `fecha_nacimiento`, `fotoalumno`, `correo`, `escuela_nombre`, `codAula`, `codSede`) VALUES
('11400001', 'VITTO', 'ANDAGUA', 'JULCA', '70863508', '2014-09-01', NULL, 'vpatriarcado@gmail.com', 'INGENIERÍA DE SISTEMAS', 'AULA002', 1),
('11400002', 'PAUL YORDAN', 'CHANGANA', 'CHINGA', '12345678', '2014-10-01', NULL, 'pchangana@gmail.com', 'DERECHO Y CIENCIAS POLÍTICAS', 'AULA002', 1),
('11400003', 'ZOILA', 'SOTO', 'CALDERÓN', '23456789', '1900-01-24', NULL, 'zsoto@gmail.com', 'INGENIERÍA AMBIENTAL', 'AULA003', 1),
('11400004', 'CARLOS ALEXIS', 'AGUERO', 'LOARTE', '34567890', '1900-01-09', NULL, 'cagurto@gmail.com', 'CIENCIAS CONTABLES Y FINANCIERAS', 'LAB001', 1),
('11400005', 'ALEJANDRO JADIR', 'SOTELO', 'PICHILINGUE', '45678901', '1900-01-06', NULL, 'asoltelo@gmail.com', 'ENFERMERÍA', 'LAB002', 5),
('11400006', 'LUDWING ALEXANDER', 'SALAZAR', 'GARCÍA', '56789012', '0000-00-00', NULL, '', 'DERECHO Y CIENCIAS POLÍTICAS', 'CONF001', 4),
('11400007', 'DIEGO MARTIN', 'ARÉVALO', 'ZATA', '67890123', '0000-00-00', NULL, '', 'ADMINISTRACIÓN', 'MUS001', 1),
('11400008', 'GERARDO ISRAEL', 'VELÁSQUEZ', 'SAMANAMUD', '78901234', '0000-00-00', NULL, '', 'CIENCIAS CONTABLES Y FINANCIERAS', 'AULA201', 2),
('11400009', 'JAMELY DEL PILAR', 'NORABUENA', 'LUGO', '89012345', '0000-00-00', NULL, '', 'MEDICINA HUMANA', 'LAB201', 3),
('11400010', 'ALEXIS HERNAN', 'MIRANDA', 'APOLINAR', '90123456', '0000-00-00', NULL, '', 'AGRONOMÍA', 'AULA202', 2),
('11400011', 'YALILHE', 'ESPINOZA', 'CUEVA', '01234567', '0000-00-00', NULL, '', 'ZOOTECNIA', NULL, NULL),
('11400012', 'MANUEL ABEL', 'ALOR', 'CAUCHE', '12345679', '0000-00-00', NULL, '', 'AGRONOMÍA', NULL, NULL),
('11400013', 'DENISSE ALLISON FRANCHESCA', 'ALBINO', 'RECUAY', '23456780', '0000-00-00', NULL, '', 'DERECHO Y CIENCIAS POLÍTICAS', NULL, NULL),
('11400014', 'MADELEYNE DANNIXA BRILLITH', 'GÓMEZ', 'CHINGA', '34567891', '0000-00-00', NULL, '', 'EDUCACIÓN PRIMARIA Y PROBLEMAS DEL APRENDIZAJE', NULL, NULL),
('11400015', 'KATHERINE GABRIELA', 'FARRO', 'CHANGANAQUI', '45678902', '0000-00-00', NULL, '', 'TRABAJO SOCIAL', NULL, NULL),
('11400016', 'ZULEIKA GERALDINE', 'RAMOS', 'PANANA', '56789023', '0000-00-00', NULL, '', 'ADMINISTRACIÓN', NULL, NULL),
('11400017', 'JHOSELIN BEATRIZ', 'CALDERON', 'HUMBERTH', '67890134', '0000-00-00', NULL, '', 'EDUCACIÓN INICIAL Y ARTE', NULL, NULL),
('11400018', 'DANNY JHONATAN', 'COLLANTES', 'BONATTI', '78901245', '0000-00-00', NULL, '', 'INGENIERÍA INDUSTRIAL', NULL, NULL),
('11400019', 'ANNY MISHELL', 'PINEDO', 'AQUINO', '89012356', '0000-00-00', NULL, '', 'CIENCIAS CONTABLES Y FINANCIERAS', NULL, NULL),
('11400020', 'PAMELA SILVANA', 'CHANG', 'CHURRANGO', '90123467', '0000-00-00', NULL, '', 'MEDICINA HUMANA', NULL, NULL),
('11400021', 'ISABEL FRENESSY', 'CARRERA', 'FLORES', '01234568', '0000-00-00', NULL, '', 'ENFERMERÍA', NULL, NULL),
('11400022', 'EVERYN WINNYE ASTRID', 'AGUILAR', 'FLORES', '12345680', '0000-00-00', NULL, '', 'ENFERMERÍA', NULL, NULL),
('11400023', 'JULISA YESENIA', 'MUGURUZA', 'VICENTE', '23456781', '0000-00-00', NULL, '', 'ADMINISTRACIÓN', NULL, NULL),
('11400024', 'EDGAR SAÚL', 'VENTOCILLA', 'MATOS', '34567892', '0000-00-00', NULL, '', 'MEDICINA HUMANA', NULL, NULL),
('11400025', 'DAGIANA XIOMARA', 'CABANILLAS', 'SOSA', '45678903', '0000-00-00', NULL, '', 'ENFERMERÍA', NULL, NULL),
('11400026', 'SARAH SOFÍA FABIOLA', 'MANRIQUE', 'ALCÁNTARA', '56789034', '0000-00-00', NULL, '', 'DERECHO Y CIENCIAS POLÍTICAS', NULL, NULL),
('11400027', 'ANA PAULA', 'SÁNCHEZ', 'DAMIÁN', '67890145', '0000-00-00', NULL, '', 'BROMATOLOGÍA Y NUTRICIÓN', NULL, NULL),
('11400028', 'MILAGROS KATERINE', 'MELÉNDREZ', 'DÍAZ', '78901256', '0000-00-00', NULL, '', 'ENFERMERÍA', NULL, NULL),
('11400029', 'MELISSA DESIRET', 'CHAVEZ', 'ALARCÓN', '89012367', '0000-00-00', NULL, '', 'ADMINISTRACIÓN', NULL, NULL),
('11400030', 'MIGUEL ANGEL JESÚS', 'MELGAREJO', 'VILCA', '90123478', '0000-00-00', NULL, '', 'INGENIERÍA METALÚRGICA', NULL, NULL),
('11400031', 'WINNY MELISSA', 'LEÓN', 'RUFINO', '01234569', '0000-00-00', NULL, '', 'CIENCIAS CONTABLES Y FINANCIERAS', NULL, NULL),
('11400032', 'JHONNATAN', 'RAMOS', 'VÁSQUEZ', '12345681', '0000-00-00', NULL, '', 'MEDICINA HUMANA', NULL, NULL),
('11400033', 'STEPHANIE ALESSANDRA', 'JARA', 'FERNÁNDEZ', '23456782', '0000-00-00', NULL, '', 'INGENIERÍA INFORMÁTICA', NULL, NULL),
('11400034', 'KEVIN WILLIAMS', 'CHISCUL', 'ALVA', '34567893', '0000-00-00', NULL, '', 'INGENIERÍA INFORMÁTICA', NULL, NULL),
('11400035', 'JEANNET JENIFER', 'LOZANO', 'ROMERO', '45678904', '0000-00-00', NULL, '', 'MEDICINA HUMANA', NULL, NULL),
('11400036', 'ANNI GISELA', 'CAPCHA', 'MIRANDA', '56789045', '0000-00-00', NULL, '', 'ENFERMERÍA', NULL, NULL),
('11400037', 'WILIAN GUSTAVO', 'FLORES', 'GRATELLY', '67890156', '0000-00-00', NULL, '', 'TRABAJO SOCIAL', NULL, NULL),
('11400038', 'JAZMIN ELENA', 'SUAREZ', 'TIGRERO', '78901267', '0000-00-00', NULL, '', 'INGENIERÍA EN TELECOMUNICACIONES', NULL, NULL),
('11400039', 'CÉSAR ANTONIO', 'PAREDES', 'GARCÍA', '89012378', '0000-00-00', NULL, '', 'MEDICINA HUMANA', NULL, NULL),
('11400040', 'CATHERINE LILIANA', 'MELGAREJO', 'GARCÍA', '90123489', '0000-00-00', NULL, '', 'CIENCIAS CONTABLES Y FINANCIERAS', NULL, NULL),
('11400041', 'LAURA MILENA', 'PAUCAR', 'SALDAÑA', '01234570', '0000-00-00', NULL, '', 'INGENIERÍA AMBIENTAL', NULL, NULL),
('11400042', 'LUIS JAVIER', 'ROJAS', 'MORENO', '12345682', '0000-00-00', NULL, '', 'MEDICINA HUMANA', NULL, NULL),
('11400043', 'JULIA ESPERANZA', 'CASTRO', 'SÁNCHEZ', '23456783', '0000-00-00', NULL, '', 'TRABAJO SOCIAL', NULL, NULL),
('11400044', 'MARTÍN ALEJANDRO', 'SANTOS', 'VALDEZ', '34567894', '0000-00-00', NULL, '', 'CIENCIAS CONTABLES Y FINANCIERAS', NULL, NULL),
('11400045', 'CAROLINA ANDREA', 'TORO', 'VALENCIA', '45678905', '0000-00-00', NULL, '', 'ENFERMERÍA', NULL, NULL),
('11400046', 'JORGE ALEJANDRO', 'CUADROS', 'RODRÍGUEZ', '56789056', '0000-00-00', NULL, '', 'ADMINISTRACIÓN', NULL, NULL),
('11400047', 'ALEJANDRA PAOLA', 'MORENO', 'CORRALES', '67890167', '0000-00-00', NULL, '', 'INGENIERÍA INDUSTRIAL', NULL, NULL),
('11400048', 'DANIEL ANDRÉS', 'VÁSQUEZ', 'SALGADO', '78901278', '0000-00-00', NULL, '', 'MEDICINA HUMANA', NULL, NULL),
('11400049', 'ANDREA CAROLINA', 'GARCÍA', 'ARENAS', '89012389', '0000-00-00', NULL, '', 'EDUCACIÓN INICIAL Y ARTE', NULL, NULL),
('11400050', 'JUAN PABLO', 'TORO', 'GARCÍA', '90123490', '0000-00-00', NULL, '', 'CIENCIAS CONTABLES Y FINANCIERAS', NULL, NULL),
('11400051', 'ISABELLA MARTÍNEZ', 'MORENO', 'VERGARA', '01234571', '0000-00-00', NULL, '', 'MEDICINA HUMANA', NULL, NULL),
('11400052', 'SANTIAGO ALEJANDRO', 'JIMÉNEZ', 'MARTÍNEZ', '12345683', '0000-00-00', NULL, '', 'ENFERMERÍA', NULL, NULL),
('11400053', 'MÓNICA ALEJANDRA', 'JARAMILLO', 'CRUZ', '23456784', '0000-00-00', NULL, '', 'TRABAJO SOCIAL', NULL, NULL),
('11400054', 'GUSTAVO ADOLFO', 'GARCÍA', 'MENDOZA', '34567895', '0000-00-00', NULL, '', 'ADMINISTRACIÓN', NULL, NULL),
('11400055', 'MARIANA ANDREA', 'ALVARADO', 'LORENA', '45678906', '0000-00-00', NULL, '', 'CIENCIAS CONTABLES Y FINANCIERAS', NULL, NULL),
('11400056', 'DIEGO FABIÁN', 'RODRÍGUEZ', 'JIMÉNEZ', '56789057', '0000-00-00', NULL, '', 'MEDICINA HUMANA', NULL, NULL),
('11400057', 'VALERIA ANDREA', 'ALARCÓN', 'GARCÍA', '67890168', '0000-00-00', NULL, '', 'ENFERMERÍA', NULL, NULL),
('11400058', 'NATALIA ALEJANDRA', 'FLOREZ', 'RODRÍGUEZ', '78901279', '0000-00-00', NULL, '', 'TRABAJO SOCIAL', NULL, NULL),
('11400059', 'JUAN CAMILO', 'HERRERA', 'ARIAS', '89012390', '0000-00-00', NULL, '', 'INGENIERÍA AMBIENTAL', NULL, NULL),
('11400060', 'ANGELA MARCELA', 'BELTRÁN', 'SALAZAR', '90123491', '0000-00-00', NULL, '', 'MEDICINA HUMANA', NULL, NULL),
('11400061', 'NICOLE ANDREA', 'GARCÍA', 'SUAREZ', '01234572', '0000-00-00', NULL, '', 'TRABAJO SOCIAL', NULL, NULL),
('11400062', 'ALEJANDRO ANDRÉS', 'HERRERA', 'CAMPO', '12345684', '0000-00-00', NULL, '', 'ENFERMERÍA', NULL, NULL),
('11400063', 'JESSICA PAOLA', 'MORALES', 'SALGADO', '23456785', '0000-00-00', NULL, '', 'MEDICINA HUMANA', NULL, NULL),
('11400064', 'MIGUEL ÁNGEL', 'SERRANO', 'MORENO', '34567896', '0000-00-00', NULL, '', 'CIENCIAS CONTABLES Y FINANCIERAS', NULL, NULL),
('11400065', 'SANDRA MILENA', 'SILVA', 'VALENCIA', '45678907', '0000-00-00', NULL, '', 'ADMINISTRACIÓN', NULL, NULL),
('11400066', 'JUAN ESTEBAN', 'MARTÍNEZ', 'REYES', '56789058', '0000-00-00', NULL, '', 'INGENIERÍA INDUSTRIAL', NULL, NULL),
('11400067', 'VALENTINA ANDREA', 'HERRERA', 'TORO', '67890169', '0000-00-00', NULL, '', 'EDUCACIÓN INICIAL Y ARTE', NULL, NULL),
('11400068', 'ANDRÉS FELIPE', 'ROJAS', 'ZAMBRANO', '78901280', '0000-00-00', NULL, '', 'MEDICINA HUMANA', NULL, NULL),
('11400069', 'KAREN JHOANA', 'CARRILLO', 'GARCÍA', '89012391', '0000-00-00', NULL, '', 'TRABAJO SOCIAL', NULL, NULL),
('11400070', 'FRANCISCO JAVIER', 'ALVARADO', 'PALACIOS', '90123492', '0000-00-00', NULL, '', 'ENFERMERÍA', NULL, NULL),
('11400071', 'LAURA VANESSA', 'LOPEZ', 'TORO', '01234573', '0000-00-00', NULL, '', 'CIENCIAS CONTABLES Y FINANCIERAS', NULL, NULL),
('11400072', 'SAMUEL ANDRÉS', 'PINTO', 'CASTAÑO', '12345685', '0000-00-00', NULL, '', 'ADMINISTRACIÓN', NULL, NULL),
('11400073', 'CAROLINA MARCELA', 'RAMIREZ', 'MENDOZA', '23456786', '0000-00-00', NULL, '', 'MEDICINA HUMANA', NULL, NULL),
('11400074', 'JORGE ANDRÉS', 'TRUJILLO', 'GARCÍA', '34567897', '0000-00-00', NULL, '', 'ENFERMERÍA', NULL, NULL),
('11400075', 'MONICA ALEJANDRA', 'GUERRERO', 'CASTAÑO', '45678908', '0000-00-00', NULL, '', 'TRABAJO SOCIAL', NULL, NULL),
('11400076', 'SERGIO ANDRÉS', 'URIBE', 'VALLEJO', '56789059', '0000-00-00', NULL, '', 'CIENCIAS CONTABLES Y FINANCIERAS', NULL, NULL),
('11400077', 'JULIANA ANDREA', 'RODRÍGUEZ', 'TORO', '67890170', '0000-00-00', NULL, '', 'MEDICINA HUMANA', NULL, NULL),
('11400078', 'DAVID ALEJANDRO', 'HERRERA', 'ARANDA', '78901281', '0000-00-00', NULL, '', 'ENFERMERÍA', NULL, NULL),
('11400079', 'VALERIA MARCELA', 'CARDENAS', 'LOPEZ', '89012392', '0000-00-00', NULL, '', 'TRABAJO SOCIAL', NULL, NULL),
('11400080', 'JUAN PABLO', 'ALMEIDA', 'MORENO', '90123493', '0000-00-00', NULL, '', 'MEDICINA HUMANA', NULL, NULL),
('11400081', 'MARIO ANDRÉS', 'MORA', 'PÉREZ', '01234574', '0000-00-00', NULL, '', 'INGENIERÍA DE SISTEMAS', NULL, NULL),
('11400082', 'ALEJANDRA ISABEL', 'MORÁN', 'HUERTA', '11223344', '0000-00-00', NULL, '', 'INGENIERÍA AMBIENTAL', NULL, NULL),
('11400083', 'JUAN CARLOS', 'REYES', 'ALVAREZ', '11223345', '0000-00-00', NULL, '', 'INGENIERÍA CIVIL', NULL, NULL),
('11400084', 'MARIA ELENA', 'RAMIREZ', 'HERRERA', '11223346', '0000-00-00', NULL, '', 'INGENIERÍA MECÁNICA', NULL, NULL),
('11400085', 'FELIPE ANDRÉS', 'VÁSQUEZ', 'CUADROS', '11223347', '0000-00-00', NULL, '', 'INGENIERÍA DE SISTEMAS', NULL, NULL),
('11400086', 'CARLA BEATRIZ', 'ARIAS', 'ROJAS', '11223348', '0000-00-00', NULL, '', 'INGENIERÍA ELECTRÓNICA', NULL, NULL),
('11400087', 'GABRIELA PATRICIA', 'CARRILLO', 'VALDEZ', '11223349', '0000-00-00', NULL, '', 'INGENIERÍA INDUSTRIAL', NULL, NULL),
('11400088', 'JAVIER ALEJANDRO', 'MONTES', 'PAREDES', '11223350', '0000-00-00', NULL, '', 'INGENIERÍA AGRÍCOLA', NULL, NULL),
('11400089', 'ANGELA MARCELA', 'GARCÍA', 'ALCÁNTARA', '11223351', '0000-00-00', NULL, '', 'INGENIERÍA DE TRANSPORTE', NULL, NULL),
('11400090', 'RODRIGO ANDRÉS', 'JIMENEZ', 'TORO', '11223352', '0000-00-00', NULL, '', 'INGENIERÍA FORESTAL', NULL, NULL),
('11400091', 'VALERIA ANDREA', 'CASTAÑO', 'URIBE', '11223353', '0000-00-00', NULL, '', 'INGENIERÍA PETROLERA', NULL, NULL),
('11400092', 'CRISTIAN CAMILO', 'GARCÍA', 'TRUJILLO', '11223354', '0000-00-00', NULL, '', 'INGENIERÍA DE MINAS', NULL, NULL),
('11400093', 'ANDREA MILENA', 'MORALES', 'GARCÍA', '11223355', '0000-00-00', NULL, '', 'INGENIERÍA EN TELECOMUNICACIONES', NULL, NULL),
('11400094', 'NICOLE ANDREA', 'VARGAS', 'PALACIOS', '11223356', '0000-00-00', NULL, '', 'INGENIERÍA AGRÍCOLA', NULL, NULL),
('11400095', 'DANIEL ALEJANDRO', 'NOGUERA', 'GARCÍA', '11223357', '0000-00-00', NULL, '', 'INGENIERÍA DE SISTEMAS', NULL, NULL),
('11400096', 'JULIAN ANDRÉS', 'RODRÍGUEZ', 'RAMIREZ', '11223358', '0000-00-00', NULL, '', 'INGENIERÍA INDUSTRIAL', NULL, NULL),
('11400097', 'SANDRA MILENA', 'ARAUJO', 'ZAMBRANO', '11223359', '0000-00-00', NULL, '', 'INGENIERÍA CIVIL', NULL, NULL),
('11400098', 'LUIS ALEJANDRO', 'TORO', 'MORENO', '11223360', '0000-00-00', NULL, '', 'INGENIERÍA MECÁNICA', NULL, NULL),
('11400099', 'ISABEL CRISTINA', 'MORENO', 'QUINTERO', '11223361', '0000-00-00', NULL, '', 'INGENIERÍA AMBIENTAL', NULL, NULL),
('11400100', 'FERNANDO ALBERTO', 'BERMUDEZ', 'MUÑOZ', '11223362', '0000-00-00', NULL, '', 'INGENIERÍA ELECTRÓNICA', NULL, NULL),
('11400101', 'JHON JAIRO', 'CHANG', 'VALLADARES', '1', '0000-00-00', NULL, '', 'MEDICINA HUMANA', NULL, NULL),
('11400102', 'YENIFER ANYELA', 'RETUERTO', 'CORDOVA', '2', '0000-00-00', NULL, '', 'ZOOTECNIA', NULL, NULL),
('11400103', 'EDWIN LEE', 'ROJAS', 'SACRE', '3', '0000-00-00', NULL, '', 'INGENIERÍA DE SISTEMAS', NULL, NULL),
('11400104', 'DELCY', 'CABELLO', 'RAFAEL', '4', '0000-00-00', NULL, '', 'ECONOMÍA Y FINANZAS', NULL, NULL),
('11400105', 'KEVIN ALONSO', 'URRIETA', 'MARZANO', '5', '0000-00-00', NULL, '', 'ADMINISTRACIÓN', NULL, NULL),
('11400106', 'YOEL YERSÓN', 'ROJAS', 'LOARTE', '6', '0000-00-00', NULL, '', 'INGENIERÍA CIVIL', NULL, NULL),
('11400107', 'ENRIQUE CÉSAR', 'GIL', 'ROBLES', '7', '0000-00-00', NULL, '', 'ADMINISTRACIÓN', NULL, NULL),
('11400108', 'VICTORIA LUCÍA', 'DE LA CRUZ', 'AYALA', '8', '0000-00-00', NULL, '', 'DERECHO Y CIENCIAS POLÍTICAS', NULL, NULL),
('11400109', 'JOEL ALEXIS', 'BENITES', 'CABELLO', '9', '0000-00-00', NULL, '', 'INGENIERÍA QUÍMICA', NULL, NULL),
('11400110', 'ERIKC PABLO', 'AVILA', 'MEJIA', '10', '0000-00-00', NULL, '', 'INGENIERÍA INDUSTRIAL', NULL, NULL),
('11400111', 'JHOSLYN MADELEINE', 'ESPINOZA', 'HUANSHA', '11', '0000-00-00', NULL, '', 'DERECHO Y CIENCIAS POLÍTICAS', NULL, NULL),
('11400112', 'AYRTON ANDREE', 'VILLAJUAN', 'URRIETA', '12', '0000-00-00', NULL, '', 'DERECHO Y CIENCIAS POLÍTICAS', NULL, NULL),
('11400113', 'ELISEO JACOBO', 'SALINAS', 'CALIXTO', '13', '0000-00-00', NULL, '', 'MEDICINA HUMANA', NULL, NULL),
('11400114', 'STHEPHANY SOLANGE', 'JULCA', 'POLLERA', '14', '0000-00-00', NULL, '', 'MEDICINA HUMANA', NULL, NULL),
('11400115', 'MARÍA PAOLA', 'FERNANDEZ', 'BLAS', '15', '0000-00-00', NULL, '', 'CIENCIAS SOCIALES  Y TURISMO', NULL, NULL),
('11400116', 'LIMSAY ANDREA', 'BERNAL', 'QUINTEROS', '16', '0000-00-00', NULL, '', 'CIENCIAS DE LA COMUNICACIÓN', NULL, NULL),
('11400117', 'TANIA PATRICIA', 'MENDOZA', 'SOTO', '17', '0000-00-00', NULL, '', 'ADMINISTRACIÓN', NULL, NULL),
('11400118', 'MIGUEL GARVIN', 'AYALA', 'BALDEON', '18', '0000-00-00', NULL, '', 'INGENIERÍA CIVIL', NULL, NULL),
('11400119', 'MAYRA', 'VELASQUEZ', 'MATEO', '19', '0000-00-00', NULL, '', 'MEDICINA HUMANA', NULL, NULL),
('11400120', 'DIEGO JULIÁN', 'RIVERA', 'CRUZ', '20', '0000-00-00', NULL, '', 'NEGOCIOS INTERNACIONALES', NULL, NULL),
('11400121', 'MEYVI MARICRUZ', 'LOPEZ', 'BRAIHTWAITTE', '21', '0000-00-00', NULL, '', 'NEGOCIOS INTERNACIONALES', NULL, NULL),
('11400122', 'GERSON', 'CABRERA', 'ZARABIA', '22', '0000-00-00', NULL, '', 'MEDICINA HUMANA', NULL, NULL),
('11400123', 'JUAN DIEGO', 'CHILET', 'LLACAS', '23', '0000-00-00', NULL, '', 'MEDICINA HUMANA', NULL, NULL),
('11400124', 'YOMIRA JENNITZA', 'MARCOS', 'NICHO', '24', '0000-00-00', NULL, '', 'INGENIERÍA METALÚRGICA', NULL, NULL),
('11400125', 'PHILIPS RAUL', 'CARRION', 'ARANDA', '25', '0000-00-00', NULL, '', 'MEDICINA HUMANA', NULL, NULL),
('11400126', 'LUCIA ELIZABETH', 'TIMANÁ', 'CRUZ', '26', '0000-00-00', NULL, '', 'MEDICINA HUMANA', NULL, NULL),
('11400127', 'YOVA KATHERINE', 'MORE', 'TINEDO', '27', '0000-00-00', NULL, '', 'BROMATOLOGÍA Y NUTRICIÓN', NULL, NULL),
('11400128', 'JAIME DANIEL ENRIQUE', 'ECHEGARAY', 'RAMIREZ', '28', '0000-00-00', NULL, '', 'INGENIERÍA CIVIL', NULL, NULL),
('11400129', 'JAZMIN ISABEL', 'JUAREZ', 'ALVA', '29', '0000-00-00', NULL, '', 'TRABAJO SOCIAL', NULL, NULL),
('11400130', 'JAIME EDUARDO', 'ALVA', 'SALINAS', '30', '0000-00-00', NULL, '', 'INGENIERÍA DE SISTEMAS', NULL, NULL),
('11400131', 'BRANDY JESÚS HÉCTOR', 'LOZA', 'LLANQUE', '31', '0000-00-00', NULL, '', 'MEDICINA HUMANA', NULL, NULL),
('11400132', 'LEYDE CATRIN', 'OSTOS', 'ESPINOZA', '32', '0000-00-00', NULL, '', 'ADMINISTRACIÓN', NULL, NULL),
('11400133', 'WILDER JULIÁN', 'FERNÁNDEZ', 'PIMENTEL', '33', '0000-00-00', NULL, '', 'DERECHO Y CIENCIAS POLÍTICAS', NULL, NULL),
('11400134', 'JOSE JHONATAN', 'VASQUEZ', 'ÑAUPARI', '34', '0000-00-00', NULL, '', 'INGENIERÍA PESQUERA', NULL, NULL),
('11400135', 'JUSTINA REBECA', 'FERNÁNDEZ', 'MONTES', '35', '0000-00-00', NULL, '', 'DERECHO Y CIENCIAS POLÍTICAS', NULL, NULL),
('11400136', 'MERLY SILENE', 'PICHILINGUE', 'LOZA', '36', '0000-00-00', NULL, '', 'NEGOCIOS INTERNACIONALES', NULL, NULL),
('11400137', 'MELINDA OSHIN', 'CALDAS', 'BARTOLO', '37', '0000-00-00', NULL, '', 'ADMINISTRACIÓN', NULL, NULL),
('11400138', 'GIANINA DEL PILAR', 'FALCÓN', 'ORTIZ', '38', '0000-00-00', NULL, '', 'INGENIERÍA AMBIENTAL', NULL, NULL),
('11400139', 'JOSELYN ROSA', 'CORONADO', 'MORANTE', '39', '0000-00-00', NULL, '', 'MEDICINA HUMANA', NULL, NULL),
('11400140', 'JENNY ELIZABETH', 'GARCÍA', 'ZAPATA', '40', '0000-00-00', NULL, '', 'DERECHO Y CIENCIAS POLÍTICAS', NULL, NULL),
('11400141', 'LUIS ALBERTO', 'BUSTAMANTE', 'HUAYLLO', '41', '0000-00-00', NULL, '', 'INGENIERÍA CIVIL', NULL, NULL),
('11400142', 'DANIELA ALEJANDRA', 'GARCÍA', 'PISQUE', '42', '0000-00-00', NULL, '', 'INGENIERÍA DE SISTEMAS', NULL, NULL),
('11400143', 'FABIOLA LILIANA', 'JULCA', 'DURAND', '43', '0000-00-00', NULL, '', 'ADMINISTRACIÓN', NULL, NULL),
('11400144', 'RUTH DEL PILAR', 'CUADROS', 'BISSO', '44', '0000-00-00', NULL, '', 'MEDICINA HUMANA', NULL, NULL),
('11400145', 'SANTIAGO ALEJANDRO', 'MORILLO', 'AYALA', '45', '0000-00-00', NULL, '', 'NEGOCIOS INTERNACIONALES', NULL, NULL),
('11400146', 'KAREN ISABEL', 'CALDERÓN', 'DE LA CRUZ', '46', '0000-00-00', NULL, '', 'MEDICINA HUMANA', NULL, NULL),
('11400147', 'JULIANA MARGARITA', 'RIVERA', 'GARCÍA', '47', '0000-00-00', NULL, '', 'DERECHO Y CIENCIAS POLÍTICAS', NULL, NULL),
('11400148', 'ALEJANDRA JHOANA', 'CÁCERES', 'ANDRADE', '48', '0000-00-00', NULL, '', 'ZOOTECNIA', NULL, NULL),
('11400149', 'ANGELA JHOANA', 'MARTÍNEZ', 'ROJAS', '49', '0000-00-00', NULL, '', 'CIENCIAS DE LA COMUNICACIÓN', NULL, NULL),
('11400150', 'JHON JAIRO', 'ESPINOZA', 'SILVA', '50', '0000-00-00', NULL, '', 'MEDICINA HUMANA', NULL, NULL),
('11400151', 'RUTH DALLANA', 'MORALES', 'OBREGÓN', '151', '0000-00-00', NULL, '', 'MEDICINA HUMANA', NULL, NULL),
('11400152', 'YANAINA KNYE', 'RUIZ', 'GRADOS', '152', '0000-00-00', NULL, '', 'MEDICINA HUMANA', NULL, NULL),
('11400153', 'KELLY', 'RAMÍREZ', 'RICAPPA', '153', '0000-00-00', NULL, '', 'ADMINISTRACIÓN', NULL, NULL),
('11400154', 'SUSAN ESTRELLA', 'ROMERO', 'RAMOS', '154', '0000-00-00', NULL, '', 'DERECHO Y CIENCIAS POLÍTICAS', NULL, NULL),
('11400155', 'PEDRO ANTHONY', 'LA ROSA', 'TENA', '155', '0000-00-00', NULL, '', 'MEDICINA HUMANA', NULL, NULL),
('11400156', 'ALBERTH ZANDRO', 'ALARCÓN', 'BALABARCA', '156', '0000-00-00', NULL, '', 'INGENIERÍA CIVIL', NULL, NULL),
('11400157', 'ALLISON MERCEDES', 'APARCANA', 'MECHANO', '157', '0000-00-00', NULL, '', 'ENFERMERÍA', NULL, NULL),
('11400158', 'MARIO FERNANDO', 'DE LA CRUZ', 'SANCHEZ', '158', '0000-00-00', NULL, '', 'DERECHO Y CIENCIAS POLÍTICAS', NULL, NULL),
('11400159', 'JUDITH XIOMARA SOLEDAD', 'ALEMÁN', 'MEDINA', '159', '0000-00-00', NULL, '', 'MEDICINA HUMANA', NULL, NULL),
('11400160', 'DAVID ALEXANDER', 'PACORA', 'BRIOSO', '160', '0000-00-00', NULL, '', 'MEDICINA HUMANA', NULL, NULL),
('11400161', 'CLAUDIA EVA', 'LOPEZ', 'CORDOVA', '161', '0000-00-00', NULL, '', 'MEDICINA HUMANA', NULL, NULL),
('11400162', 'LUIS ANTONIO', 'VENTOCILLA', 'DOLORES', '162', '0000-00-00', NULL, '', 'INGENIERÍA DE SISTEMAS', NULL, NULL),
('11400163', 'KETTY JADIRA', 'GARRO', 'VIA', '163', '0000-00-00', NULL, '', 'MEDICINA HUMANA', NULL, NULL),
('11400164', 'ROSA NANCY', 'JESUS', 'SOLORZANO', '164', '0000-00-00', NULL, '', 'ENFERMERÍA', NULL, NULL),
('11400165', 'ROSSY MIRELLA', 'VITE', 'LLONTOP', '165', '0000-00-00', NULL, '', 'ENFERMERÍA', NULL, NULL),
('11400166', 'LIZBHET', 'BENAVIDES', 'VÁSQUEZ', '166', '0000-00-00', NULL, '', 'ADMINISTRACIÓN', NULL, NULL),
('11400167', 'VERONICA DEL ROSARIO', 'LEÓN', 'ESCUDERO', '167', '0000-00-00', NULL, '', 'ADMINISTRACIÓN', NULL, NULL),
('11400168', 'GUSTAVO DEYBI', 'MORALES', 'OBREGÓN', '168', '0000-00-00', NULL, '', 'MEDICINA HUMANA', NULL, NULL),
('11400169', 'KATHERINE GISELA', 'GONZALES', 'GUERRA', '169', '0000-00-00', NULL, '', 'ENFERMERÍA', NULL, NULL),
('11400170', 'ELIZABETH MERCEDES', 'ZAPATA', 'RAMIREZ', '170', '0000-00-00', NULL, '', 'MEDICINA HUMANA', NULL, NULL),
('11400171', 'CARLOS ALEXANDER', 'GONZÁLES', 'DÍAZ', '171', '0000-00-00', NULL, '', 'MEDICINA HUMANA', NULL, NULL),
('11400172', 'MARIO FERNANDO', 'NEYRA', 'BAZAN', '172', '0000-00-00', NULL, '', 'DERECHO Y CIENCIAS POLÍTICAS', NULL, NULL),
('11400173', 'NESTOR LUIS', 'MERCEDES', 'BRANDÁN', '173', '0000-00-00', NULL, '', 'INGENIERÍA INFORMÁTICA', NULL, NULL),
('11400174', 'DANIEL ANGEL', 'GUINEA', 'HILARIO', '174', '0000-00-00', NULL, '', 'MEDICINA HUMANA', NULL, NULL),
('11400175', 'ANDRES OSWALDO', 'MONCADA', 'MONTORO', '175', '0000-00-00', NULL, '', 'INGENIERÍA CIVIL', NULL, NULL),
('11400176', 'KATHERINE XIMENA', 'ZAPATA', 'RAMIREZ', '176', '0000-00-00', NULL, '', 'DERECHO Y CIENCIAS POLÍTICAS', NULL, NULL),
('11400177', 'DENIS ULISES', 'PEREZ', 'CHAGRAY', '177', '0000-00-00', NULL, '', 'DERECHO Y CIENCIAS POLÍTICAS', NULL, NULL),
('11400178', 'NANCY RAQUEL', 'FLORES', 'IBARRA', '178', '0000-00-00', NULL, '', 'INGENIERÍA CIVIL', NULL, NULL),
('11400179', 'LARRY EROS', 'ESTELA', 'GALLARDO', '179', '0000-00-00', NULL, '', 'ENFERMERÍA', NULL, NULL),
('11400180', 'MARCO LUIS', 'CHINGA', 'CAMPOS', '180', '0000-00-00', NULL, '', 'INGENIERÍA CIVIL', NULL, NULL),
('11400181', 'ANGELA ROSARIO', 'ROSALES', 'DOLORES', '181', '0000-00-00', NULL, '', 'MEDICINA HUMANA', NULL, NULL),
('11400182', 'CARMEN SESHIRA', 'REA', 'ROMERO', '182', '0000-00-00', NULL, '', 'CIENCIAS CONTABLES Y FINANCIERAS', NULL, NULL),
('11400183', 'KIARA DELFINA', 'SORIANO', 'VALERA', '183', '0000-00-00', NULL, '', 'MEDICINA HUMANA', NULL, NULL),
('11400184', 'GEYSER JOEL', 'GARCÍA', 'MARTINEZ', '184', '0000-00-00', NULL, '', 'MEDICINA HUMANA', NULL, NULL),
('11400185', 'PATRICIA MERCEDES', 'GAGO', 'JARA', '185', '0000-00-00', NULL, '', 'ADMINISTRACIÓN', NULL, NULL),
('11400186', 'JAIRO BENJAMIN', 'DE PAZ', 'SANCHEZ', '186', '0000-00-00', NULL, '', 'CIENCIAS CONTABLES Y FINANCIERAS', NULL, NULL),
('11400187', 'BRENDA GIULIANNA', 'NAVARRO', 'GARCÍA', '187', '0000-00-00', NULL, '', 'ADMINISTRACIÓN', NULL, NULL),
('11400188', 'IRVIN ZE J JUNIOR', 'QUICHIZ', 'LLANES', '188', '0000-00-00', NULL, '', 'INGENIERÍA CIVIL', NULL, NULL),
('11400189', 'YOSI CARINA', 'HUACANCA', 'GUIMAREY', '189', '0000-00-00', NULL, '', 'ADMINISTRACIÓN', NULL, NULL),
('11400190', 'YOHANA STELLA', 'TORO', 'GUERRERO', '190', '0000-00-00', NULL, '', 'INGENIERÍA DE SISTEMAS', NULL, NULL),
('11400191', 'JULIO ANTONIO', 'MUNOZ', 'LUNA', '191', '0000-00-00', NULL, '', 'INGENIERÍA CIVIL', NULL, NULL),
('11400192', 'RICARDO ALFONSO', 'ALMEIDA', 'CASTRO', '192', '0000-00-00', NULL, '', 'ADMINISTRACIÓN', NULL, NULL),
('11400193', 'VERONICA GARCIA', 'VERO', 'VILLALTA', '193', '0000-00-00', NULL, '', 'DERECHO Y CIENCIAS POLÍTICAS', NULL, NULL),
('11400194', 'EVA LUZ', 'CORONEL', 'DE LA CRUZ', '194', '0000-00-00', NULL, '', 'DERECHO Y CIENCIAS POLÍTICAS', NULL, NULL),
('11400195', 'GABRIELA ZULEMA', 'PAUCAR', 'GARCÍA', '195', '0000-00-00', NULL, '', 'MEDICINA HUMANA', NULL, NULL),
('11400196', 'DANIELA ALEXANDRA', 'RIVERA', 'CARREÑO', '196', '0000-00-00', NULL, '', 'MEDICINA HUMANA', NULL, NULL),
('11400197', 'ADRIANNA ESTELA', 'PONCE', 'GARCÍA', '197', '0000-00-00', NULL, '', 'MEDICINA HUMANA', NULL, NULL),
('11400198', 'LUIS ALBERTO', 'NUÑEZ', 'SALDAÑA', '198', '0000-00-00', NULL, '', 'MEDICINA HUMANA', NULL, NULL),
('11400199', 'KATYA PATRICIA', 'RAMIREZ', 'LUNA', '199', '0000-00-00', NULL, '', 'MEDICINA HUMANA', NULL, NULL),
('11400200', 'NANCY LILIANA', 'SAAVEDRA', 'JIMENEZ', '200', '0000-00-00', NULL, '', 'MEDICINA HUMANA', NULL, NULL),
('11400201', 'KAORI JOSUI', 'MALLQUI', 'KIMURA', '0', '0000-00-00', NULL, '', 'ADMINISTRACIÓN', NULL, NULL),
('11400202', 'FERNANDO ALDAIR', 'MAYO', 'FLORES', '0', '0000-00-00', NULL, '', 'INGENIERÍA CIVIL', NULL, NULL),
('11400203', 'ROGER MIGUEL', 'JAIMES', 'HUERTA', '0', '0000-00-00', NULL, '', 'INGENIERÍA INDUSTRIAL', NULL, NULL),
('11400204', 'ERICK JEAN PIERE', 'ESCOBAR', 'SANTOS', '0', '0000-00-00', NULL, '', 'MEDICINA HUMANA', NULL, NULL),
('11400205', 'PERCY ANDRE', 'QUISPE', 'MUJICA', '0', '0000-00-00', NULL, '', 'EDUCACIÓN FÍSICA Y DEPORTES', NULL, NULL),
('11400206', 'JOFFRE GROVER', 'MELGAREJO', '\"DELA \"\"O\"\"\"', '0', '0000-00-00', NULL, '', 'MEDICINA HUMANA', NULL, NULL),
('11400207', 'KELY ANDREA', 'MALLQUI', 'VILLANUEVA', '0', '0000-00-00', NULL, '', 'ECONOMÍA Y FINANZAS', NULL, NULL),
('11400208', 'XIMENA ALESSANDRA', 'CHÁVEZ', 'ARANIBAR', '0', '0000-00-00', NULL, '', 'MEDICINA HUMANA', NULL, NULL),
('11400209', 'HELEN IRINA', 'LIÑAN', 'FALCÓN', '0', '0000-00-00', NULL, '', 'NEGOCIOS INTERNACIONALES', NULL, NULL),
('11400210', 'DAYSI FLOR', 'OLORTEGUI', 'SANTIAGO', '0', '0000-00-00', NULL, '', 'CIENCIAS CONTABLES Y FINANCIERAS', NULL, NULL),
('11400211', 'FUVIXA MARLENI', 'ARAINGA', 'SAAVEDRA', '0', '0000-00-00', NULL, '', 'MEDICINA HUMANA', NULL, NULL),
('11400212', 'JESSENIA FRANSHESCA', 'BRAVO', 'LÓPEZ', '0', '0000-00-00', NULL, '', 'ECONOMÍA Y FINANZAS', NULL, NULL),
('11400213', 'BRIGHITTE STEPAHANIE', 'INOCENTE', 'HUAMÁN', '0', '0000-00-00', NULL, '', 'ADMINISTRACIÓN', NULL, NULL),
('11400214', 'RODY', 'SÁNCHEZ', 'GONZÁLEZ', '0', '0000-00-00', NULL, '', 'MEDICINA HUMANA', NULL, NULL),
('11400215', 'RUTH YANIRA', 'JULON', 'VARGAS', '0', '0000-00-00', NULL, '', 'CIENCIAS CONTABLES Y FINANCIERAS', NULL, NULL),
('11400216', 'CHRISTIAN ABRAHAM', 'UGARTE', 'INGA', '0', '0000-00-00', NULL, '', 'ECONOMÍA Y FINANZAS', NULL, NULL),
('11400217', 'CARLOS FREDY', 'VERDE', 'VARGAS', '0', '0000-00-00', NULL, '', 'INGENIERÍA CIVIL', NULL, NULL),
('11400218', 'CINTHIA LIZBETH', 'AGURTO', 'CASANI', '0', '0000-00-00', NULL, '', 'ENFERMERÍA', NULL, NULL),
('11400219', 'CHRISTOPHER', 'ORTIZ', 'SANCHEZ', '0', '0000-00-00', NULL, '', 'ENFERMERÍA', NULL, NULL),
('11400220', 'KAREN ROSA', 'PÉREZ', 'PORTILLA', '0', '0000-00-00', NULL, '', 'MEDICINA HUMANA', NULL, NULL),
('11400221', 'BRANDON WILFREDO', 'BAYONA', 'SALVADOR', '0', '0000-00-00', NULL, '', 'MEDICINA HUMANA', NULL, NULL),
('11400222', 'ADHELY JAZMIN', 'CONTRERAS', 'TORRES', '0', '0000-00-00', NULL, '', 'DERECHO Y CIENCIAS POLÍTICAS', NULL, NULL),
('11400223', 'JEAN CARLOS', 'SERNAQUÉ', 'NICHO', '0', '0000-00-00', NULL, '', 'ENFERMERÍA', NULL, NULL),
('11400224', 'SAMIR JORGINHIO', 'RETUERTO', 'SUSANIBAR', '0', '0000-00-00', NULL, '', 'MEDICINA HUMANA', NULL, NULL),
('11400225', 'RONALD ALEXIS', 'CHIRRE', 'RIVERA', '0', '0000-00-00', NULL, '', 'INGENIERÍA CIVIL', NULL, NULL),
('11400226', 'JUDITH LIZBETH', 'CUEVA', 'CHINININ', '0', '0000-00-00', NULL, '', 'AGRONOMÍA', NULL, NULL),
('11400227', 'MARYORI CLAUDIA CELINA', 'ALOR', 'OSORIO', '0', '0000-00-00', NULL, '', 'NEGOCIOS INTERNACIONALES', NULL, NULL),
('11400228', 'JAKELIN JUANA', 'BARRERA', 'TOMAS', '0', '0000-00-00', NULL, '', 'ADMINISTRACIÓN', NULL, NULL),
('11400229', 'YASMÍN MILAGROS', 'CORONADO', 'LA ROSA', '0', '0000-00-00', NULL, '', 'DERECHO Y CIENCIAS POLÍTICAS', NULL, NULL),
('11400230', 'ANEL MAYUMI', 'ESPINOZA', 'SEVILLANO', '0', '0000-00-00', NULL, '', 'DERECHO Y CIENCIAS POLÍTICAS', NULL, NULL),
('11400231', 'DIEGO MARTIN', 'DE LOS SANTOS', 'REYES', '0', '0000-00-00', NULL, '', 'INGENIERÍA DE SISTEMAS', NULL, NULL),
('11400232', 'STEFANY JAHAIRA', 'ORTEGA', 'REYES', '0', '0000-00-00', NULL, '', 'ADMINISTRACIÓN', NULL, NULL),
('11400233', 'CLAUDIA ATENAS', 'ALBINO', 'FLORES', '0', '0000-00-00', NULL, '', 'MEDICINA HUMANA', NULL, NULL),
('11400234', 'HILLARY JUDITH', 'ZAMORA', 'PEREZ', '0', '0000-00-00', NULL, '', 'DERECHO Y CIENCIAS POLÍTICAS', NULL, NULL),
('11400235', 'JESUS JHONATAN', 'LINO', 'PANANA', '0', '0000-00-00', NULL, '', 'NEGOCIOS INTERNACIONALES', NULL, NULL),
('11400236', 'RICARDO ANDRES', 'JIMENEZ', 'SILVA', '0', '0000-00-00', NULL, '', 'MEDICINA HUMANA', NULL, NULL),
('11400237', 'XIOMARA STHEFANIE', 'MINAYA', 'SILENCIO', '0', '0000-00-00', NULL, '', 'EDUCACIÓN INICIAL Y ARTE', NULL, NULL),
('11400238', 'JONATHAN ENRIQUE', 'ORTIZ', 'MATURRANO', '0', '0000-00-00', NULL, '', 'MEDICINA HUMANA', NULL, NULL),
('11400239', 'MARCIA MISHELL', 'ARELLANO', 'OSORIO', '0', '0000-00-00', NULL, '', 'DERECHO Y CIENCIAS POLÍTICAS', NULL, NULL),
('11400240', 'MARILYN ELIZABETH', 'BORJA', 'HIDALGO', '0', '0000-00-00', NULL, '', 'ENFERMERÍA', NULL, NULL),
('11400241', 'OSMARS NEWTON', 'SUMIRE', 'TORRES', '0', '0000-00-00', NULL, '', 'MEDICINA HUMANA', NULL, NULL),
('11400242', 'JUAN ALFREDO', 'ESTUPIÑAN', 'PEÑA', '0', '0000-00-00', NULL, '', 'INGENIERÍA CIVIL', NULL, NULL),
('11400243', 'ANA ROLANDA', 'RÍOS', 'NUÑEZ', '0', '0000-00-00', NULL, '', 'TRABAJO SOCIAL', NULL, NULL),
('11400244', 'PAULINA KREISLER', 'JARA', 'QUENECHE', '0', '0000-00-00', NULL, '', 'MEDICINA HUMANA', NULL, NULL),
('11400245', 'FATIMA LISSETH', 'JUNCO', 'VASQUEZ', '0', '0000-00-00', NULL, '', 'MEDICINA HUMANA', NULL, NULL),
('11400246', 'ROGELIO MAXIMILIANO', 'MONTES', 'CASTRO', '0', '0000-00-00', NULL, '', 'ADMINISTRACIÓN', NULL, NULL),
('11400247', 'NOIME', 'SANTILLAN', 'MEDINA', '0', '0000-00-00', NULL, '', 'TRABAJO SOCIAL', NULL, NULL),
('11400248', 'VICTORIA TERESA', 'FARRO', 'CASTILLO', '0', '0000-00-00', NULL, '', 'DERECHO Y CIENCIAS POLÍTICAS', NULL, NULL),
('11400249', 'DIEGO ALEXIS', 'AGUIRRE', 'NATIVIDAD', '0', '0000-00-00', NULL, '', 'ZOOTECNIA', NULL, NULL),
('11400250', 'LUIS ANDERSON', 'REVOLO', 'BOCANEGRA', '0', '0000-00-00', NULL, '', 'INGENIERÍA AMBIENTAL', NULL, NULL),
('11400251', 'LIDIA BEZABET', 'LUYO', 'HUAYLLANI', '0', '0000-00-00', NULL, '', 'DERECHO Y CIENCIAS POLÍTICAS', NULL, NULL),
('11400252', 'EMILYN ROSA', 'FARRO', 'JESUS', '0', '0000-00-00', NULL, '', 'ENFERMERÍA', NULL, NULL),
('11400253', 'ANA LUZ', 'FERNANDEZ', 'SALVADOR', '0', '0000-00-00', NULL, '', 'MEDICINA HUMANA', NULL, NULL),
('11400254', 'CRISTIAN JOVANNI', 'PRETELL', 'HUERTA', '0', '0000-00-00', NULL, '', 'ADMINISTRACIÓN', NULL, NULL),
('11400255', 'LIZ INES', 'GAMARRA', 'LEÓN', '0', '0000-00-00', NULL, '', 'CIENCIAS CONTABLES Y FINANCIERAS', NULL, NULL),
('11400256', 'MADALEINE RUBI', 'MELO', 'HUAMÁN', '0', '0000-00-00', NULL, '', 'DERECHO Y CIENCIAS POLÍTICAS', NULL, NULL),
('11400257', 'JOSÉ JONATAN', 'CABANILLAS', 'GRADOS', '0', '0000-00-00', NULL, '', 'INGENIERÍA PESQUERA', NULL, NULL),
('11400258', 'JESÚS ALFREDO', 'FLORES', 'CARRILLO', '0', '0000-00-00', NULL, '', 'AGRONOMÍA', NULL, NULL),
('11400259', 'JUNIOR ORLANDO', 'MARZANO', 'MORALES', '0', '0000-00-00', NULL, '', 'INGENIERÍA DE SISTEMAS', NULL, NULL),
('11400260', 'JORGE VICENTE', 'PEÑA', 'OLIVER', '0', '0000-00-00', NULL, '', 'MEDICINA HUMANA', NULL, NULL),
('11400261', 'ROMEL ETELVINO', 'SANCHEZ', 'LLACUASH', '0', '0000-00-00', NULL, '', 'ADMINISTRACIÓN', NULL, NULL),
('11400262', 'ROBERTIHNO FREDY', 'MERCEDES', 'SANTOS', '0', '0000-00-00', NULL, '', 'ECONOMÍA Y FINANZAS', NULL, NULL),
('11400263', 'JORGE ALBERTO ROLANDO', 'SÁNCHEZ', 'CARRILLO', '0', '0000-00-00', NULL, '', 'MEDICINA HUMANA', NULL, NULL),
('11400264', 'NATALY BRIGGITTE', 'MAYO', 'SANTOS', '0', '0000-00-00', NULL, '', 'DERECHO Y CIENCIAS POLÍTICAS', NULL, NULL),
('11400266', 'DIANA FUMIKO', 'TANAKA', 'ROMERO', '0', '0000-00-00', NULL, '', 'MEDICINA HUMANA', NULL, NULL),
('11400267', 'YOSELI ESTHER', 'CORMÁN', 'ATACHAGUA', '0', '0000-00-00', NULL, '', 'CIENCIAS CONTABLES Y FINANCIERAS', NULL, NULL),
('11400268', 'ROXANA MARIBEL', 'INOCENTE', 'CARLOS', '0', '0000-00-00', NULL, '', 'CIENCIAS DE LA COMUNICACIÓN', NULL, NULL),
('11400269', 'ANGELA MARICRUZ', 'MARIN', 'LAJERA', '0', '0000-00-00', NULL, '', 'CIENCIAS CONTABLES Y FINANCIERAS', NULL, NULL),
('11400270', 'FIORELA DEL ROCÍO', 'MARCELO', 'SUAREZ', '0', '0000-00-00', NULL, '', 'CIENCIAS CONTABLES Y FINANCIERAS', NULL, NULL),
('11400271', 'RAUL GERONIMO', 'BLAS', 'AQUINO', '0', '0000-00-00', NULL, '', 'CIENCIAS CONTABLES Y FINANCIERAS', NULL, NULL),
('11400272', 'EMERSON BENITO', 'LEÓN', 'ESPINOZA', '0', '0000-00-00', NULL, '', 'MEDICINA HUMANA', NULL, NULL),
('11400273', 'XIMENA ANTHOANNE', 'CARRILLO', 'BOLIVAR', '0', '0000-00-00', NULL, '', 'DERECHO Y CIENCIAS POLÍTICAS', NULL, NULL),
('11400274', 'MAYRA FÁTIMA', 'LA CRUZ', 'GARCÍA', '0', '0000-00-00', NULL, '', 'EDUCACIÓN INICIAL Y ARTE', NULL, NULL),
('11400275', 'MARITA ESTHER', 'CHUMBES', 'HORNA', '0', '0000-00-00', NULL, '', 'ADMINISTRACIÓN', NULL, NULL),
('11400276', 'EDILBERTO', 'MÁRQUEZ', 'GARCIA', '0', '0000-00-00', NULL, '', 'INGENIERÍA QUÍMICA', NULL, NULL),
('11400277', 'PATRICIA', 'VICTORIO', 'MOZOMBITE', '0', '0000-00-00', NULL, '', 'LENGUA, COMUNICACIÓN E IDIOMA INGLÉS', NULL, NULL),
('11400278', 'JUNIOR ALEXANDER', 'SALGADO', 'FLORES', '0', '0000-00-00', NULL, '', 'AGRONOMÍA', NULL, NULL),
('11400279', 'LAURA ESTEFANY', 'MEZA', 'VILLAFUERTE', '0', '0000-00-00', NULL, '', 'SOCIOLOGÍA', NULL, NULL),
('11400280', 'BRANDON ROLANDO', 'CARRASCO', 'CARRILLO', '0', '0000-00-00', NULL, '', 'DERECHO Y CIENCIAS POLÍTICAS', NULL, NULL),
('11400281', 'CLAUDIA JHOMIRA', 'PEÑA', 'RODRÍGUEZ', '0', '0000-00-00', NULL, '', 'DERECHO Y CIENCIAS POLÍTICAS', NULL, NULL),
('11400282', 'CÉSAR FERNANDO', 'BUSTILLOS', 'BRAVO', '0', '0000-00-00', NULL, '', 'MEDICINA HUMANA', NULL, NULL),
('11400283', 'ROCÍO LILIBETH', 'ANICAMA', 'MENDOZA', '0', '0000-00-00', NULL, '', 'MEDICINA HUMANA', NULL, NULL),
('11400284', 'RONALD PEDRO', 'LEON', 'JUAN DE DIOS', '0', '0000-00-00', NULL, '', 'DERECHO Y CIENCIAS POLÍTICAS', NULL, NULL),
('11400285', 'WENDI BRIGITTE', 'IGNACIO', 'HUACHO', '0', '0000-00-00', NULL, '', 'ENFERMERÍA', NULL, NULL),
('11400287', 'MARCO ANTONIO', 'DOMIGUEZ', 'CARREÑO', '0', '0000-00-00', NULL, '', 'AGRONOMÍA', NULL, NULL),
('11400288', 'GIANMARCO SAIL', 'MENDOZA', 'HARO', '0', '0000-00-00', NULL, '', 'INGENIERÍA AMBIENTAL', NULL, NULL),
('11400289', 'GREISY BEATRIZ', 'CASTILLO', 'OSORIO', '0', '0000-00-00', NULL, '', 'CIENCIAS DE LA COMUNICACIÓN', NULL, NULL),
('11400290', 'SHEYLA ALLISON', 'MARCOS', 'HERNÁNDEZ', '0', '0000-00-00', NULL, '', 'DERECHO Y CIENCIAS POLÍTICAS', NULL, NULL),
('11400291', 'MOISES ROCAEL', 'SORIA', 'CACHA', '0', '0000-00-00', NULL, '', 'INGENIERÍA CIVIL', NULL, NULL),
('11400292', 'JOSÉ JOEL', 'GONZALES', 'DOMENACK', '0', '0000-00-00', NULL, '', 'INGENIERÍA CIVIL', NULL, NULL),
('11400293', 'KEVYN WILDER', 'CERNA', 'LINO', '0', '0000-00-00', NULL, '', 'INGENIERÍA CIVIL', NULL, NULL),
('11400294', 'ANGELA', 'SANDOVAL', 'ZELADA', '0', '0000-00-00', NULL, '', 'MEDICINA HUMANA', NULL, NULL),
('11400295', 'YERSON ANDRÉS', 'FUENTES RIVERA', 'GONZALES', '0', '0000-00-00', NULL, '', 'INGENIERÍA CIVIL', NULL, NULL),
('11400296', 'ALEXANDRA CECILIA', 'MORALES', 'BALMACEDA', '0', '0000-00-00', NULL, '', 'ADMINISTRACIÓN', NULL, NULL),
('11400297', 'ROSSMERY MELISSA', 'BRICEÑO', 'BALMACEDA', '0', '0000-00-00', NULL, '', 'INGENIERÍA EN INDUSTRIAS ALIMENTARIAS', NULL, NULL),
('11400298', 'ALYSSA ROCIO', 'SANTOS', 'PACHECO', '0', '0000-00-00', NULL, '', 'MEDICINA HUMANA', NULL, NULL),
('11400299', 'ROSITA LINDA', 'CAURINO', 'CORPUS', '0', '0000-00-00', NULL, '', 'TRABAJO SOCIAL', NULL, NULL),
('11400300', 'URSULA DEL ROSARIO', 'SANTOS', 'ROMERO', '0', '0000-00-00', NULL, '', 'MEDICINA HUMANA', NULL, NULL),
('11400302', 'OSCAR ALCIDES', 'ROJAS', 'AGURTO', '0', '0000-00-00', NULL, '', 'INGENIERÍA DE SISTEMAS', NULL, NULL),
('11400303', 'JOB CRITÓN', 'ULLOA', 'OSORIO', '0', '0000-00-00', NULL, '', 'INGENIERÍA AMBIENTAL', NULL, NULL),
('11400304', 'FANNY SOLEDAD', 'FABIÁN', 'BERNAL', '0', '0000-00-00', NULL, '', 'INGENIERÍA QUÍMICA', NULL, NULL),
('11400305', 'MARCIAL', 'RAMOS', 'MALDONADO', '0', '0000-00-00', NULL, '', 'INGENIERÍA QUÍMICA', NULL, NULL),
('11400306', 'EVELYN ZUMYCO SOFÍA', 'ZEGARRA', 'SARMIENTO', '0', '0000-00-00', NULL, '', 'INGENIERÍA INDUSTRIAL', NULL, NULL),
('11400307', 'YAQUELINE', 'PALACIOS', 'BITANCUR', '0', '0000-00-00', NULL, '', 'ADMINISTRACIÓN', NULL, NULL),
('11400308', 'FRANCO', 'RAMIS', 'SALAZAR', '0', '0000-00-00', NULL, '', 'CIENCIAS DE LA COMUNICACIÓN', NULL, NULL),
('11400309', 'NATHALY PATRICIA', 'MORALES', 'FARROMEQUE', '0', '0000-00-00', NULL, '', 'MEDICINA HUMANA', NULL, NULL),
('11400310', 'STEFANY MARISOL', 'FARRO', 'FEIJOÓ', '0', '0000-00-00', NULL, '', 'DERECHO Y CIENCIAS POLÍTICAS', NULL, NULL),
('11400311', 'JENIFER JOHANNA', 'VIGO', 'PÉREZ', '0', '0000-00-00', NULL, '', 'NEGOCIOS INTERNACIONALES', NULL, NULL),
('11400312', 'SARA ISABEL', 'HERNÁNDEZ', 'MATÍAS', '0', '0000-00-00', NULL, '', 'EDUCACIÓN INICIAL Y ARTE', NULL, NULL),
('11400313', 'DIANA LISSET', 'SOCLA', 'FERNANDEZ', '0', '0000-00-00', NULL, '', 'ADMINISTRACIÓN', NULL, NULL),
('11400314', 'KAIN ROLLENS', 'PALACIOS', 'APEÑA', '0', '0000-00-00', NULL, '', 'INGENIERÍA CIVIL', NULL, NULL),
('11400315', 'GUADALUPE ANGELA', 'ESPINOZA', 'ROSALES', '0', '0000-00-00', NULL, '', 'TRABAJO SOCIAL', NULL, NULL),
('11400316', 'CAROLINA DEL PILAR', 'VILCA', 'HUASUPOMA', '0', '0000-00-00', NULL, '', 'ENFERMERÍA', NULL, NULL),
('11400317', 'KEYTYLY DIANA', 'VENTOCILLA', 'DOLORES', '0', '0000-00-00', NULL, '', 'ENFERMERÍA', NULL, NULL),
('11400318', 'LIZ VANESSA', 'PERFECTO', 'DURÁN', '0', '0000-00-00', NULL, '', 'INGENIERÍA CIVIL', NULL, NULL),
('11400319', 'ALISON HEIDI', 'RIVAS', 'CANO', '0', '0000-00-00', NULL, '', 'INGENIERÍA AMBIENTAL', NULL, NULL),
('11400320', 'WEIMER MARDELIO', 'MARTEL', 'VARILLAS', '0', '0000-00-00', NULL, '', 'INGENIERÍA CIVIL', NULL, NULL),
('11400321', 'KIMER', 'VARILLAS', 'DAZA', '0', '0000-00-00', NULL, '', 'INGENIERÍA INDUSTRIAL', NULL, NULL),
('11400322', 'GRICELI ARLET', 'TARAZONA', 'DE LA CRUZ', '0', '0000-00-00', NULL, '', 'CIENCIAS CONTABLES Y FINANCIERAS', NULL, NULL),
('11400323', 'ALEXANDER LIBERATO', 'RIOS', 'RAMOS', '0', '0000-00-00', NULL, '', 'CIENCIAS CONTABLES Y FINANCIERAS', NULL, NULL),
('11400324', 'MARIA MELANIE', 'DELGADO', 'DÍAZ', '0', '0000-00-00', NULL, '', 'MEDICINA HUMANA', NULL, NULL),
('11400325', 'STHEFANIE CECILIA', 'GRADOS', 'BALDEOS', '0', '0000-00-00', NULL, '', 'DERECHO Y CIENCIAS POLÍTICAS', NULL, NULL),
('11400327', 'GIULIANNA STÉFANY', 'TRINIDAD', 'SOTA', '0', '0000-00-00', NULL, '', 'NEGOCIOS INTERNACIONALES', NULL, NULL),
('11400328', 'LUIS ANTONIO', 'ALVARADO', 'MAGUIÑA', '0', '0000-00-00', NULL, '', 'INGENIERÍA CIVIL', NULL, NULL),
('11400329', 'SABY HELLEN', 'AGUAYO', 'FLORECIN', '0', '0000-00-00', NULL, '', 'INGENIERÍA DE SISTEMAS', NULL, NULL),
('11400330', 'ALEXANDER SIMON', 'PAUCAR', 'NICHO', '0', '0000-00-00', NULL, '', 'MEDICINA HUMANA', NULL, NULL),
('11400331', 'GROVER MAC', 'FLORECIN', 'MENDIZABAL', '0', '0000-00-00', NULL, '', 'INGENIERÍA CIVIL', NULL, NULL),
('11400332', 'LEPOLDO RICHARD', 'MORENO', 'LICITO', '0', '0000-00-00', NULL, '', 'INGENIERÍA INDUSTRIAL', NULL, NULL),
('11400333', 'GIANFRANCO DANIEL', 'SANTOS', 'SAAVEDRA', '0', '0000-00-00', NULL, '', 'MEDICINA HUMANA', NULL, NULL),
('11400334', 'CHRISTIAN RONALD', 'FLORES', 'CELEDONIO', '0', '0000-00-00', NULL, '', 'MEDICINA HUMANA', NULL, NULL),
('11400335', 'YÉSSICA PAMELA', 'FERNÁNDEZ', 'SANTOS', '0', '0000-00-00', NULL, '', 'ECONOMÍA Y FINANZAS', NULL, NULL),
('11400336', 'LUIS ANGEL', 'TOYCO', 'LÓPEZ', '0', '0000-00-00', NULL, '', 'INGENIERÍA METALÚRGICA', NULL, NULL),
('11400337', 'JESSICA GERALDINE', 'AYALA', 'MELGAREJO', '0', '0000-00-00', NULL, '', 'LENGUA, COMUNICACIÓN E IDIOMA INGLÉS', NULL, NULL),
('11400338', 'MARIO JOEL', 'VIDAL', 'RIMAN', '0', '0000-00-00', NULL, '', 'TRABAJO SOCIAL', NULL, NULL),
('11400340', 'MIRIAM YESENIA', 'LLANCA', 'MENDOZA', '0', '0000-00-00', NULL, '', 'ENFERMERÍA', NULL, NULL),
('11400341', 'JOSHELYN ISABEL', 'LEÓN', 'GAMARRA', '0', '0000-00-00', NULL, '', 'TRABAJO SOCIAL', NULL, NULL),
('11400342', 'CARLA MILAGROS', 'TRANCA', 'CERNA', '0', '0000-00-00', NULL, '', 'TRABAJO SOCIAL', NULL, NULL),
('11400343', 'MIGUEL ALEXANDER', 'DULANTO', 'MORALES', '0', '0000-00-00', NULL, '', 'INGENIERÍA AMBIENTAL', NULL, NULL),
('11400344', 'JHON ANDERSSON', 'MATEO', 'OLIVA', '0', '0000-00-00', NULL, '', 'INGENIERÍA INDUSTRIAL', NULL, NULL),
('11400345', 'MARÍA JAZMIN', 'HIPOLITO', 'ALVARADO', '0', '0000-00-00', NULL, '', 'TRABAJO SOCIAL', NULL, NULL),
('11400346', 'ROXANA ELIZABETH', 'VALENCIA', 'FERNANDEZ', '0', '0000-00-00', NULL, '', 'TRABAJO SOCIAL', NULL, NULL),
('11400347', 'ALEXANDER JOSÉ', 'MECHAN', 'BALVIN', '0', '0000-00-00', NULL, '', 'ADMINISTRACIÓN', NULL, NULL),
('11400348', 'ISABEL KIARA', 'LÁZARO', 'FUNEGRA', '0', '0000-00-00', NULL, '', 'TRABAJO SOCIAL', NULL, NULL),
('11400349', 'RICHARD KEVIN', 'CALERO', 'HUERTA', '0', '0000-00-00', NULL, '', 'ADMINISTRACIÓN', NULL, NULL),
('11400350', 'JEANPIERRE JONATHAN', 'HUERTAS', 'CHACÓN', '0', '0000-00-00', NULL, '', 'ADMINISTRACIÓN', NULL, NULL),
('11400351', 'JORDAN DAVIS', 'DEL CASTILLO', 'JUNCO', '0', '0000-00-00', NULL, '', 'INGENIERÍA CIVIL', NULL, NULL),
('11400352', 'JONATHAN JHANPOLS', 'EVANGELISTA', 'CHAGUA', '0', '0000-00-00', NULL, '', 'INGENIERÍA CIVIL', NULL, NULL),
('11400353', 'ROGELIO ANTONIO', 'MOGOLLON', 'RIMAC', '0', '0000-00-00', NULL, '', 'ADMINISTRACIÓN', NULL, NULL),
('11400354', 'MARYSABEL KIMBERLY', 'FLORES', 'MUNDO', '0', '0000-00-00', NULL, '', 'MEDICINA HUMANA', NULL, NULL),
('11400355', 'ESTEBAN', 'TREJO', 'CALDERÓN', '0', '0000-00-00', NULL, '', 'ZOOTECNIA', NULL, NULL),
('11400356', 'ANGEL OSWALDO', 'CALSIN', 'TARAZONA', '0', '0000-00-00', NULL, '', 'MEDICINA HUMANA', NULL, NULL),
('11400357', 'HENRY WILSON', 'LÓPEZ', 'PRADA', '0', '0000-00-00', NULL, '', 'MEDICINA HUMANA', NULL, NULL),
('11400358', 'JHOSELYN MARYURI', 'BALAVARCA', 'CABREL', '0', '0000-00-00', NULL, '', 'MEDICINA HUMANA', NULL, NULL),
('11400359', 'PAOLA LISBETH', 'CHURRANGO', 'MORALES', '0', '0000-00-00', NULL, '', 'ENFERMERÍA', NULL, NULL),
('11400360', 'WENDY XIOMARA', 'LESCANO', 'RODRIGUEZ', '0', '0000-00-00', NULL, '', 'ADMINISTRACIÓN', NULL, NULL),
('11400361', 'LUZ GERALDINE', 'SOTO', 'FLORES', '0', '0000-00-00', NULL, '', 'ENFERMERÍA', NULL, NULL),
('11400362', 'GEDERLI MIGUEL', 'LÓPEZ', 'MORALES', '0', '0000-00-00', NULL, '', 'INGENIERÍA INFORMÁTICA', NULL, NULL),
('11400363', 'MERCEDES RUBÍ', 'PAJUELO', 'TUYA', '0', '0000-00-00', NULL, '', 'DERECHO Y CIENCIAS POLÍTICAS', NULL, NULL),
('11400364', 'HAROLD BRAN', 'LOZANO', 'NIVIN', '0', '0000-00-00', NULL, '', 'INGENIERÍA INDUSTRIAL', NULL, NULL),
('11400365', 'FERNANDO ALBINO', 'SAMANAMUD', 'LANDA', '0', '0000-00-00', NULL, '', 'ADMINISTRACIÓN', NULL, NULL),
('11400366', 'MARTHA MEDALY', 'PAJUELO', 'LUNA', '0', '0000-00-00', NULL, '', 'DERECHO Y CIENCIAS POLÍTICAS', NULL, NULL),
('11400367', 'EDÚ MICHAELL', 'BARRÓN', 'PIMENTEL', '0', '0000-00-00', NULL, '', 'INGENIERÍA CIVIL', NULL, NULL),
('11400368', 'GONZALO BRAD', 'CORONEL', 'DONAYRE', '0', '0000-00-00', NULL, '', 'AGRONOMÍA', NULL, NULL),
('11400369', 'ANDREA SELENE', 'DOMINGUEZ', 'HUERTAS', '0', '0000-00-00', NULL, '', 'INGENIERÍA INDUSTRIAL', NULL, NULL),
('11400370', 'OSCAR MARTÍN', 'LUNA', 'VIZCONDE', '0', '0000-00-00', NULL, '', 'ADMINISTRACIÓN', NULL, NULL),
('11400371', 'JULIANA AYMÉ', 'LA ROSA', 'GRILLO', '0', '0000-00-00', NULL, '', 'EDUCACIÓN INICIAL Y ARTE', NULL, NULL),
('11400372', 'PIERO SEBASTIAN', 'OLAZÁBAL', 'GUIZADO', '0', '0000-00-00', NULL, '', 'INGENIERÍA DE SISTEMAS', NULL, NULL),
('11400373', 'FANNY MARISSA', 'MONIER', 'LOMPARTE', '0', '0000-00-00', NULL, '', 'MEDICINA HUMANA', NULL, NULL),
('11400375', 'FÉLIX SAMIR', 'QUIRI', 'NICHO', '0', '0000-00-00', NULL, '', 'INGENIERÍA CIVIL', NULL, NULL),
('11400376', 'SARA DEL PILAR', 'GONZÁLES', 'GARCÍA', '0', '0000-00-00', NULL, '', 'MEDICINA HUMANA', NULL, NULL),
('11400377', 'ALEXANDER STEED', 'CARREÑO', 'BAZALAR', '0', '0000-00-00', NULL, '', 'DERECHO Y CIENCIAS POLÍTICAS', NULL, NULL),
('11400378', 'STEFANI ELIZABETH', 'OLIVAS', 'LEÓN', '0', '0000-00-00', NULL, '', 'INGENIERÍA METALÚRGICA', NULL, NULL),
('11400379', 'SUSANA ANDREA', 'HUAMÁN', 'AVILA', '0', '0000-00-00', NULL, '', 'DERECHO Y CIENCIAS POLÍTICAS', NULL, NULL),
('11400380', 'SIMÓN FRANCO', 'FERNANDEZ', 'RIVERA', '0', '0000-00-00', NULL, '', 'MEDICINA HUMANA', NULL, NULL),
('11400381', 'LESSLY MISHELL', 'DONAYRE', 'OCROSPOMA', '0', '0000-00-00', NULL, '', 'DERECHO Y CIENCIAS POLÍTICAS', NULL, NULL),
('11400382', 'MARITZA GIANINA', 'SIERRA', 'RAMÍREZ', '0', '0000-00-00', NULL, '', 'INGENIERÍA AMBIENTAL', NULL, NULL),
('11400383', 'SUSANA', 'PANTOJA', 'DOMINGUEZ', '0', '0000-00-00', NULL, '', 'DERECHO Y CIENCIAS POLÍTICAS', NULL, NULL),
('11400384', 'GREYS JENIFER', 'JUAN DE DIOS', 'VILLANUEVA', '0', '0000-00-00', NULL, '', 'INGENIERÍA INDUSTRIAL', NULL, NULL),
('11400385', 'MARCO ANTONIO MIRKO', 'MAQUERA', 'LLANO', '0', '0000-00-00', NULL, '', 'INGENIERÍA METALÚRGICA', NULL, NULL),
('11400386', 'ALVARO ENRIQUE', 'PONCE DE LEON', 'FRANCIA', '0', '0000-00-00', NULL, '', 'MEDICINA HUMANA', NULL, NULL),
('11400387', 'ELIZABETH PAMELA', 'ATALAYA', 'MARTINEZ', '0', '0000-00-00', NULL, '', 'ENFERMERÍA', NULL, NULL),
('11400388', 'ALESSANDRA', 'BUSTAMANTE', 'MARTEL', '0', '0000-00-00', NULL, '', 'NEGOCIOS INTERNACIONALES', NULL, NULL),
('11400389', 'BRYAN WILFREDO', 'QUISPE', 'CHILET', '0', '0000-00-00', NULL, '', 'INGENIERÍA CIVIL', NULL, NULL),
('11400390', 'CECILIA DEL PILAR', 'UCULMANA', 'MANDAMIENTO', '0', '0000-00-00', NULL, '', 'ENFERMERÍA', NULL, NULL),
('11400391', 'DEIBY ALEXANDER', 'MELÉNDEZ', 'CABALLERO', '0', '0000-00-00', NULL, '', 'DERECHO Y CIENCIAS POLÍTICAS', NULL, NULL),
('11400392', 'THALIA LUCERO', 'ESPINOZA', 'RIVERA', '0', '0000-00-00', NULL, '', 'ADMINISTRACIÓN', NULL, NULL),
('11400393', 'ADA ESPERANZA', 'VILLANUEVA', 'ESTUPIÑAN', '0', '0000-00-00', NULL, '', 'MEDICINA HUMANA', NULL, NULL),
('11400394', 'YANYRA GRACIELA', 'APOLINARIO', 'ANTAURCO', '0', '0000-00-00', NULL, '', 'INGENIERÍA INDUSTRIAL', NULL, NULL),
('11400395', 'OLGA LUCERO', 'BERNABÉ', 'GAVINO', '0', '0000-00-00', NULL, '', 'INGENIERÍA DE SISTEMAS', NULL, NULL),
('11400396', 'VICTOR HUGO', 'CASTILLEJO', 'TORRES', '0', '0000-00-00', NULL, '', 'INGENIERÍA CIVIL', NULL, NULL),
('11400397', 'ERICK GIANCARLO', 'DÍAZ', 'VERÁSTEGUI', '0', '0000-00-00', NULL, '', 'CIENCIAS CONTABLES Y FINANCIERAS', NULL, NULL),
('11400398', 'GUIANELLA ROXANA', 'CARRANZA', 'FELLES', '0', '0000-00-00', NULL, '', 'MEDICINA HUMANA', NULL, NULL),
('11400399', 'MARCIA ALEJANDRA', 'MORALES', 'BELTRÁN', '0', '0000-00-00', NULL, '', 'TURISMO Y HOTELERÍA', NULL, NULL),
('11400400', 'KATHERINE ROSSMARY', 'HUERTAS', 'ALVA', '0', '0000-00-00', NULL, '', 'MEDICINA HUMANA', NULL, NULL),
('11400401', 'OSCAR FRANCISCO', 'FLORES', 'PEREA', '0', '0000-00-00', NULL, '', 'INGENIERÍA INDUSTRIAL', NULL, NULL),
('11400402', 'CINDY DANIELA', 'MEJÍA', 'LÁZARO', '0', '0000-00-00', NULL, '', 'ADMINISTRACIÓN', NULL, NULL),
('11400403', 'CRISTHIAN ALEXIS', 'TARDÍO', 'CHUMBES', '0', '0000-00-00', NULL, '', 'NEGOCIOS INTERNACIONALES', NULL, NULL),
('11400404', 'NAYDÚ ASTRIO', 'URIBE', 'MARTINEZ', '0', '0000-00-00', NULL, '', 'MEDICINA HUMANA', NULL, NULL),
('11400405', 'BEATRIS YOVANA', 'LÁZARO', 'ROMERO', '0', '0000-00-00', NULL, '', 'INGENIERÍA AMBIENTAL', NULL, NULL),
('11400406', 'JUDITH ESMERALDA', 'YANAC', 'CAMPOS', '0', '0000-00-00', NULL, '', 'ADMINISTRACIÓN', NULL, NULL),
('11400407', 'DISBET ANGELICA', 'DOLORES', 'LÓPEZ', '0', '0000-00-00', NULL, '', 'ADMINISTRACIÓN', NULL, NULL),
('11400408', 'GUADALUPE', 'QUISPE', 'REYES', '0', '0000-00-00', NULL, '', 'INGENIERÍA EN INDUSTRIAS ALIMENTARIAS', NULL, NULL),
('11400409', 'ASTRYA ANTONELLA', 'VILCHEZ', 'MATOS', '0', '0000-00-00', NULL, '', 'BROMATOLOGÍA Y NUTRICIÓN', NULL, NULL),
('11400410', 'AME JOHANNA', 'PUJADAS', 'BARZOLA', '0', '0000-00-00', NULL, '', 'ADMINISTRACIÓN', NULL, NULL),
('11400411', 'SELENE MARISOL', 'ANDAVIZA', 'ESPINOZA', '0', '0000-00-00', NULL, '', 'DERECHO Y CIENCIAS POLÍTICAS', NULL, NULL),
('11400412', 'JACKELINE EVA', 'ABARCA', 'TIPO', '0', '0000-00-00', NULL, '', 'INGENIERÍA DE SISTEMAS', NULL, NULL),
('11400413', 'CAMILA ALESSANDRA', 'RATTO', 'CALVO', '0', '0000-00-00', NULL, '', 'DERECHO Y CIENCIAS POLÍTICAS', NULL, NULL),
('11400414', 'GRECIA XIMENA', 'RATTO', 'CALVO', '0', '0000-00-00', NULL, '', 'INGENIERÍA CIVIL', NULL, NULL),
('11400415', 'JACQUELINE ELVIRA', 'MATOS', 'GARAY', '0', '0000-00-00', NULL, '', 'ENFERMERÍA', NULL, NULL),
('11400416', 'BRILLIT CATERY', 'HUERTAS', 'SOLIS', '0', '0000-00-00', NULL, '', 'DERECHO Y CIENCIAS POLÍTICAS', NULL, NULL),
('11400417', 'JANET MAGDALENA', 'ZAPATA', 'ARIAS', '0', '0000-00-00', NULL, '', 'BROMATOLOGÍA Y NUTRICIÓN', NULL, NULL),
('11400418', 'CARLOTA GERALDINE', 'ZERILLO', 'GARCÍA', '0', '0000-00-00', NULL, '', 'CIENCIAS DE LA COMUNICACIÓN', NULL, NULL),
('11400420', 'MARYORIT SUGEY', 'GARCIA', 'FLORES', '0', '0000-00-00', NULL, '', 'ENFERMERÍA', NULL, NULL),
('11400421', 'ROSSEMARY JHOSELYN', 'DE LA ROSA', 'MOY', '0', '0000-00-00', NULL, '', 'MEDICINA HUMANA', NULL, NULL),
('11400422', 'JASON ADRIAN', 'MINAYA', 'CACEDA', '0', '0000-00-00', NULL, '', 'AGRONOMÍA', NULL, NULL),
('11400423', 'DAYSI JESÚS', 'SALAZAR', 'ABANTO', '0', '0000-00-00', NULL, '', 'DERECHO Y CIENCIAS POLÍTICAS', NULL, NULL),
('11400424', 'BRENDA ALEJANDRA', 'FLORES', 'ALLCCACO', '0', '0000-00-00', NULL, '', 'INGENIERÍA CIVIL', NULL, NULL),
('11400425', 'KATHERIN MORAIMA', 'GAMARRA', 'GARCÍA', '0', '0000-00-00', NULL, '', 'ADMINISTRACIÓN', NULL, NULL),
('11400426', 'GINA DENISSE', 'AMADO', 'CABREL', '0', '0000-00-00', NULL, '', 'ZOOTECNIA', NULL, NULL),
('11400427', 'GUILLERMINA ANA', 'SÁNCHEZ', 'NARVASTA', '0', '0000-00-00', NULL, '', 'TRABAJO SOCIAL', NULL, NULL),
('11400428', 'CARLOMAGNO JESÚS', 'FIGUEROA', 'VILLARREAL', '0', '0000-00-00', NULL, '', 'INGENIERÍA CIVIL', NULL, NULL),
('11400429', 'THALIA GRACIELA', 'VALLEJOS', 'CHIRITO', '0', '0000-00-00', NULL, '', 'CIENCIAS CONTABLES Y FINANCIERAS', NULL, NULL),
('11400430', 'EMELY', 'VEGA', 'GÓMEZ', '0', '0000-00-00', NULL, '', 'INGENIERÍA INDUSTRIAL', NULL, NULL),
('11400431', 'ARIANA ALEXANDRA', 'CORAL', 'PÉREZ', '0', '0000-00-00', NULL, '', 'EDUCACIÓN INICIAL Y ARTE', NULL, NULL),
('11400432', 'ANDERSON ERICK', 'RIOS', 'ECHEGARAY', '0', '0000-00-00', NULL, '', 'INGENIERÍA ELECTRÓNICA', NULL, NULL),
('11400433', 'MAGDALENA CATY', 'PINO', 'VILLANERA', '0', '0000-00-00', NULL, '', 'ADMINISTRACIÓN', NULL, NULL);
INSERT INTO `alumno` (`codalumno`, `nombrealumno`, `apaterno`, `amaterno`, `dni`, `fecha_nacimiento`, `fotoalumno`, `correo`, `escuela_nombre`, `codAula`, `codSede`) VALUES
('11400434', 'HILDA BRIGITH', 'AVILA', 'LOPEZ', '0', '0000-00-00', NULL, '', 'ECONOMÍA Y FINANZAS', NULL, NULL),
('11400435', 'GUSTAVO RAÚL', 'PACORA', 'BRAVO', '0', '0000-00-00', NULL, '', 'ADMINISTRACIÓN', NULL, NULL),
('11400436', 'MARKOS ANTONIO', 'CALLA', 'JAIMES', '0', '0000-00-00', NULL, '', 'ADMINISTRACIÓN', NULL, NULL),
('11400437', 'CARLOS MARTIN', 'FEDALTO', 'ARCE', '0', '0000-00-00', NULL, '', 'ECONOMÍA Y FINANZAS', NULL, NULL),
('11400438', 'JUDY RUTH', 'SANCHEZ', 'ESPINOZA', '0', '0000-00-00', NULL, '', 'DERECHO Y CIENCIAS POLÍTICAS', NULL, NULL),
('11400439', 'PEDRO JULIO', 'CHÁVEZ', 'HUAYNACAQUI', '0', '0000-00-00', NULL, '', 'INGENIERÍA INDUSTRIAL', NULL, NULL),
('11400440', 'BRYAN ALEXIS', 'HUAMÁN', 'RAMIREZ', '0', '0000-00-00', NULL, '', 'ENFERMERÍA', NULL, NULL),
('11400441', 'GROVER EIVER', 'PASCACIO', 'ESPINOZA', '0', '0000-00-00', NULL, '', 'ADMINISTRACIÓN', NULL, NULL),
('11400442', 'YESSENIA GISELA', 'ROJAS', 'ATALAYA', '0', '0000-00-00', NULL, '', 'NEGOCIOS INTERNACIONALES', NULL, NULL),
('11400443', 'CARLOS', 'ISIQUE', 'ORDOÑES', '0', '0000-00-00', NULL, '', 'CIENCIAS CONTABLES Y FINANCIERAS', NULL, NULL),
('11400444', 'MAX ALEXANDER', 'TRINIDAD', 'ANDRES', '0', '0000-00-00', NULL, '', 'CIENCIAS DE LA COMUNICACIÓN', NULL, NULL),
('11400445', 'CATRIEL ANTHONY', 'MORALES', 'TREJO', '0', '0000-00-00', NULL, '', 'ENFERMERÍA', NULL, NULL),
('11400446', 'NATALY KELITA', 'BARDALES', 'UGARTE', '0', '0000-00-00', NULL, '', 'ENFERMERÍA', NULL, NULL),
('11400447', 'ELIZABETH VIRGILIA', 'GUERRA', 'CORTÉZ', '0', '0000-00-00', NULL, '', 'CIENCIAS CONTABLES Y FINANCIERAS', NULL, NULL),
('11400448', 'CINTHIA STEPHANIE', 'TÁVARA', 'ALVAREZ', '0', '0000-00-00', NULL, '', 'CIENCIAS CONTABLES Y FINANCIERAS', NULL, NULL),
('11400449', 'PEDRO BRYAN', 'ABAD', 'ABAD', '0', '0000-00-00', NULL, '', 'INGENIERÍA AMBIENTAL', NULL, NULL),
('11400450', 'DIEGO AARÓN', 'ARELLANO', 'LEÓN', '0', '0000-00-00', NULL, '', 'INGENIERÍA DE SISTEMAS', NULL, NULL),
('11400451', 'CARLOS PAUL', 'CARRILLO', 'GAMARRA', '0', '0000-00-00', NULL, '', 'MEDICINA HUMANA', NULL, NULL),
('11400452', 'MILLER YERSON', 'CONDORI', 'MARCELO', '0', '0000-00-00', NULL, '', 'DERECHO Y CIENCIAS POLÍTICAS', NULL, NULL),
('11400453', 'DIEGO ALONZO', 'NAVARRO', 'CHILET', '0', '0000-00-00', NULL, '', 'INGENIERÍA CIVIL', NULL, NULL),
('11400454', 'ALDAIR SEBASTIAN ULISES', 'SAENZ', 'HUERTA', '0', '0000-00-00', NULL, '', 'MEDICINA HUMANA', NULL, NULL),
('11400455', 'RICHARD EDUARDO', 'ROJAS', 'CHINGA', '0', '0000-00-00', NULL, '', 'INGENIERÍA PESQUERA', NULL, NULL),
('11400456', 'PAULETTE YAHAIRA', 'LUNA', 'CANTO', '0', '0000-00-00', NULL, '', 'DERECHO Y CIENCIAS POLÍTICAS', NULL, NULL),
('11400457', 'VIVIAN VANESSA', 'AZAÑA', 'CANTO', '0', '0000-00-00', NULL, '', 'MEDICINA HUMANA', NULL, NULL),
('11400458', 'NEEL ADRIANO', 'PACHECO', 'REYES', '0', '0000-00-00', NULL, '', 'MEDICINA HUMANA', NULL, NULL),
('11400459', 'DAVID JHOEL', 'GARCIA', 'VILLENA', '0', '0000-00-00', NULL, '', 'DERECHO Y CIENCIAS POLÍTICAS', NULL, NULL),
('11400460', 'MILCA LUISA MARÍA', 'CELMI', 'CORDERO', '0', '0000-00-00', NULL, '', 'MEDICINA HUMANA', NULL, NULL),
('11400461', 'DAVID WILLIAMS JOSÉ', 'ROMERO', 'BAZALAR', '0', '0000-00-00', NULL, '', 'INGENIERÍA DE SISTEMAS', NULL, NULL),
('11400462', 'BRYAN WALDIR', 'MAGUIÑA', 'TRUJILLO', '0', '0000-00-00', NULL, '', 'MEDICINA HUMANA', NULL, NULL),
('11400463', 'NATHALY DEL ROSARIO', 'MAGUIÑA', 'TRUJILLO', '0', '0000-00-00', NULL, '', 'ENFERMERÍA', NULL, NULL),
('11400464', 'KEVIN ALFREDO', 'CHIRRE', 'SERNA', '0', '0000-00-00', NULL, '', 'ADMINISTRACIÓN', NULL, NULL),
('11400465', 'ANDY BRANDON', 'CHIRRE', 'SERNA', '0', '0000-00-00', NULL, '', 'NEGOCIOS INTERNACIONALES', NULL, NULL),
('11400466', 'EDIBERTO ERALDO', 'PALACIOS', 'DELGADILLO', '0', '0000-00-00', NULL, '', 'INGENIERÍA INDUSTRIAL', NULL, NULL),
('11400467', 'DEISY MARÍA', 'TELLO', 'CUEVA', '0', '0000-00-00', NULL, '', 'ENFERMERÍA', NULL, NULL),
('11400468', 'CATTIA MEDALIT', 'OBISPO', 'RUIZ', '0', '0000-00-00', NULL, '', 'MEDICINA HUMANA', NULL, NULL),
('11400469', 'RAFAEL ARMANDO', 'ORTIZ', 'MACARLUPÚ', '0', '0000-00-00', NULL, '', 'DERECHO Y CIENCIAS POLÍTICAS', NULL, NULL),
('11400470', 'CRISTHIAN EDUARDO', 'VARGAS', 'COLLANTES', '0', '0000-00-00', NULL, '', 'MEDICINA HUMANA', NULL, NULL),
('11400471', 'PAMELA MERCEDES', 'CHERREPANO', 'VALLADARES', '0', '0000-00-00', NULL, '', 'EDUCACIÓN INICIAL Y ARTE', NULL, NULL),
('11400472', 'CRISTHIAM DANY', 'COTRINA', 'CRUZ', '0', '0000-00-00', NULL, '', 'MEDICINA HUMANA', NULL, NULL),
('11400473', 'MARIANA MARITZA', 'CHALAN', 'BAUTISTA', '0', '0000-00-00', NULL, '', 'INGENIERÍA QUÍMICA', NULL, NULL),
('11400474', 'YESSABELL MILENA', 'ROMERO', 'CANALES', '0', '0000-00-00', NULL, '', 'NEGOCIOS INTERNACIONALES', NULL, NULL),
('11400475', 'JAIRO HEITOR EDÚ', 'MENDOZA', 'RAMIREZ', '0', '0000-00-00', NULL, '', 'CIENCIAS DE LA COMUNICACIÓN', NULL, NULL),
('11400476', 'JOHANNA MISHELL', 'SIFUENTES', 'MARTÍNEZ', '0', '0000-00-00', NULL, '', 'INGENIERÍA INDUSTRIAL', NULL, NULL),
('11400477', 'ALEJANDRA ELIZABETH', 'SUÁREZ', 'QUINECHE', '0', '0000-00-00', NULL, '', 'ADMINISTRACIÓN', NULL, NULL),
('11400478', 'KRISTEL MADELEYNE', 'CARHUAJULCA', 'IBARRA', '0', '0000-00-00', NULL, '', 'MEDICINA HUMANA', NULL, NULL),
('11400479', 'GEORGE ANTHONY', 'QUISPE', 'IMÁN', '0', '0000-00-00', NULL, '', 'INGENIERÍA CIVIL', NULL, NULL),
('11400480', 'BRYAN MARIO', 'INGA', 'RUBINA', '0', '0000-00-00', NULL, '', 'ADMINISTRACIÓN', NULL, NULL),
('11400481', 'ALEXIS FERNANDO', 'AZABACHE', 'QUINECHE', '0', '0000-00-00', NULL, '', 'INGENIERÍA INDUSTRIAL', NULL, NULL),
('11400482', 'OMAR RENATO', 'ROSAS', 'BERRIOS', '0', '0000-00-00', NULL, '', 'BROMATOLOGÍA Y NUTRICIÓN', NULL, NULL),
('11400483', 'WHALDO FRANCO', 'CONDOR', 'FLORES', '0', '0000-00-00', NULL, '', 'INGENIERÍA ELECTRÓNICA', NULL, NULL),
('11400484', 'JUAN DIEGO', 'CABREL', 'SAAVEDRA', '0', '0000-00-00', NULL, '', 'INGENIERÍA CIVIL', NULL, NULL),
('11400485', 'JEAN STIVEN', 'CHACÓN', 'OSORIO', '0', '0000-00-00', NULL, '', 'INGENIERÍA METALÚRGICA', NULL, NULL),
('11400486', 'LUIS KENYI', 'VILCHEZ', 'GONZALES', '0', '0000-00-00', NULL, '', 'INGENIERÍA CIVIL', NULL, NULL),
('11400487', 'CAROL ELIZABETH', 'ORTIZ', 'CRUZ', '0', '0000-00-00', NULL, '', 'BROMATOLOGÍA Y NUTRICIÓN', NULL, NULL),
('11400488', 'JHOSSELYN', 'CHACÓN', 'CONCHUCOS', '0', '0000-00-00', NULL, '', 'INGENIERÍA CIVIL', NULL, NULL),
('11400489', 'CÉSAR EDUARDO', 'HERMENEGILDO', 'CARQUIN', '0', '0000-00-00', NULL, '', 'INGENIERÍA CIVIL', NULL, NULL),
('11400490', 'PAOLA DE LOS MILAGROS', 'MORALES', 'NONATO', '0', '0000-00-00', NULL, '', 'MEDICINA HUMANA', NULL, NULL),
('11400491', 'ANDREA BIBI', 'TAFUR', 'TORO', '0', '0000-00-00', NULL, '', 'ADMINISTRACIÓN', NULL, NULL),
('11400492', 'WENDY CECILIA', 'SANCARRANCO', 'NAZARIO', '0', '0000-00-00', NULL, '', 'ADMINISTRACIÓN', NULL, NULL),
('11400493', 'CRISTIAN EDUARDO', 'MAGALLANES', 'QUIROZ', '0', '0000-00-00', NULL, '', 'INGENIERÍA CIVIL', NULL, NULL),
('11400494', 'MARÍA INMACULADA', 'GAITAN', 'OLIVAS', '0', '0000-00-00', NULL, '', 'MEDICINA HUMANA', NULL, NULL),
('11400495', 'MARGOT MAGDALENA', 'BLAS', 'ORTIZ', '0', '0000-00-00', NULL, '', 'DERECHO Y CIENCIAS POLÍTICAS', NULL, NULL),
('11400496', 'ELIAQUIN ABIMAEL', 'INOCENTE', 'ESPINOZA', '0', '0000-00-00', NULL, '', 'MEDICINA HUMANA', NULL, NULL),
('11400497', 'ALITHU HEISY', 'BARRERA', 'ROMERO', '0', '0000-00-00', NULL, '', 'ENFERMERÍA', NULL, NULL),
('11400498', 'MIRTHA ROCIO', 'PANDAL', 'TRUYENQUE', '0', '0000-00-00', NULL, '', 'ADMINISTRACIÓN', NULL, NULL),
('11400499', 'LUCÍA MAYRA', 'MÉNDEZ', 'GUERRA', '0', '0000-00-00', NULL, '', 'ENFERMERÍA', NULL, NULL),
('11400500', 'MIRELLA DEL ROCIO', 'RUIZ', 'ELIAS', '0', '0000-00-00', NULL, '', 'ENFERMERÍA', NULL, NULL),
('11400501', 'KEVIN JOSEPH STEVEN', 'MARCOS', 'TOLENTINO', '0', '0000-00-00', NULL, '', 'CIENCIAS CONTABLES Y FINANCIERAS', NULL, NULL),
('11400502', 'CHRISTOPHER JUNIOR', 'VÁSQUEZ', 'LÓPEZ', '0', '0000-00-00', NULL, '', 'INGENIERÍA DE SISTEMAS', NULL, NULL),
('11400503', 'ALONSO RAFAEL', 'VENTURA', 'YON', '0', '0000-00-00', NULL, '', 'ENFERMERÍA', NULL, NULL),
('11400504', 'KARLA EDÍTH', 'BAZALAR', 'RUEDA', '0', '0000-00-00', NULL, '', 'BROMATOLOGÍA Y NUTRICIÓN', NULL, NULL),
('11400505', 'GIANFRANCO JOSUE', 'RIVERA', 'FLORES', '0', '0000-00-00', NULL, '', 'CIENCIAS DE LA COMUNICACIÓN', NULL, NULL),
('11400506', 'JHONEL', 'TRUJILLO', 'ORTIZ', '0', '0000-00-00', NULL, '', 'INGENIERÍA CIVIL', NULL, NULL),
('11400507', 'YULISSA MERARY', 'MOLINA', 'HUARAC', '0', '0000-00-00', NULL, '', 'INGENIERÍA METALÚRGICA', NULL, NULL),
('11400508', 'SONIA MARISELA', 'MONSALVE', 'RODRÍGUEZ', '0', '0000-00-00', NULL, '', 'DERECHO Y CIENCIAS POLÍTICAS', NULL, NULL),
('11400509', 'EVELYN CRISTINA', 'DE LOS SANTOS', 'CHARCA', '0', '0000-00-00', NULL, '', 'EDUCACIÓN INICIAL Y ARTE', NULL, NULL),
('11400510', 'KENNY', 'CHAVEZ', 'AGREDA', '0', '0000-00-00', NULL, '', 'INGENIERÍA CIVIL', NULL, NULL),
('11400511', 'LUCELY FREEYSY', 'LUQUE', 'BAJONERO', '0', '0000-00-00', NULL, '', 'MEDICINA HUMANA', NULL, NULL),
('11400512', 'KELLY RAQUEL', 'COSME', 'MÉNDEZ', '0', '0000-00-00', NULL, '', 'INGENIERÍA DE SISTEMAS', NULL, NULL),
('11400513', 'MALÚ MARILYN', 'RAMIREZ', 'QUINTEROS', '0', '0000-00-00', NULL, '', 'MEDICINA HUMANA', NULL, NULL),
('11400514', 'MERLYN CAROLINA', 'SUÁREZ', 'MELÉNDEZ', '0', '0000-00-00', NULL, '', 'CIENCIAS DE LA COMUNICACIÓN', NULL, NULL),
('11400515', 'MIGUEL ANTONIO', 'BENITES', 'MORI', '0', '0000-00-00', NULL, '', 'AGRONOMÍA', NULL, NULL),
('11400516', 'ANDREA DEL ROSARIO', 'RODRIGUEZ', 'DÍAZ', '0', '0000-00-00', NULL, '', 'DERECHO Y CIENCIAS POLÍTICAS', NULL, NULL),
('11400517', 'ORIETTA MARJORIE', 'HUAVIL', 'CASTRO', '0', '0000-00-00', NULL, '', 'MEDICINA HUMANA', NULL, NULL),
('11400518', 'SUSAN KAREN', 'SÁNCHEZ', 'CÓNDOR', '0', '0000-00-00', NULL, '', 'EDUCACIÓN INICIAL Y ARTE', NULL, NULL),
('11400519', 'DIEGO', 'QUENAYA', 'RIVERA', '0', '0000-00-00', NULL, '', 'INGENIERÍA AMBIENTAL', NULL, NULL),
('11400520', 'DANI', 'MENDOZA', 'GARCÍA', '0', '0000-00-00', NULL, '', 'INGENIERÍA AMBIENTAL', NULL, NULL),
('11400521', 'DANTE', 'LOPEZ', 'VEGA', '0', '0000-00-00', NULL, '', 'CIENCIAS CONTABLES Y FINANCIERAS', NULL, NULL),
('11400522', 'ELDIN CLINTON', 'CASTILLO', 'GERVACIO', '0', '0000-00-00', NULL, '', 'DERECHO Y CIENCIAS POLÍTICAS', NULL, NULL),
('11400524', 'YEYSON REINALDO', 'AREVALO', 'OYOLA', '0', '0000-00-00', NULL, '', 'INGENIERÍA CIVIL', NULL, NULL),
('11400525', 'STEEVEN JAVIER', 'TAMARA', 'CARLOS', '0', '0000-00-00', NULL, '', 'INGENIERÍA INDUSTRIAL', NULL, NULL),
('11400526', 'CRISTEL NASH', 'SANTILLAN', 'PORTILLA', '0', '0000-00-00', NULL, '', 'INGENIERÍA CIVIL', NULL, NULL),
('11400527', 'HILSON PIERRE', 'ASENCIO', 'JIMÉNEZ', '0', '0000-00-00', NULL, '', 'MEDICINA HUMANA', NULL, NULL),
('11400528', 'JORGE ALEXIS', 'PALOMINO', 'MENDOZA', '0', '0000-00-00', NULL, '', 'INGENIERÍA INDUSTRIAL', NULL, NULL),
('11400529', 'ALFREDO GUILLERMO', 'VILCA', 'MARIANO', '0', '0000-00-00', NULL, '', 'INGENIERÍA QUÍMICA', NULL, NULL),
('11400530', 'ARLENY IRIS GABRIELA', 'CHUMBES', 'REYES', '0', '0000-00-00', NULL, '', 'INGENIERÍA CIVIL', NULL, NULL),
('11400531', 'LUIS ANTHONY', 'MELÉNDEZ', 'CHINGA', '0', '0000-00-00', NULL, '', 'INGENIERÍA CIVIL', NULL, NULL),
('11400532', 'URIAS VIRGILIO', 'ESPINOZA', 'SANTOS', '0', '0000-00-00', NULL, '', 'ADMINISTRACIÓN', NULL, NULL),
('11400533', 'KAREN ALISSON', 'CALDERÓN', 'DELGADO', '0', '0000-00-00', NULL, '', 'DERECHO Y CIENCIAS POLÍTICAS', NULL, NULL),
('11400534', 'ANDREA BRILLITT', 'OCHOA', 'GONZALES', '0', '0000-00-00', NULL, '', 'ENFERMERÍA', NULL, NULL),
('11400535', 'ALBERTO SAÚL', 'ESPINOZA', 'PAICO', '0', '0000-00-00', NULL, '', 'NEGOCIOS INTERNACIONALES', NULL, NULL),
('11400536', 'JHON ALEXIS', 'HERMITAÑO', 'ROQUE', '0', '0000-00-00', NULL, '', 'INGENIERÍA INDUSTRIAL', NULL, NULL),
('11400537', 'LEO GONZÁLO', 'SALVATIERRA', 'SOLÓRZANO', '0', '0000-00-00', NULL, '', 'ADMINISTRACIÓN', NULL, NULL),
('11400538', 'KEVIN', 'GARAY', 'LOLY', '0', '0000-00-00', NULL, '', 'CIENCIAS CONTABLES Y FINANCIERAS', NULL, NULL),
('11400539', 'JEYSON MANUEL', 'LÓPEZ', 'JULCA', '0', '0000-00-00', NULL, '', 'INGENIERÍA DE SISTEMAS', NULL, NULL),
('11400540', 'JEAN PIERRE', 'RODRIGUEZ', 'BAYONA', '0', '0000-00-00', NULL, '', 'MEDICINA HUMANA', NULL, NULL),
('11400541', 'LUIS ANTONIO', 'MATIAS', 'SILVA', '0', '0000-00-00', NULL, '', 'CIENCIAS CONTABLES Y FINANCIERAS', NULL, NULL),
('11400542', 'LIZ JACKELINE', 'TREJO', 'BAZÁN', '0', '0000-00-00', NULL, '', 'TRABAJO SOCIAL', NULL, NULL),
('11400543', 'HANS FRANCESSCO', 'ALBUJAR', 'ROJAS', '0', '0000-00-00', NULL, '', 'LENGUA, COMUNICACIÓN E IDIOMA INGLÉS', NULL, NULL),
('11400544', 'YELITSA YOLETTY', 'BAZALAR', 'NUÑEZ', '0', '0000-00-00', NULL, '', 'ENFERMERÍA', NULL, NULL),
('11400545', 'YUNIOR JOSUE', 'POPAYAN', 'VALVERDE', '0', '0000-00-00', NULL, '', 'MEDICINA HUMANA', NULL, NULL),
('11400546', 'CESAR AUGUSTO', 'CHACÓN', 'SAAVEDRA', '0', '0000-00-00', NULL, '', 'AGRONOMÍA', NULL, NULL),
('11400547', 'DFANIELA BRIGGIT', 'RIOS', 'CHINGA', '0', '0000-00-00', NULL, '', 'TRABAJO SOCIAL', NULL, NULL),
('11400548', 'JHEYSON JOSEMARIA', 'OLIVAS', 'IPANAQUE', '0', '0000-00-00', NULL, '', 'INGENIERÍA CIVIL', NULL, NULL),
('11400549', 'OSCAR ADAN', 'SERPA', 'PAZ', '0', '0000-00-00', NULL, '', 'INGENIERÍA DE SISTEMAS', NULL, NULL),
('11400550', 'EDGAR EDUARDO', 'SILVA', 'MEDINA', '0', '0000-00-00', NULL, '', 'INGENIERÍA CIVIL', NULL, NULL),
('11400551', 'ANA CECILIA', 'LA ROSA', 'SALCEDO', '0', '0000-00-00', NULL, '', 'CIENCIAS DE LA COMUNICACIÓN', NULL, NULL),
('11400552', 'BRENDA STEFANY', 'CASTILLO', 'CORZO', '0', '0000-00-00', NULL, '', 'TRABAJO SOCIAL', NULL, NULL),
('11400553', 'JESÚS ALBERTO', 'SIFUENTES', 'ORE', '0', '0000-00-00', NULL, '', 'NEGOCIOS INTERNACIONALES', NULL, NULL),
('11400554', 'ESTHER AURORA', 'SÁNCHEZ', 'VILLAFUERTE', '0', '0000-00-00', NULL, '', 'DERECHO Y CIENCIAS POLÍTICAS', NULL, NULL),
('11400555', 'DANIELA', 'REYES', 'MENDOZA', '0', '0000-00-00', NULL, '', 'ADMINISTRACIÓN', NULL, NULL),
('11400556', 'SUSAN ALEXANDRA', 'OLARTE', 'ERAZO', '0', '0000-00-00', NULL, '', 'INGENIERÍA QUÍMICA', NULL, NULL),
('11400557', 'NÉLSON HÉCTOR', 'MELGAREJO', 'GRACIANO', '0', '0000-00-00', NULL, '', 'INGENIERÍA AMBIENTAL', NULL, NULL),
('11400558', 'WILLINGTON LUIS', 'GUZMÁN', 'OYOLA', '0', '0000-00-00', NULL, '', 'ECONOMÍA Y FINANZAS', NULL, NULL),
('11400559', 'HUGO FRANCO', 'CHAMBI', 'CUADROS', '0', '0000-00-00', NULL, '', 'EDUCACIÓN FÍSICA Y DEPORTES', NULL, NULL),
('11400560', 'WILMER ALFREDO', 'MORALES', 'SAMAMEZ', '0', '0000-00-00', NULL, '', 'INGENIERÍA CIVIL', NULL, NULL),
('11400561', 'RAPHAEL ALEXANDER', 'MELÉNDEZ', 'FALCÓN', '0', '0000-00-00', NULL, '', 'INGENIERÍA AMBIENTAL', NULL, NULL),
('11400562', 'ROSA HAYDEÉ', 'BASCONSUELO', 'PEÑA', '0', '0000-00-00', NULL, '', 'LENGUA, COMUNICACIÓN E IDIOMA INGLÉS', NULL, NULL),
('11400563', 'CYNTHIA VANESSSA', 'MONTAÑEZ', 'VALENTIN', '0', '0000-00-00', NULL, '', 'CIENCIAS CONTABLES Y FINANCIERAS', NULL, NULL),
('11400564', 'LIZETH MILUSKA', 'ROSAS', 'GERÓNIMO', '0', '0000-00-00', NULL, '', 'BROMATOLOGÍA Y NUTRICIÓN', NULL, NULL),
('11400565', 'CHRISTIAN MARCELO', 'GARCIA', 'ÑOPE', '0', '0000-00-00', NULL, '', 'INGENIERÍA METALÚRGICA', NULL, NULL),
('11400566', 'RENZO ARTURO', 'PAREDES', 'VILLARREAL', '0', '0000-00-00', NULL, '', 'ZOOTECNIA', NULL, NULL),
('11400567', 'STEFFANY YADIRA', 'RUBIO', 'ANTONIO', '0', '0000-00-00', NULL, '', 'TRABAJO SOCIAL', NULL, NULL),
('11400568', 'WALTER ENRIQUE', 'REYNA', 'VASQUEZ', '0', '0000-00-00', NULL, '', 'ECONOMÍA Y FINANZAS', NULL, NULL),
('11400569', 'JESÚS FERNANDO', 'URIBE', 'QUISPE', '0', '0000-00-00', NULL, '', 'INGENIERÍA DE SISTEMAS', NULL, NULL),
('11400570', 'RAPHAEL SAMIR', 'VELÁSQUEZ', 'LOZANO', '0', '0000-00-00', NULL, '', 'ECONOMÍA Y FINANZAS', NULL, NULL),
('11400571', 'DARWIN MENDELEY', 'ALCÁNTARA', 'JARA', '0', '0000-00-00', NULL, '', 'INGENIERÍA ELECTRÓNICA', NULL, NULL),
('11400572', 'JHON ROBERT', 'LOPEZ', 'RIVERA', '0', '0000-00-00', NULL, '', 'INGENIERÍA PESQUERA', NULL, NULL),
('11400574', 'LEONOR MARLENE', 'CAHUAS', 'HUAUYA', '0', '0000-00-00', NULL, '', 'AGRONOMÍA', NULL, NULL),
('11400575', 'MARÍA ELENA', 'ROQUE', 'COSCO', '0', '0000-00-00', NULL, '', 'BROMATOLOGÍA Y NUTRICIÓN', NULL, NULL),
('11400576', 'KELVIN KENYI', 'ASENCIOS', 'REMIGIO', '0', '0000-00-00', NULL, '', 'INGENIERÍA CIVIL', NULL, NULL),
('11400577', 'KEVIN RONALD', 'GRANADOS', 'ALEGRE', '0', '0000-00-00', NULL, '', 'ADMINISTRACIÓN', NULL, NULL),
('11400578', 'ELEMKA GABRIELA', 'RUÍZ', 'OSORIO', '0', '0000-00-00', NULL, '', 'EDUCACIÓN INICIAL Y ARTE', NULL, NULL),
('11400579', 'JENNY FELICITA', 'LÓPEZ', 'TORRES', '0', '0000-00-00', NULL, '', 'MEDICINA HUMANA', NULL, NULL),
('11400580', 'WILSÓN', 'GOMEZ', 'CORREA', '0', '0000-00-00', NULL, '', 'INGENIERÍA AMBIENTAL', NULL, NULL),
('11400581', 'MICHAEL VIRGILIO', 'CISNEROS', 'ARAUJO', '0', '0000-00-00', NULL, '', 'MEDICINA HUMANA', NULL, NULL),
('11400582', 'GIULIANA YASMIN', 'BAZALAR', 'VELÁSQUEZ', '0', '0000-00-00', NULL, '', 'INGENIERÍA EN INDUSTRIAS ALIMENTARIAS', NULL, NULL),
('11400583', 'FRANKLIN JEFFERSON', 'MUÑOZ', 'HUERTA', '0', '0000-00-00', NULL, '', 'ADMINISTRACIÓN', NULL, NULL),
('11400584', 'DEISY MILAGROS', 'CRUZ', 'AGIPE', '0', '0000-00-00', NULL, '', 'MEDICINA HUMANA', NULL, NULL),
('11400585', 'JOSEP JOSUÉ', 'PRADO', 'FASANANDO', '0', '0000-00-00', NULL, '', 'MEDICINA HUMANA', NULL, NULL),
('11400586', 'CARMEN FELICIANA', 'HUERTAS', 'VILCA', '0', '0000-00-00', NULL, '', 'MEDICINA HUMANA', NULL, NULL),
('11400587', 'JULIO DANIEL', 'VERASTEGUI', 'MAURICIO', '0', '0000-00-00', NULL, '', 'MEDICINA HUMANA', NULL, NULL),
('11400588', 'ROSARIO DEL PILAR', 'CABREL', 'ESPINOZA', '0', '0000-00-00', NULL, '', 'INGENIERÍA CIVIL', NULL, NULL),
('11400589', 'GIANELLA NAOMI', 'ZUÑIGA', 'GARCÍA', '0', '0000-00-00', NULL, '', 'INGENIERÍA INDUSTRIAL', NULL, NULL),
('11400590', 'MELIZA CELINA', 'VASQUEZ', 'GERVACIO', '0', '0000-00-00', NULL, '', 'EDUCACIÓN INICIAL Y ARTE', NULL, NULL),
('11400591', 'HENRY JOEL', 'PANANA', 'VITATE', '0', '0000-00-00', NULL, '', 'ADMINISTRACIÓN', NULL, NULL),
('11400592', 'MIRIAM ROSMERY', 'VARGAS', 'COTRINA', '0', '0000-00-00', NULL, '', 'ENFERMERÍA', NULL, NULL),
('11400593', 'NILVER MANUEL', 'ESPINOZA', 'JAIMES', '0', '0000-00-00', NULL, '', 'INGENIERÍA INDUSTRIAL', NULL, NULL),
('11400595', 'EISIN ADRIANO', 'VIGO', 'CAMACHO', '0', '0000-00-00', NULL, '', 'CIENCIAS CONTABLES Y FINANCIERAS', NULL, NULL),
('11400596', 'JHOEL CRISTIAN', 'LEÓN', 'TORIBIO', '0', '0000-00-00', NULL, '', 'INGENIERÍA CIVIL', NULL, NULL),
('11400597', 'JOSHELY MILAGROS', 'CAMACHO', 'AGIP', '0', '0000-00-00', NULL, '', 'MEDICINA HUMANA', NULL, NULL),
('11400598', 'FLOR DELFINA', 'BORJA', 'TORIBIO', '0', '0000-00-00', NULL, '', 'MEDICINA HUMANA', NULL, NULL),
('11400599', 'PAMELA BEATRIZ', 'ANCHIRAICO', 'TORRES', '0', '0000-00-00', NULL, '', 'ADMINISTRACIÓN', NULL, NULL),
('11400600', 'DANIEL GONZALO', 'VALLADARES', 'HUEYTA', '0', '0000-00-00', NULL, '', 'SOCIOLOGÍA', NULL, NULL),
('11400601', 'JASON NICOLÁS', 'BRICEÑO', 'HUERTAS', '0', '0000-00-00', NULL, '', 'INGENIERÍA DE SISTEMAS', NULL, NULL),
('11400602', 'JESÚS LEONARDO', 'GÓMEZ', 'TARAZONA', '0', '0000-00-00', NULL, '', 'INGENIERÍA AMBIENTAL', NULL, NULL),
('11400603', 'LIDIA FLOR', 'LOARTE', 'ESPINOZA', '0', '0000-00-00', NULL, '', 'ADMINISTRACIÓN', NULL, NULL),
('11400604', 'BRYAN ALEXIS', 'MORENO', 'ALCÁNTARA', '0', '0000-00-00', NULL, '', 'CIENCIAS DE LA COMUNICACIÓN', NULL, NULL),
('11400605', 'CRISTHIAN EDSON', 'ESCALANTE', 'CARDENAS', '0', '0000-00-00', NULL, '', 'INGENIERÍA CIVIL', NULL, NULL),
('11400606', 'ARANXI XIOMI', 'CARDENAS', 'BERNAL', '0', '0000-00-00', NULL, '', 'CIENCIAS CONTABLES Y FINANCIERAS', NULL, NULL),
('11400607', 'FIORELLA MILUSKA', 'YOVERA', 'FELIX', '0', '0000-00-00', NULL, '', 'TRABAJO SOCIAL', NULL, NULL),
('11400608', 'ANDRÉS', 'QUISPE', 'RIVERA', '0', '0000-00-00', NULL, '', 'INGENIERÍA AMBIENTAL', NULL, NULL),
('11400609', 'EVELÍN MELIZA', 'CADILLO', 'ALVA', '0', '0000-00-00', NULL, '', 'ADMINISTRACIÓN', NULL, NULL),
('11400610', 'KATTY ROCIO', 'BELVEDER', 'BERNUY', '0', '0000-00-00', NULL, '', 'TRABAJO SOCIAL', NULL, NULL),
('11400611', 'ERIXON ORLANDO', 'TOLEDO', 'ROQUE', '0', '0000-00-00', NULL, '', 'INGENIERÍA AMBIENTAL', NULL, NULL),
('11400612', 'GAVY', 'LLASHAG', 'COTRINA', '0', '0000-00-00', NULL, '', 'INGENIERÍA AMBIENTAL', NULL, NULL),
('11400613', 'IRANIA ROSA', 'AQUINO', 'BLAS', '0', '0000-00-00', NULL, '', 'NEGOCIOS INTERNACIONALES', NULL, NULL),
('11400614', 'YAIR ALBERTO', 'MIÑOPE', 'DONAYRE', '0', '0000-00-00', NULL, '', 'ADMINISTRACIÓN', NULL, NULL),
('11400615', 'LUÍS JAVIER', 'PASTOR', 'MONTALVO', '0', '0000-00-00', NULL, '', 'INGENIERÍA INDUSTRIAL', NULL, NULL),
('11400616', 'MAX EDISON', 'QUISPE', 'ALEJANDRO', '0', '0000-00-00', NULL, '', 'INGENIERÍA AMBIENTAL', NULL, NULL),
('11400617', 'JUANA BEATRIZ', 'PARIASCA', 'PACHECO', '0', '0000-00-00', NULL, '', 'BROMATOLOGÍA Y NUTRICIÓN', NULL, NULL),
('11400618', 'ROXANA VICTORIA', 'BASURTO', 'CUEVA', '0', '0000-00-00', NULL, '', 'ADMINISTRACIÓN', NULL, NULL),
('11400619', 'EVELYN PAMELA', 'IPANAQUÉ', 'SALAZAR', '0', '0000-00-00', NULL, '', 'ADMINISTRACIÓN', NULL, NULL),
('11400620', 'JUAN JOSÉ', 'MARTÍNEZ', 'FRANCIA', '0', '0000-00-00', NULL, '', 'CIENCIAS DE LA COMUNICACIÓN', NULL, NULL),
('11400621', 'LELIS CAMILO', 'AGUERO', 'ROQUE', '0', '0000-00-00', NULL, '', 'INGENIERÍA ELECTRÓNICA', NULL, NULL),
('11400622', 'YOSELYN MARÍA', 'FIGUERES', 'MORE', '0', '0000-00-00', NULL, '', 'BROMATOLOGÍA Y NUTRICIÓN', NULL, NULL),
('11400623', 'NELSON JAVIER', 'ROMERO', 'QUISPE', '0', '0000-00-00', NULL, '', 'INGENIERÍA EN INDUSTRIAS ALIMENTARIAS', NULL, NULL),
('11400624', 'FLAVIO', 'HUIZA', 'ALFONZO', '0', '0000-00-00', NULL, '', 'DERECHO Y CIENCIAS POLÍTICAS', NULL, NULL),
('11400626', 'ERICK MISHEL', 'IBARRA', 'ATANACIO', '0', '0000-00-00', NULL, '', 'NEGOCIOS INTERNACIONALES', NULL, NULL),
('11400627', 'CINTHIA ALEXANDRA', 'ROJAS', 'ROJAS', '0', '0000-00-00', NULL, '', 'INGENIERÍA DE SISTEMAS', NULL, NULL),
('11400628', 'PABLO ANDERSON', 'ORTEGA', 'MAYHUAY', '0', '0000-00-00', NULL, '', 'AGRONOMÍA', NULL, NULL),
('11400629', 'MARIANA SAYHURI', 'AYALA', 'DAGA', '0', '0000-00-00', NULL, '', 'DERECHO Y CIENCIAS POLÍTICAS', NULL, NULL),
('11400630', 'ELVIS MICHEL', 'TRUJILLO', 'POMAHUACRE', '0', '0000-00-00', NULL, '', 'TURISMO Y HOTELERÍA', NULL, NULL),
('11400631', 'MARVIN ADHEMIR', 'RAMÍREZ', 'ESPINOZA', '0', '0000-00-00', NULL, '', 'MEDICINA HUMANA', NULL, NULL),
('11400632', 'PABLO HERNÁN', 'AVILA', 'MANSILLA', '0', '0000-00-00', NULL, '', 'EDUCACIÓN PRIMARIA Y PROBLEMAS DEL APRENDIZAJE', NULL, NULL),
('11400633', 'FRANKLIN WILSON', 'TENORIO', 'ALVAREZ', '0', '0000-00-00', NULL, '', 'INGENIERÍA METALÚRGICA', NULL, NULL),
('11400634', 'GERALDINE RUBY', 'CUADROS', 'ARGÜELLES', '0', '0000-00-00', NULL, '', 'INGENIERÍA EN INDUSTRIAS ALIMENTARIAS', NULL, NULL),
('11400635', 'RICKY GIAMPIERO', 'FLORIÁN', 'SILVA', '0', '0000-00-00', NULL, '', 'ADMINISTRACIÓN', NULL, NULL),
('11400636', 'ROSMERY NORMA', 'MACARLUPÚ', 'PAREDES', '0', '0000-00-00', NULL, '', 'DERECHO Y CIENCIAS POLÍTICAS', NULL, NULL),
('11400637', 'ROSA LEIDY', 'CANGANA', 'ROSADIO', '0', '0000-00-00', NULL, '', 'INGENIERÍA EN INDUSTRIAS ALIMENTARIAS', NULL, NULL),
('11400638', 'CAROL MIDORY', 'SAENZ', 'MAMANI', '0', '0000-00-00', NULL, '', 'DERECHO Y CIENCIAS POLÍTICAS', NULL, NULL),
('11400639', 'KAROL WENDY', 'PALOMINO', 'GONZALES', '0', '0000-00-00', NULL, '', 'MEDICINA HUMANA', NULL, NULL),
('11400640', 'CAROL ARACELLY', 'ESPINOZA', 'SÁNCHEZ', '0', '0000-00-00', NULL, '', 'ADMINISTRACIÓN', NULL, NULL),
('11400641', 'EDUARD', 'PALOMINO', 'MAURICIO', '0', '0000-00-00', NULL, '', 'INGENIERÍA CIVIL', NULL, NULL),
('11400642', 'LIZET ANDREA', 'FIGUERES', 'ROSALES', '0', '0000-00-00', NULL, '', 'DERECHO Y CIENCIAS POLÍTICAS', NULL, NULL),
('11400643', 'ANDREA KELLY', 'COTRINA', 'ABAD', '0', '0000-00-00', NULL, '', 'NEGOCIOS INTERNACIONALES', NULL, NULL),
('11400644', 'JHONATAN ROSMEL', 'LUNA', 'MORENO', '0', '0000-00-00', NULL, '', 'TRABAJO SOCIAL', NULL, NULL),
('11400645', 'EVELYN KRISTY', 'SAROMO', 'CALERO', '0', '0000-00-00', NULL, '', 'ADMINISTRACIÓN', NULL, NULL),
('11400646', 'OMAR ANTONIO', 'GUEVARA', 'ATIQUIPA', '0', '0000-00-00', NULL, '', 'ENFERMERÍA', NULL, NULL),
('11400647', 'KATHERIN MARGOTH', 'MELGAREJO', 'VARGAS', '0', '0000-00-00', NULL, '', 'INGENIERÍA INDUSTRIAL', NULL, NULL),
('11400649', 'JUAN CARLOS', 'LANDA', 'HUAMACTO', '0', '0000-00-00', NULL, '', 'INGENIERÍA ELECTRÓNICA', NULL, NULL),
('11400650', 'KARLA PAMELA', 'PALACÍN', 'RAMIREZ', '0', '0000-00-00', NULL, '', 'EDUCACIÓN INICIAL Y ARTE', NULL, NULL),
('11400651', 'CARLOS ALBERTO', 'GUERRA', 'REYES', '0', '0000-00-00', NULL, '', 'DERECHO Y CIENCIAS POLÍTICAS', NULL, NULL),
('11400652', 'CARLOS OMAR', 'FALCÓN', 'MENDOZA', '0', '0000-00-00', NULL, '', 'ADMINISTRACIÓN', NULL, NULL),
('11400653', 'GEORGI ALFONSO', 'ERAZO', 'MEDINA', '0', '0000-00-00', NULL, '', 'CIENCIAS CONTABLES Y FINANCIERAS', NULL, NULL),
('11400654', 'FERMIN FRANS', 'SANCHEZ', 'PACHERRES', '0', '0000-00-00', NULL, '', 'AGRONOMÍA', NULL, NULL),
('11400655', 'YORI MELINA', 'MAY', 'ORÉ', '0', '0000-00-00', NULL, '', 'TRABAJO SOCIAL', NULL, NULL),
('11400656', 'LUIGGI ALDAIR', 'ROJAS', 'DE LA ROSA', '0', '0000-00-00', NULL, '', 'INGENIERÍA EN INDUSTRIAS ALIMENTARIAS', NULL, NULL),
('11400657', 'CAROLINA MILAGROS', 'CASTILLO', 'GÁLVEZ', '0', '0000-00-00', NULL, '', 'TRABAJO SOCIAL', NULL, NULL),
('11400658', 'TITO ARTURO', 'LAURENTE', 'BELTRÁN', '0', '0000-00-00', NULL, '', 'TURISMO Y HOTELERÍA', NULL, NULL),
('11400659', 'YAMIR FRANK', 'FLORECIN', 'TORRES', '0', '0000-00-00', NULL, '', 'NEGOCIOS INTERNACIONALES', NULL, NULL),
('11400660', 'KIMBERLY', 'PAJUELO', 'HUARCA', '0', '0000-00-00', NULL, '', 'ADMINISTRACIÓN', NULL, NULL),
('11400661', 'LIZANDRA ELISENIA', 'PATRICIO', 'VEGA', '0', '0000-00-00', NULL, '', 'TRABAJO SOCIAL', NULL, NULL),
('11400662', 'CINTHYA TOMASA', 'SALES', 'IGUARO', '0', '0000-00-00', NULL, '', 'TURISMO Y HOTELERÍA', NULL, NULL),
('11400663', 'BRENDA SHUGEY', 'CASTRO', 'CRUZ', '0', '0000-00-00', NULL, '', 'INGENIERÍA CIVIL', NULL, NULL),
('11400664', 'EDINSON', 'VILLANUEVA', 'SANTISTÉBAN', '0', '0000-00-00', NULL, '', 'INGENIERÍA DE SISTEMAS', NULL, NULL),
('11400665', 'JIMMY KENT', 'VILLAJULCA', 'SILVESTRE', '0', '0000-00-00', NULL, '', 'INGENIERÍA AMBIENTAL', NULL, NULL),
('11400666', 'CARMEN LIZ', 'JULCA', 'VILLAR', '0', '0000-00-00', NULL, '', 'TURISMO Y HOTELERÍA', NULL, NULL),
('11400667', 'JAQUELINE MARIBEL', 'CERNA', 'RAMIREZ', '0', '0000-00-00', NULL, '', 'SOCIOLOGÍA', NULL, NULL),
('11400668', 'JOSÉ CARLOS', 'SAAVEDRA', 'VERAMENDI', '0', '0000-00-00', NULL, '', 'INGENIERÍA METALÚRGICA', NULL, NULL),
('11400669', 'YUSI MEDALIT', 'FLORES', 'ZORRILLA', '0', '0000-00-00', NULL, '', 'INGENIERÍA EN INDUSTRIAS ALIMENTARIAS', NULL, NULL),
('11400670', 'IVAN HUGO', 'TINOCO', 'TORRES', '0', '0000-00-00', NULL, '', 'ADMINISTRACIÓN', NULL, NULL),
('11400671', 'LEONARDO JESÚS', 'NEYRA', 'POMA', '0', '0000-00-00', NULL, '', 'INGENIERÍA INDUSTRIAL', NULL, NULL),
('11400672', 'GANDHI EVELIN', 'ATANACIO', 'FALCÓN', '0', '0000-00-00', NULL, '', 'CIENCIAS CONTABLES Y FINANCIERAS', NULL, NULL),
('11400673', 'JORGE LUIS', 'VILA', 'VELASQUEZ', '0', '0000-00-00', NULL, '', 'INGENIERÍA INDUSTRIAL', NULL, NULL),
('11400674', 'KARLA ISABEL', 'CÓRDOVA', 'CERNA', '0', '0000-00-00', NULL, '', 'ECONOMÍA Y FINANZAS', NULL, NULL),
('11400675', 'BRENDA ISABEL', 'ARELLAN', 'CUEVA', '0', '0000-00-00', NULL, '', 'BROMATOLOGÍA Y NUTRICIÓN', NULL, NULL),
('11400676', 'WALTER JEANPIER', 'CASTILLO', 'LAVERIANO', '0', '0000-00-00', NULL, '', 'EDUCACIÓN FÍSICA Y DEPORTES', NULL, NULL),
('11400677', 'ROSALIA IRANIA', 'LECARNAQUE', 'CASTRO', '0', '0000-00-00', NULL, '', 'ZOOTECNIA', NULL, NULL),
('11400678', 'ALEXANDRA CAROLINA', 'BRUNO', 'LEÓN', '0', '0000-00-00', NULL, '', 'CIENCIAS CONTABLES Y FINANCIERAS', NULL, NULL),
('11400679', 'YEIMI YAJAYRA', 'DE LA CRUZ', 'CALIXTO', '0', '0000-00-00', NULL, '', 'MEDICINA HUMANA', NULL, NULL),
('11400680', 'ROGER ROLANDO', 'MORALES', 'CIRILO', '0', '0000-00-00', NULL, '', 'INGENIERÍA METALÚRGICA', NULL, NULL),
('11400681', 'MANUEL ARMANDO', 'VILLAVICENCIO', 'QUISPE', '0', '0000-00-00', NULL, '', 'INGENIERÍA DE SISTEMAS', NULL, NULL),
('11400682', 'YAJAIRA BRIGITHE', 'ESPINOZA', 'CHUNGA', '0', '0000-00-00', NULL, '', 'TURISMO Y HOTELERÍA', NULL, NULL),
('11400683', 'MAURO SERGIO', 'BLÁCIDO', 'VALENCIA', '0', '0000-00-00', NULL, '', 'ZOOTECNIA', NULL, NULL),
('11400684', 'ZULLY GEMA', 'LUJERIO', 'MONTOYA', '0', '0000-00-00', NULL, '', 'CIENCIAS CONTABLES Y FINANCIERAS', NULL, NULL),
('11400685', 'MOHAMED SHESSIRA', 'SALGUERO', 'RAMIREZ', '0', '0000-00-00', NULL, '', 'AGRONOMÍA', NULL, NULL),
('11400686', 'MIGUEL ANGEL', 'ABAL', 'SILVA', '0', '0000-00-00', NULL, '', 'MATEMÁTICA APLICADA', NULL, NULL),
('11400687', 'KAREN JHOSELYN', 'JURADO', 'QUISPE', '0', '0000-00-00', NULL, '', 'ECONOMÍA Y FINANZAS', NULL, NULL),
('11400688', 'JHONATAN ZOSIMO', 'SOLIS', 'MANTILLA', '0', '0000-00-00', NULL, '', 'INGENIERÍA PESQUERA', NULL, NULL),
('11400689', 'CHOYÚ MAXIMO', 'MELGAREJO', 'VILLAFRANCA', '0', '0000-00-00', NULL, '', 'EDUCACIÓN INICIAL Y ARTE', NULL, NULL),
('11400690', 'JONATHAN JESÚS', 'HINOJOZA', 'CAUCHOS', '0', '0000-00-00', NULL, '', 'CIENCIAS CONTABLES Y FINANCIERAS', NULL, NULL),
('11400691', 'JAZMIN MARGARITA', 'TARAZONA', 'TRUJILLO', '0', '0000-00-00', NULL, '', 'MEDICINA HUMANA', NULL, NULL),
('11400692', 'PAULINA RUTH', 'MELGAREJO', 'CAPCHA', '0', '0000-00-00', NULL, '', 'BROMATOLOGÍA Y NUTRICIÓN', NULL, NULL),
('11400693', 'MARCIA', 'SALAZAR', 'MELCHOR', '0', '0000-00-00', NULL, '', 'CIENCIAS DE LA COMUNICACIÓN', NULL, NULL),
('11400694', 'JUNIOR JOEL', 'LÓPEZ', 'HUERTA', '0', '0000-00-00', NULL, '', 'EDUCACIÓN FÍSICA Y DEPORTES', NULL, NULL),
('11400695', 'CARLOS ANTONIO', 'FRANCO', 'POMA', '0', '0000-00-00', NULL, '', 'AGRONOMÍA', NULL, NULL),
('11400696', 'EDITH MARILUZ', 'MORALES', 'SALÉS', '0', '0000-00-00', NULL, '', 'TRABAJO SOCIAL', NULL, NULL),
('11400697', 'CIELO YAJAIRA JOSSELY', 'CHACALIAZA', 'TOVAR', '0', '0000-00-00', NULL, '', 'NEGOCIOS INTERNACIONALES', NULL, NULL),
('11400698', 'YOVANA SANDRA', 'SIFUENTES', 'MORA', '0', '0000-00-00', NULL, '', 'ECONOMÍA Y FINANZAS', NULL, NULL),
('11400699', 'KATHERIN MARISELA', 'QUILLAY', 'RUIZ', '0', '0000-00-00', NULL, '', 'EDUCACIÓN INICIAL Y ARTE', NULL, NULL),
('11400700', 'LESLIE ARLETH', 'MIRANDA', 'BEDÓN', '0', '0000-00-00', NULL, '', 'BROMATOLOGÍA Y NUTRICIÓN', NULL, NULL),
('11400701', 'ANDREA SILVIA', 'VERAMENDI', 'JIMENEZ', '0', '0000-00-00', NULL, '', 'INGENIERÍA PESQUERA', NULL, NULL),
('11400702', 'MARSHORY RUBY', 'AYALA', 'CÁCERES', '0', '0000-00-00', NULL, '', 'NEGOCIOS INTERNACIONALES', NULL, NULL),
('11400703', 'WALTER STWEN', 'GÓMEZ', 'CACHA', '0', '0000-00-00', NULL, '', 'INGENIERÍA CIVIL', NULL, NULL),
('11400704', 'CRISTIAN', 'LÓPEZ', 'CANO', '0', '0000-00-00', NULL, '', 'INGENIERÍA CIVIL', NULL, NULL),
('11400705', 'ALEX BRIAN', 'VILLAGÓMEZ', 'QUISPE', '0', '0000-00-00', NULL, '', 'CIENCIAS CONTABLES Y FINANCIERAS', NULL, NULL),
('11400706', 'JESÚS', 'OBREGÓN', 'ARANDA', '0', '0000-00-00', NULL, '', 'INGENIERÍA AMBIENTAL', NULL, NULL),
('11400707', 'KEVIN LUIS', 'MARQUEZ', 'FLORIAN', '0', '0000-00-00', NULL, '', 'INGENIERÍA DE SISTEMAS', NULL, NULL),
('11400708', 'JOYSI SHESSIRA ASHLY', 'PRADO', 'DE DIOS', '0', '0000-00-00', NULL, '', 'LENGUA, COMUNICACIÓN E IDIOMA INGLÉS', NULL, NULL),
('11400709', 'LUIS ENRIQUE', 'PALACIOS', 'ASCENCIOS', '0', '0000-00-00', NULL, '', 'ADMINISTRACIÓN', NULL, NULL),
('11400710', 'ROSA VILMA', 'MENDOZA', 'ALCÁNTARA', '0', '0000-00-00', NULL, '', 'MEDICINA HUMANA', NULL, NULL),
('11400712', 'BRIGGITH JUDID', 'LÓPEZ', 'PALACIOS', '0', '0000-00-00', NULL, '', 'NEGOCIOS INTERNACIONALES', NULL, NULL),
('11400713', 'ROBERT ARTURO', 'FLORES', 'CHILÓN', '0', '0000-00-00', NULL, '', 'INGENIERÍA CIVIL', NULL, NULL),
('11400714', 'GRISEL BRIGITTE', 'SÁNCHEZ', 'JARA', '0', '0000-00-00', NULL, '', 'ECONOMÍA Y FINANZAS', NULL, NULL),
('11400715', 'ZULEYCA MARIA', 'VEGA', 'BARRENECHEA', '0', '0000-00-00', NULL, '', 'INGENIERÍA CIVIL', NULL, NULL),
('11400716', 'JAVIER FERNANDO', 'LOPEZ', 'HARO', '0', '0000-00-00', NULL, '', 'INGENIERÍA CIVIL', NULL, NULL),
('11400717', 'MELANIE GERALDINE', 'UBALDO', 'BALTAZAR', '0', '0000-00-00', NULL, '', 'ADMINISTRACIÓN', NULL, NULL),
('11400718', 'JUAN ALBERTO', 'VEGA', 'FLORES', '0', '0000-00-00', NULL, '', 'INGENIERÍA INDUSTRIAL', NULL, NULL),
('11400719', 'JENY ROXANA', 'OYOLA', 'LOZANO', '0', '0000-00-00', NULL, '', 'ADMINISTRACIÓN', NULL, NULL),
('11400720', 'JANET OFELIA', 'ESPINOZA', 'CERNA', '0', '0000-00-00', NULL, '', 'NEGOCIOS INTERNACIONALES', NULL, NULL),
('11400721', 'DAMARIS SANDRA', 'PAUCAR', 'GIRALDO', '0', '0000-00-00', NULL, '', 'CIENCIAS CONTABLES Y FINANCIERAS', NULL, NULL),
('11400722', 'OMAR ERIK', 'LOAYZA', 'FIGUEROA', '0', '0000-00-00', NULL, '', 'MEDICINA HUMANA', NULL, NULL),
('11400723', 'JACKELINE JASMÌN', 'HONORES', 'HERRERA', '0', '0000-00-00', NULL, '', 'ADMINISTRACIÓN', NULL, NULL),
('11400724', 'JAN CARLO', 'URBANO', 'LARA', '0', '0000-00-00', NULL, '', 'CIENCIAS CONTABLES Y FINANCIERAS', NULL, NULL),
('11400725', 'KATHERINE LUCERO', 'BRITO', 'CELESTINO', '0', '0000-00-00', NULL, '', 'INGENIERÍA INDUSTRIAL', NULL, NULL),
('11400726', 'STEVEN POOL', 'RIVERA', 'RODRIGUEZ', '0', '0000-00-00', NULL, '', 'INGENIERÍA CIVIL', NULL, NULL),
('11400727', 'GERALDINE KATHERIN', 'MOLINA', 'MATIAS', '0', '0000-00-00', NULL, '', 'CIENCIAS CONTABLES Y FINANCIERAS', NULL, NULL),
('11400728', 'GABRIELA GEORGINA', 'HUERTA', 'ZARZOSA', '0', '0000-00-00', NULL, '', 'MEDICINA HUMANA', NULL, NULL),
('11400729', 'OSCAR ADONIS', 'LOARTE', 'CALLUPE', '0', '0000-00-00', NULL, '', 'INGENIERÍA CIVIL', NULL, NULL),
('11400730', 'STEPHANY INGRID', 'DE LA CRUZ', 'MELGAREJO', '0', '0000-00-00', NULL, '', 'MEDICINA HUMANA', NULL, NULL),
('11400731', 'WHITNEY STEFANY', 'HIDALGO', 'SANTILLÁN', '0', '0000-00-00', NULL, '', 'NEGOCIOS INTERNACIONALES', NULL, NULL),
('11400732', 'LUCERO NORELIA', 'ROMERO', 'GUZMÁN', '0', '0000-00-00', NULL, '', 'INGENIERÍA AMBIENTAL', NULL, NULL),
('11400733', 'ELVIS JUNIOR', 'CADILLO', 'ALBINO', '0', '0000-00-00', NULL, '', 'CIENCIAS CONTABLES Y FINANCIERAS', NULL, NULL),
('11400734', 'MERCEDES BELEN', 'SILVA', 'MONTESINOS', '0', '0000-00-00', NULL, '', 'INGENIERÍA INDUSTRIAL', NULL, NULL),
('11400735', 'ESTEFANY JAKELINE', 'RAMOS', 'ROMERO', '0', '0000-00-00', NULL, '', 'MEDICINA HUMANA', NULL, NULL),
('11400736', 'JHON ANIBAL', 'OSORIO', 'OBREGÓN', '0', '0000-00-00', NULL, '', 'Grupo A (No decide)', NULL, NULL),
('11400737', 'CARLOS FRANCISCO', 'LOPEZ', 'LANZARA', '0', '0000-00-00', NULL, '', 'MEDICINA HUMANA', NULL, NULL),
('11400738', 'EDITH GLORIA', 'PAREDES', 'RODRIGUEZ', '0', '0000-00-00', NULL, '', 'NEGOCIOS INTERNACIONALES', NULL, NULL),
('11400739', 'YORDDY ELMER', 'LLANOS', 'VALVERDE', '0', '0000-00-00', NULL, '', 'MEDICINA HUMANA', NULL, NULL),
('11400740', 'YENGNER EVELYN', 'ZORRILLA', 'AGUERO', '0', '0000-00-00', NULL, '', 'CIENCIAS DE LA COMUNICACIÓN', NULL, NULL),
('11400741', 'SUSAN ALEJANDRA', 'ROSALES', 'PACORA', '0', '0000-00-00', NULL, '', 'NEGOCIOS INTERNACIONALES', NULL, NULL),
('11400742', 'CELINA CLARA', 'MENDOZA', 'FLORES', '0', '0000-00-00', NULL, '', 'EDUCACIÓN INICIAL Y ARTE', NULL, NULL),
('11400743', 'ESTHIP ANDERSON', 'CUEVA', 'ACUÑA', '0', '0000-00-00', NULL, '', 'INGENIERÍA DE SISTEMAS', NULL, NULL),
('11400744', 'GLORIA STEFANY', 'ISIDRO', 'SOLORZANO', '0', '0000-00-00', NULL, '', 'INGENIERÍA AMBIENTAL', NULL, NULL),
('11400745', 'ROMARIO LENYN', 'FALERO', 'MARCELO', '0', '0000-00-00', NULL, '', 'AGRONOMÍA', NULL, NULL),
('11400746', 'AMALIA ROSA', 'RAMOS', 'EVANGELISTA', '0', '0000-00-00', NULL, '', 'ENFERMERÍA', NULL, NULL),
('11400747', 'ANA MARIA', 'CASTILLO', 'MORRIS', '0', '0000-00-00', NULL, '', 'INGENIERÍA DE SISTEMAS', NULL, NULL),
('11400748', 'CAROLAIN ELIZABETH', 'APOLINARIO', 'CUBILLAS', '0', '0000-00-00', NULL, '', 'INGENIERÍA INDUSTRIAL', NULL, NULL),
('11400749', 'ANDREA', 'JARA', 'JONTAY', '0', '0000-00-00', NULL, '', 'TURISMO Y HOTELERÍA', NULL, NULL),
('11400750', 'HALINSON PAUL', 'SOLANO', 'CHINCHAY', '0', '0000-00-00', NULL, '', 'INGENIERÍA CIVIL', NULL, NULL),
('11400751', 'JULIÑO JORDANO', 'AYALA', 'CACHA', '0', '0000-00-00', NULL, '', 'INGENIERÍA CIVIL', NULL, NULL),
('11400752', 'BRICETH AMARILIS', 'PAREDES', 'FERREYRA', '0', '0000-00-00', NULL, '', 'CIENCIAS CONTABLES Y FINANCIERAS', NULL, NULL),
('11400753', 'JUAN IVAN', 'HUMBERTH', 'LAGOS', '0', '0000-00-00', NULL, '', 'NEGOCIOS INTERNACIONALES', NULL, NULL),
('11400754', 'ALLINSÓN MAGRID', 'SILVA', 'MINBELA', '0', '0000-00-00', NULL, '', 'DERECHO Y CIENCIAS POLÍTICAS', NULL, NULL),
('11400755', 'GIANFRANCO', 'QUISPE', 'PANTOJA', '0', '0000-00-00', NULL, '', 'INGENIERÍA CIVIL', NULL, NULL),
('11400756', 'JOHAN JOSEPH', 'TORRES', 'TRUJILLO', '0', '0000-00-00', NULL, '', 'INGENIERÍA DE SISTEMAS', NULL, NULL),
('11400757', 'BRIZETH CONSOLA', 'SAMANAMÚ', 'GUARDIA', '0', '0000-00-00', NULL, '', 'ADMINISTRACIÓN', NULL, NULL),
('11400758', 'BRAYAN STEEVEN', 'ZARZOSA', 'JARA', '0', '0000-00-00', NULL, '', 'INGENIERÍA CIVIL', NULL, NULL),
('11400759', 'SHEILA KATIUSKA', 'MAGUIÑA', 'ORTEGA', '0', '0000-00-00', NULL, '', 'NEGOCIOS INTERNACIONALES', NULL, NULL),
('11400760', 'JAVIER AKIRO', 'JACOME', 'CARMONA', '0', '0000-00-00', NULL, '', 'INGENIERÍA PESQUERA', NULL, NULL),
('11400761', 'YOEL ROMAN', 'CARRERA', 'RIVAS', '0', '0000-00-00', NULL, '', 'INGENIERÍA AMBIENTAL', NULL, NULL),
('11400762', 'FRANK MIGUEL', 'ARCE', 'CRUZ', '0', '0000-00-00', NULL, '', 'INGENIERÍA DE SISTEMAS', NULL, NULL),
('11400763', 'BRAYHAN JUNIOR ANTONIO', 'HIDALGO', 'QUIROZ', '0', '0000-00-00', NULL, '', 'INGENIERÍA DE SISTEMAS', NULL, NULL),
('11400764', 'ALBERT ALEXIS', 'MINAYA', 'SANCHEZ', '0', '0000-00-00', NULL, '', 'INGENIERÍA CIVIL', NULL, NULL),
('11400765', 'ERICK SANTIAGO', 'TORRES', 'JARA', '0', '0000-00-00', NULL, '', 'NEGOCIOS INTERNACIONALES', NULL, NULL),
('11400766', 'JEIMY', 'TARAZONA', 'MUÑOZ', '0', '0000-00-00', NULL, '', 'MEDICINA HUMANA', NULL, NULL),
('11400767', 'ALDEHIR', 'AQUINO', 'ALVARADO', '0', '0000-00-00', NULL, '', 'CIENCIAS CONTABLES Y FINANCIERAS', NULL, NULL),
('11400768', 'FANNY VANESSA', 'ALFONSO', 'ESPINOZA', '0', '0000-00-00', NULL, '', 'ENFERMERÍA', NULL, NULL),
('11400769', 'RUBEN', 'SÁNCHEZ', 'MORALES', '0', '0000-00-00', NULL, '', 'INGENIERÍA DE SISTEMAS', NULL, NULL),
('11400770', 'KAREN VANESSA', 'REYNALDO', 'DAMIÁN', '0', '0000-00-00', NULL, '', 'INGENIERÍA CIVIL', NULL, NULL),
('11400771', 'FERNANDO HEBERT', 'SARMIENTO', 'SALAS', '0', '0000-00-00', NULL, '', 'INGENIERÍA QUÍMICA', NULL, NULL),
('11400772', 'HENRY FRANCO', 'SOLÍS', 'TRUJILLO', '0', '0000-00-00', NULL, '', 'DERECHO Y CIENCIAS POLÍTICAS', NULL, NULL),
('11400773', 'JHOMIRA DEL MILAGRO', 'RODRIGUEZ', 'MINAYA', '0', '0000-00-00', NULL, '', 'INGENIERÍA AMBIENTAL', NULL, NULL),
('11400774', 'KEIKO MILAGROS', 'OBATA', 'NAPURÍ', '0', '0000-00-00', NULL, '', 'ADMINISTRACIÓN', NULL, NULL),
('11400775', 'STALIM ROBERTO', 'MENDOZA', 'SANTIAGO', '0', '0000-00-00', NULL, '', 'NEGOCIOS INTERNACIONALES', NULL, NULL),
('11400776', 'JULIO EDUARDO', 'CABANILLAS', 'SIFUENTES', '0', '0000-00-00', NULL, '', 'ADMINISTRACIÓN', NULL, NULL),
('11400777', 'CHRISTIAN JAIR', 'CHOQUE', 'ESPINOZA', '0', '0000-00-00', NULL, '', 'INGENIERÍA INDUSTRIAL', NULL, NULL),
('11400778', 'JULIO ANDRÉS', 'GONZÁLES', 'RIOS', '0', '0000-00-00', NULL, '', 'MEDICINA HUMANA', NULL, NULL),
('11400779', 'ROSMERY BRIGITTE', 'OLOTEGUI', 'PALACIOS', '0', '0000-00-00', NULL, '', 'ADMINISTRACIÓN', NULL, NULL),
('11400780', 'WENDY PAMELA', 'GIRALDO', 'DÍAZ', '0', '0000-00-00', NULL, '', 'ENFERMERÍA', NULL, NULL),
('11400781', 'JAVIER YOVANI', 'MATOS', 'SÁNCHEZ', '0', '0000-00-00', NULL, '', 'NEGOCIOS INTERNACIONALES', NULL, NULL),
('11400782', 'JOSELYN ESTEFANY', 'RAMIREZ', 'RIOS', '0', '0000-00-00', NULL, '', 'CIENCIAS CONTABLES Y FINANCIERAS', NULL, NULL),
('11400783', 'GREISY BRIGUITTE', 'EVANGELISTA', 'VELASQUEZ', '0', '0000-00-00', NULL, '', 'DERECHO Y CIENCIAS POLÍTICAS', NULL, NULL),
('11400784', 'JACKELINE MARLENE', 'ROJAS', 'QUIROZ', '0', '0000-00-00', NULL, '', 'MEDICINA HUMANA', NULL, NULL),
('11400785', 'ERIKA SÚSAN', 'ROJAS', 'ROMERO', '0', '0000-00-00', NULL, '', 'INGENIERÍA CIVIL', NULL, NULL),
('11400786', 'NATHALY YANNIRÉ', 'CUEVAS', 'COLLANTES', '0', '0000-00-00', NULL, '', 'ADMINISTRACIÓN', NULL, NULL),
('11400787', 'FÁTIMA MASSIEL', 'EQUÍA', 'MÁRQUEZ', '0', '0000-00-00', NULL, '', 'MEDICINA HUMANA', NULL, NULL),
('11400788', 'ALEXANDRA DELFINA', 'BELTRAN', 'OYOLA', '0', '0000-00-00', NULL, '', 'ECONOMÍA Y FINANZAS', NULL, NULL),
('11400789', 'PATRICIA BRISETH', 'PLAZA', 'ASENCIOS', '0', '0000-00-00', NULL, '', 'TRABAJO SOCIAL', NULL, NULL),
('11400790', 'JASMIN JANETT', 'DIAZ', 'ALVARADO', '0', '0000-00-00', NULL, '', 'INGENIERÍA AMBIENTAL', NULL, NULL),
('11400791', 'DENICE MILAGROS', 'CRUPOVICH', 'BACHI', '0', '0000-00-00', NULL, '', 'ZOOTECNIA', NULL, NULL),
('11400792', 'SAORI', 'GRIMAREY', 'SALINAS', '0', '0000-00-00', NULL, '', 'ADMINISTRACIÓN', NULL, NULL),
('11400793', 'JOSELYN KELLY', 'NAVARRO', 'GAMARRA', '0', '0000-00-00', NULL, '', 'BROMATOLOGÍA Y NUTRICIÓN', NULL, NULL),
('11400794', 'LESLIE YOSHIRA', 'ALOZO', 'CORDOVA', '0', '0000-00-00', NULL, '', 'INGENIERÍA CIVIL', NULL, NULL),
('11400795', 'MELINA KATERYNE', 'DIAZ', 'RIVERA', '0', '0000-00-00', NULL, '', 'ADMINISTRACIÓN', NULL, NULL),
('11400796', 'OSCAR DIEGO', 'HUACHILLO', 'TABOADA', '0', '0000-00-00', NULL, '', 'ZOOTECNIA', NULL, NULL),
('11400797', 'SUSAN MILAGROS', 'DELGADO', 'RICCI', '0', '0000-00-00', NULL, '', 'INGENIERÍA DE SISTEMAS', NULL, NULL),
('11400798', 'JUNIOR ROSMEL', 'HUANCA', 'HUACANCA', '0', '0000-00-00', NULL, '', 'INGENIERÍA CIVIL', NULL, NULL),
('11400799', 'LUIS JHOSIMAR', 'PEÑA', 'NOEL', '0', '0000-00-00', NULL, '', 'INGENIERÍA CIVIL', NULL, NULL),
('11400800', 'GABRIEL ALFREDO', 'CÁRCAMO', 'BLAS', '0', '0000-00-00', NULL, '', 'MEDICINA HUMANA', NULL, NULL),
('11400801', 'EDWIN MAXIMINO', 'LLASHAG', 'LOAYZA', '0', '0000-00-00', NULL, '', 'ZOOTECNIA', NULL, NULL),
('11400802', 'NICOLAI GERMÁN', 'RODRIGUEZ', 'LEIVA', '0', '0000-00-00', NULL, '', 'NEGOCIOS INTERNACIONALES', NULL, NULL),
('11400803', 'HARRY WILSON', 'BAÑEZ', 'ALDAVE', '0', '0000-00-00', NULL, '', 'INGENIERÍA AMBIENTAL', NULL, NULL),
('11400804', 'JUNIOR TOMAS', 'MEJÍA', 'ESPINOZA', '0', '0000-00-00', NULL, '', 'INGENIERÍA CIVIL', NULL, NULL),
('11400805', 'KATERINE KARINA', 'RAMOS', 'CUTIPA', '0', '0000-00-00', NULL, '', 'INGENIERÍA CIVIL', NULL, NULL),
('11400806', 'OMAR ERNESTO', 'CHIPANA', 'ARDIAN', '0', '0000-00-00', NULL, '', 'CIENCIAS CONTABLES Y FINANCIERAS', NULL, NULL),
('11400807', 'LUIS FERNANDO', 'FLORES', 'PAULINO', '0', '0000-00-00', NULL, '', 'CIENCIAS CONTABLES Y FINANCIERAS', NULL, NULL),
('11400808', 'ALDAHIR GIAMPIERRE', 'TORRES', 'BETETA', '0', '0000-00-00', NULL, '', 'MEDICINA HUMANA', NULL, NULL),
('11400809', 'ESTEFANI AIRITA', 'TRUJILLO', 'ALUMIAS', '0', '0000-00-00', NULL, '', 'MEDICINA HUMANA', NULL, NULL),
('11400810', 'ROMY MISHEL', 'ROMERO', 'ANTICONA', '0', '0000-00-00', NULL, '', 'DERECHO Y CIENCIAS POLÍTICAS', NULL, NULL),
('11400811', 'JULIAN ESTUARDO', 'LOPEZ', 'LANZARA', '0', '0000-00-00', NULL, '', 'INGENIERÍA CIVIL', NULL, NULL),
('11400812', 'BRIAN BILL', 'SOTO', 'TOLEDO', '0', '0000-00-00', NULL, '', 'INGENIERÍA DE SISTEMAS', NULL, NULL),
('11400813', 'ELIAS EDUARDO', 'TITO', 'INTI', '0', '0000-00-00', NULL, '', 'ZOOTECNIA', NULL, NULL),
('11400814', 'PIERINA BETZABEL', 'TORRES', 'CANO', '0', '0000-00-00', NULL, '', 'INGENIERÍA AMBIENTAL', NULL, NULL),
('11400815', 'LUIS ANGEL', 'DOMINGUEZ', 'NORABUENA', '0', '0000-00-00', NULL, '', 'NEGOCIOS INTERNACIONALES', NULL, NULL),
('11400816', 'KENIA ARACELY', 'OYOLA', 'ANGELES', '0', '0000-00-00', NULL, '', 'MEDICINA HUMANA', NULL, NULL),
('11400817', 'ERICK HUGO', 'AGUEDO', 'REYES', '0', '0000-00-00', NULL, '', 'ADMINISTRACIÓN', NULL, NULL),
('11400818', 'CAROLA', 'ACEVEDO', 'VEGA', '0', '0000-00-00', NULL, '', 'INGENIERÍA CIVIL', NULL, NULL),
('11400819', 'SERGIO ALFREDO', 'ULLOA', 'ANICAMA', '0', '0000-00-00', NULL, '', 'MEDICINA HUMANA', NULL, NULL),
('11400820', 'CESAR VALERIO', 'AGÜERO', 'CORDOVA', '0', '0000-00-00', NULL, '', 'INGENIERÍA INDUSTRIAL', NULL, NULL),
('11400821', 'JEAN CARLLOS', 'CUZCANO', 'NOLAZCO', '0', '0000-00-00', NULL, '', 'INGENIERÍA CIVIL', NULL, NULL),
('11400822', 'MORELLIA LORENA', 'HUERTAS', 'TREBEJO', '0', '0000-00-00', NULL, '', 'INGENIERÍA INDUSTRIAL', NULL, NULL),
('11400823', 'KAROL ESTEFANY', 'MARCELO', 'HUERTA', '0', '0000-00-00', NULL, '', 'NEGOCIOS INTERNACIONALES', NULL, NULL),
('11400824', 'PAMELA ALESSANDRA', 'LÁZARO', 'CIPRIANO', '0', '0000-00-00', NULL, '', 'EDUCACIÓN INICIAL Y ARTE', NULL, NULL),
('11400825', 'ALBERT MATEO', 'MENDOZA', 'LOLY', '0', '0000-00-00', NULL, '', 'INGENIERÍA AMBIENTAL', NULL, NULL),
('11400826', 'DORIS MEDALI', 'CONDOR', 'MORALES', '0', '0000-00-00', NULL, '', 'INGENIERÍA AMBIENTAL', NULL, NULL),
('11400827', 'REAVEN OMAR', 'ALVARADO', 'CASTAÑEDA', '0', '0000-00-00', NULL, '', 'AGRONOMÍA', NULL, NULL),
('11400828', 'JULIO CESAR', 'BAÑEZ', 'RAMIREZ', '0', '0000-00-00', NULL, '', 'INGENIERÍA CIVIL', NULL, NULL),
('11400829', 'DEISY LISSETH', 'ALEJANDRO', 'BAÑEZ', '0', '0000-00-00', NULL, '', 'INGENIERÍA PESQUERA', NULL, NULL),
('11400830', 'JORGE LUIS', 'CORREA', 'GRADOS', '0', '0000-00-00', NULL, '', 'CIENCIAS CONTABLES Y FINANCIERAS', NULL, NULL),
('11400831', 'JHILSSON CAMILO', 'BAZALAR', 'GUERRERO', '0', '0000-00-00', NULL, '', 'MEDICINA HUMANA', NULL, NULL),
('11400832', 'HOILYE NOEMI', 'SOBERANIS', 'ESPINOZA', '0', '0000-00-00', NULL, '', 'INGENIERÍA CIVIL', NULL, NULL),
('11400833', 'NIZA NOELIA', 'BRITO', 'MORALES', '0', '0000-00-00', NULL, '', 'INGENIERÍA EN INDUSTRIAS ALIMENTARIAS', NULL, NULL),
('11400834', 'PEDRO MIGUEL', 'GÓMEZ', 'SHAPIANA', '0', '0000-00-00', NULL, '', 'INGENIERÍA CIVIL', NULL, NULL),
('11400835', 'MILLER JAIME', 'HENOSTROZA', 'CALDERÓN', '0', '0000-00-00', NULL, '', 'INGENIERÍA DE SISTEMAS', NULL, NULL),
('11400836', 'WILLIAM ROVER', 'JARA', 'FLORES', '0', '0000-00-00', NULL, '', 'INGENIERÍA METALÚRGICA', NULL, NULL),
('11400837', 'LOURDES VICTORIA', 'LA ROSA', 'CHÚ', '0', '0000-00-00', NULL, '', 'MEDICINA HUMANA', NULL, NULL),
('11400838', 'GRELDY MELISSA', 'GAMARRA', 'SANDOVAL', '0', '0000-00-00', NULL, '', 'MEDICINA HUMANA', NULL, NULL),
('11400839', 'NENCY', 'GUZMÁN', 'YAMUNAQUÉ', '0', '0000-00-00', NULL, '', 'DERECHO Y CIENCIAS POLÍTICAS', NULL, NULL),
('11400840', 'XIOMARA FABIOLA', 'JUAN DE DIOS', 'UGARTE', '0', '0000-00-00', NULL, '', 'INGENIERÍA METALÚRGICA', NULL, NULL),
('11400842', 'JHOANN ANTHONY', 'PACHECO', 'SUSANIBAR', '0', '0000-00-00', NULL, '', 'MEDICINA HUMANA', NULL, NULL),
('11400843', 'IVESH MCKEY', 'GONZALES', 'SIFUENTES', '0', '0000-00-00', NULL, '', 'INGENIERÍA DE SISTEMAS', NULL, NULL),
('11400844', 'ROCIO RUBÍ', 'ROJAS', 'CADENAS', '0', '0000-00-00', NULL, '', 'ADMINISTRACIÓN', NULL, NULL),
('11400845', 'ANGELA LILISBEL', 'CASTRO', 'PARRILLA', '0', '0000-00-00', NULL, '', 'MEDICINA HUMANA', NULL, NULL),
('11400846', 'LUCYTANIA YUNIETH', 'NICHO', 'BARBOZA', '0', '0000-00-00', NULL, '', 'ENFERMERÍA', NULL, NULL),
('11400847', 'FERNANDO JAVIER', 'VERGARA', 'JAVIER', '0', '0000-00-00', NULL, '', 'ADMINISTRACIÓN', NULL, NULL),
('11400848', 'CARLOS LUCIANO', 'TORRES', 'FERNÁNDEZ', '0', '0000-00-00', NULL, '', 'MEDICINA HUMANA', NULL, NULL),
('11400849', 'ISAAC ALBERTO', 'CHAVESTA', 'BAZALAR', '0', '0000-00-00', NULL, '', 'ECONOMÍA Y FINANZAS', NULL, NULL),
('11400850', 'LUZ ELIANA', 'PASACHE', 'AGÜERO', '0', '0000-00-00', NULL, '', 'ENFERMERÍA', NULL, NULL),
('11400851', 'ALEX ANGEL', 'QUILIANO', 'HUARINGA', '0', '0000-00-00', NULL, '', 'BROMATOLOGÍA Y NUTRICIÓN', NULL, NULL),
('11400852', 'CARLOS LUISIN', 'QUIÑONES', 'MINAYA', '0', '0000-00-00', NULL, '', 'MEDICINA HUMANA', NULL, NULL),
('11400853', 'LUZ JANET', 'SALINAS', 'SOCLA', '0', '0000-00-00', NULL, '', 'DERECHO Y CIENCIAS POLÍTICAS', NULL, NULL),
('11400854', 'JEAN PIERRE', 'QUIROZ', 'MUÑOZ', '0', '0000-00-00', NULL, '', 'INGENIERÍA DE SISTEMAS', NULL, NULL),
('11400855', 'LIVI OYUKI', 'VALVERDE', 'VILLANUEVA', '0', '0000-00-00', NULL, '', 'TRABAJO SOCIAL', NULL, NULL),
('11400856', 'MARISOL VICTORIA', 'QUINTANA', 'SOLÓRZANO', '0', '0000-00-00', NULL, '', 'INGENIERÍA INFORMÁTICA', NULL, NULL),
('11400857', 'KATHERIN GISEL', 'LÓPEZ', 'ROMERO', '0', '0000-00-00', NULL, '', 'BROMATOLOGÍA Y NUTRICIÓN', NULL, NULL),
('11400858', 'NICKEL LUIS', 'PARIA', 'VELÁSQUEZ', '0', '0000-00-00', NULL, '', 'MEDICINA HUMANA', NULL, NULL),
('11400859', 'CANDY ARACELY', 'SEVILLANO', 'AYALA', '0', '0000-00-00', NULL, '', 'TURISMO Y HOTELERÍA', NULL, NULL),
('11400860', 'DENISSE KETHERINE', 'ARQUINIGO', 'LAVADO', '0', '0000-00-00', NULL, '', 'MEDICINA HUMANA', NULL, NULL),
('11400861', 'KAREN KATHERIN', 'VINCES', 'SÁNCHEZ', '0', '0000-00-00', NULL, '', 'NEGOCIOS INTERNACIONALES', NULL, NULL),
('11400862', 'JONATHAN ALBERTO', 'SOLIS', 'CADILLO', '0', '0000-00-00', NULL, '', 'ECONOMÍA Y FINANZAS', NULL, NULL),
('11400863', 'SHIRLEY YAHARA', 'CHIRITO', 'CARREÑO', '0', '0000-00-00', NULL, '', 'ENFERMERÍA', NULL, NULL),
('11400864', 'KARINA DANAE', 'VELÁSQUEZ', 'MEDINA', '0', '0000-00-00', NULL, '', 'ENFERMERÍA', NULL, NULL),
('11400865', 'ERICK DIEGO', 'VÁSQUEZ', 'ESCOBAR', '0', '0000-00-00', NULL, '', 'INGENIERÍA CIVIL', NULL, NULL),
('11400866', 'ELOISA CONSUELO', 'NARVASTA', 'ZAPATA', '0', '0000-00-00', NULL, '', 'SOCIOLOGÍA', NULL, NULL),
('11400867', 'MARIA ALEJANDRA', 'RAMON', 'PINILLOS', '0', '0000-00-00', NULL, '', 'NEGOCIOS INTERNACIONALES', NULL, NULL),
('11400868', 'VILMA', 'FERNÁNDEZ', 'ROJAS', '0', '0000-00-00', NULL, '', 'AGRONOMÍA', NULL, NULL),
('11400869', 'SUSAN STHEFANIE', 'GALLUPE', 'PALOMINO', '0', '0000-00-00', NULL, '', 'ENFERMERÍA', NULL, NULL),
('11400870', 'JHESLEY', 'AVILA', 'SOLÓRZANO', '0', '0000-00-00', NULL, '', 'MEDICINA HUMANA', NULL, NULL),
('11400871', 'CAROLINA LIZBETH', 'HONORIO', 'ACUÑA', '0', '0000-00-00', NULL, '', 'BROMATOLOGÍA Y NUTRICIÓN', NULL, NULL),
('11400872', 'ALEXANDRA MARIELENA', 'MORA', 'VILLAREAL', '0', '0000-00-00', NULL, '', 'DERECHO Y CIENCIAS POLÍTICAS', NULL, NULL),
('11400873', 'MANUEL ANGEL', 'PIÑAN', 'CALDERÓN', '0', '0000-00-00', NULL, '', 'CIENCIAS CONTABLES Y FINANCIERAS', NULL, NULL);
INSERT INTO `alumno` (`codalumno`, `nombrealumno`, `apaterno`, `amaterno`, `dni`, `fecha_nacimiento`, `fotoalumno`, `correo`, `escuela_nombre`, `codAula`, `codSede`) VALUES
('11400874', 'PAMELA INGRID', 'GRADOS', 'ESPINOZA', '0', '0000-00-00', NULL, '', 'MEDICINA HUMANA', NULL, NULL),
('11400875', 'CRISTIAN JOSÉ', 'URPEQUE', 'TARAZONA', '0', '0000-00-00', NULL, '', 'MEDICINA HUMANA', NULL, NULL),
('11400876', 'ANDERSON JUNIOR', 'HURTADO', 'BONILLA', '0', '0000-00-00', NULL, '', 'INGENIERÍA AMBIENTAL', NULL, NULL),
('11400877', 'JULIO CESAR', 'ALOR', 'CAMACHO', '0', '0000-00-00', NULL, '', 'DERECHO Y CIENCIAS POLÍTICAS', NULL, NULL),
('11400878', 'DILL WILLIANS', 'FIESTAS', 'ROMERO', '0', '0000-00-00', NULL, '', 'ECONOMÍA Y FINANZAS', NULL, NULL),
('11400879', 'JR', 'SANTILLÁN', 'PALACIOS', '0', '0000-00-00', NULL, '', 'INGENIERÍA CIVIL', NULL, NULL),
('11400880', 'RODER RICHAR', 'CORTEZ', 'APOLINARIO', '0', '0000-00-00', NULL, '', 'NEGOCIOS INTERNACIONALES', NULL, NULL),
('11400881', 'RODRIGO MICHAEL', 'HILARIO', 'SÁNCHEZ', '0', '0000-00-00', NULL, '', 'DERECHO Y CIENCIAS POLÍTICAS', NULL, NULL),
('11400882', 'DALIA LUCERO', 'MARTÍNEZ', 'GUARDALES', '0', '0000-00-00', NULL, '', 'INGENIERÍA DE SISTEMAS', NULL, NULL),
('11400883', 'FABIOLA NASHALLY ARLEYS', 'RURUSH', 'ALVARADO', '0', '0000-00-00', NULL, '', 'INGENIERÍA CIVIL', NULL, NULL),
('11400884', 'ANGÉLICA DEL PILAR', 'SALVATIERRA', 'CHIRA', '0', '0000-00-00', NULL, '', 'MEDICINA HUMANA', NULL, NULL),
('11400885', 'DOUGLAS ANDRES', 'EYZAGUIRRE', 'FERNANDEZ', '0', '0000-00-00', NULL, '', 'ADMINISTRACIÓN', NULL, NULL),
('11400886', 'MERY LUZ', 'HILARIO', 'SANCHEZ', '0', '0000-00-00', NULL, '', 'CIENCIAS DE LA COMUNICACIÓN', NULL, NULL),
('11400887', 'JHON BRAYAN', 'CORPUS', 'YAMUNAQUÉ', '0', '0000-00-00', NULL, '', 'DERECHO Y CIENCIAS POLÍTICAS', NULL, NULL),
('11400888', 'JIMMY AMADOR', 'MAGUIÑA', 'CHAVEZ', '0', '0000-00-00', NULL, '', 'INGENIERÍA CIVIL', NULL, NULL),
('11400889', 'MARIA DEL ROSARIO', 'LESCANO', 'ALVARADO', '0', '0000-00-00', NULL, '', 'TURISMO Y HOTELERÍA', NULL, NULL),
('11400890', 'MARLENE ELIZABETH', 'MELGAREJO', 'JARA', '0', '0000-00-00', NULL, '', 'DERECHO Y CIENCIAS POLÍTICAS', NULL, NULL),
('11400891', 'JHEFRIN PAÚL', 'HILARIO', 'PIJO', '0', '0000-00-00', NULL, '', 'INGENIERÍA CIVIL', NULL, NULL),
('11400892', 'KATHERINE LISVETH', 'NAZARIO', 'TICSE', '0', '0000-00-00', NULL, '', 'SOCIOLOGÍA', NULL, NULL),
('11400893', 'JORDY ROMARIO', 'ROSALES', 'LLAGAS', '0', '0000-00-00', NULL, '', 'NEGOCIOS INTERNACIONALES', NULL, NULL),
('11400894', 'MIGUEL ANGEL', 'FRITAS', 'SERNA', '0', '0000-00-00', NULL, '', 'BROMATOLOGÍA Y NUTRICIÓN', NULL, NULL),
('11400895', 'REYNA ESPERANZA', 'ROSALES', 'UGARTE', '0', '0000-00-00', NULL, '', 'INGENIERÍA AMBIENTAL', NULL, NULL),
('11400896', 'ANA PAULA', 'LLAGAS', 'VILLENA', '0', '0000-00-00', NULL, '', 'INGENIERÍA PESQUERA', NULL, NULL),
('11400897', 'JIMMY ALBERTO', 'PEREZ', 'ROSALES', '0', '0000-00-00', NULL, '', 'NEGOCIOS INTERNACIONALES', NULL, NULL),
('11400898', 'DIEGO ALONSO', 'ROSALES', 'PIJO', '0', '0000-00-00', NULL, '', 'INGENIERÍA CIVIL', NULL, NULL),
('11400899', 'NELIDA CONSUELO', 'ROSALES', 'RIOS', '0', '0000-00-00', NULL, '', 'SOCIOLOGÍA', NULL, NULL),
('11400900', 'MARÍA BELÉN EUNICE', 'RODRÍGUEZ', 'CALDERÓN', '0', '0000-00-00', NULL, '', 'DERECHO Y CIENCIAS POLÍTICAS', NULL, NULL),
('11400901', 'FIORELA DEL PILAR', 'TOLENTINO', 'PEÑA', '0', '0000-00-00', NULL, '', 'INGENIERÍA CIVIL', NULL, NULL),
('11400902', 'TATIANA MARIBEL', 'RAMOS', 'LLAGAS', '0', '0000-00-00', NULL, '', 'ENFERMERÍA', NULL, NULL),
('11400903', 'EFRAÍN RAMÓN JEAN PIERRE', 'CASTILLA', 'MINAYA', '0', '0000-00-00', NULL, '', 'MEDICINA HUMANA', NULL, NULL),
('11400904', 'CRISTHIAN RUBEN', 'MORENO', 'TORRES', '0', '0000-00-00', NULL, '', 'DERECHO Y CIENCIAS POLÍTICAS', NULL, NULL),
('11400905', 'MARIA CRISTINA', 'VÁSQUEZ', 'SILVA', '0', '0000-00-00', NULL, '', 'INGENIERÍA INDUSTRIAL', NULL, NULL),
('11400906', 'ADELI ANGIE', 'VIERA', 'MARTINEZ', '0', '0000-00-00', NULL, '', 'INGENIERÍA INDUSTRIAL', NULL, NULL),
('11400907', 'INGRID MARIELA', 'AMASIFUEN', 'ACARLOS', '0', '0000-00-00', NULL, '', 'ADMINISTRACIÓN', NULL, NULL),
('11400908', 'PAMELA LIZ', 'SÁNCHEZ', 'LOAYZA', '0', '0000-00-00', NULL, '', 'DERECHO Y CIENCIAS POLÍTICAS', NULL, NULL),
('11400909', 'CLINTON URCISIMO', 'LEÓN', 'DE LA CRUZ', '0', '0000-00-00', NULL, '', 'INGENIERÍA CIVIL', NULL, NULL),
('11400910', 'CARMEN MARIELA', 'HUAVIL', 'CAMACHO', '0', '0000-00-00', NULL, '', 'DERECHO Y CIENCIAS POLÍTICAS', NULL, NULL),
('11400911', 'JORGE ANTONIO', 'CARBAJAL', 'TOSCANO', '0', '0000-00-00', NULL, '', 'CIENCIAS CONTABLES Y FINANCIERAS', NULL, NULL),
('11400912', 'SARA GRACE', 'RETUERTO', 'CRUZ', '0', '0000-00-00', NULL, '', 'ENFERMERÍA', NULL, NULL),
('11400913', 'ROSENY LUZ ADRYANI', 'NUÑEZ', 'LAZO', '0', '0000-00-00', NULL, '', 'INGENIERÍA CIVIL', NULL, NULL),
('11400914', 'ISABEL DANIELA', 'JURADO', 'MORALES', '0', '0000-00-00', NULL, '', 'ENFERMERÍA', NULL, NULL),
('11400915', 'ANDREA', 'ESCOBAR', 'CARBAJAL', '0', '0000-00-00', NULL, '', 'MEDICINA HUMANA', NULL, NULL),
('11400916', 'LUIGGI ROBINSON', 'HERBOZO', 'ARCE', '0', '0000-00-00', NULL, '', 'INGENIERÍA CIVIL', NULL, NULL),
('11400917', 'JUANA GISVEL', 'CASTRO', 'MARIANA', '0', '0000-00-00', NULL, '', 'TRABAJO SOCIAL', NULL, NULL),
('11400918', 'MAYRA ALEJANDRA', 'PALACIOS', 'MORENO', '0', '0000-00-00', NULL, '', 'INGENIERÍA DE SISTEMAS', NULL, NULL),
('11400919', 'JUAN DIEGO', 'YOVERA', 'CASTRO', '0', '0000-00-00', NULL, '', 'MEDICINA HUMANA', NULL, NULL),
('11400920', 'MARIA YOVANA', 'MUÑOZ', 'FERNÁNDEZ', '0', '0000-00-00', NULL, '', 'INGENIERÍA CIVIL', NULL, NULL),
('11400921', 'JANS POOL', 'SANCHEZ', 'QUIN', '0', '0000-00-00', NULL, '', 'INGENIERÍA CIVIL', NULL, NULL),
('11400922', 'YANINA SHECIRA', 'CANALES', 'VILLANUEVA', '0', '0000-00-00', NULL, '', 'EDUCACIÓN INICIAL Y ARTE', NULL, NULL),
('11400923', 'JHOMIRA YERALI', 'MUNDO', 'MORENO', '0', '0000-00-00', NULL, '', 'ADMINISTRACIÓN', NULL, NULL),
('11400924', 'RENZO ARTURO', 'MUÑOZ', 'ZACARIAS', '0', '0000-00-00', NULL, '', 'ADMINISTRACIÓN', NULL, NULL),
('11400925', 'VANESSA LIZBETH', 'MONTORO', 'LLIUYA', '0', '0000-00-00', NULL, '', 'NEGOCIOS INTERNACIONALES', NULL, NULL),
('11400926', 'CARLOS MICHELL', 'RIVERA', 'VILLAORDUÑA', '0', '0000-00-00', NULL, '', 'INGENIERÍA CIVIL', NULL, NULL),
('11400927', 'GERARDO', 'MORALES', 'ROBLES', '0', '0000-00-00', NULL, '', 'ENFERMERÍA', NULL, NULL),
('11400928', 'BRIGHIT MITSUKO MARIA', 'CARRERA', 'VENTURA', '0', '0000-00-00', NULL, '', 'INGENIERÍA AMBIENTAL', NULL, NULL),
('11400929', 'ELVA ANYLÚ', 'VILLACRES', 'LLANCACURA', '0', '0000-00-00', NULL, '', 'ADMINISTRACIÓN', NULL, NULL),
('11400930', 'AMELLYN JOMAIRA', 'CHÁVEZ', 'URRIETA', '0', '0000-00-00', NULL, '', 'ADMINISTRACIÓN', NULL, NULL),
('11400931', 'GRECIA DANAE', 'ANICETO', 'AGUANCONDO', '0', '0000-00-00', NULL, '', 'MEDICINA HUMANA', NULL, NULL),
('11400932', 'JACKELINE', 'GIRÓN', 'GREGORIO', '0', '0000-00-00', NULL, '', 'ENFERMERÍA', NULL, NULL),
('11400933', 'EDDINGTON', 'DOLORES', 'VIGILIO', '0', '0000-00-00', NULL, '', 'ADMINISTRACIÓN', NULL, NULL),
('11400934', 'JHON ELIO', 'DOLORES', 'CASTILLO', '0', '0000-00-00', NULL, '', 'INGENIERÍA ELECTRÓNICA', NULL, NULL),
('11400935', 'MILAGRITOS STEFANY', 'VÁSQUEZ', 'DÁVILA', '0', '0000-00-00', NULL, '', 'INGENIERÍA INDUSTRIAL', NULL, NULL),
('11400936', 'CÉSAR OMAR', 'ROJAS', 'LOYOLA', '0', '0000-00-00', NULL, '', 'INGENIERÍA CIVIL', NULL, NULL),
('11400937', 'DANNYA STEFANY', 'BENIGNO', 'DIAZ', '0', '0000-00-00', NULL, '', 'MEDICINA HUMANA', NULL, NULL),
('11400938', 'BETSA LISSET', 'ZORRILLA', 'TICONA', '0', '0000-00-00', NULL, '', 'INGENIERÍA AMBIENTAL', NULL, NULL),
('11400939', 'JHOSELYN', 'MORALES', 'DOMINGUEZ', '0', '0000-00-00', NULL, '', 'INGENIERÍA CIVIL', NULL, NULL),
('11400940', 'CESAR ALFONSO CIS', 'DEL AGUILA', 'MALTA', '0', '0000-00-00', NULL, '', 'MEDICINA HUMANA', NULL, NULL),
('11400941', 'LORENA JOHANNA', 'LOPEZ', 'REYES', '0', '0000-00-00', NULL, '', 'INGENIERÍA EN INDUSTRIAS ALIMENTARIAS', NULL, NULL),
('11400942', 'JHOSMAR ALEXIS', 'PINEDA', 'TINOCO', '0', '0000-00-00', NULL, '', 'MEDICINA HUMANA', NULL, NULL),
('11400943', 'ROSARIO ZARELLA', 'GARAY', 'SALINAS', '0', '0000-00-00', NULL, '', 'MEDICINA HUMANA', NULL, NULL),
('11400944', 'ASLLEY KATTICSA', 'GOMERO', 'PEÑA', '0', '0000-00-00', NULL, '', 'MEDICINA HUMANA', NULL, NULL),
('11400945', 'LESLY EVELYN', 'HUERTA', 'CUEVA', '0', '0000-00-00', NULL, '', 'ADMINISTRACIÓN', NULL, NULL),
('11400946', 'GREGORY GILBERTH', 'LUIS', 'RODRIGUEZ', '0', '0000-00-00', NULL, '', 'DERECHO Y CIENCIAS POLÍTICAS', NULL, NULL),
('11400947', 'LESHLI ESVELI', 'HUERTA', 'MORALES', '0', '0000-00-00', NULL, '', 'DERECHO Y CIENCIAS POLÍTICAS', NULL, NULL),
('11400948', 'JENNIFER JHOSSELYN', 'CARRIÓN', 'RAMOS', '0', '0000-00-00', NULL, '', 'ECONOMÍA Y FINANZAS', NULL, NULL),
('11400949', 'ALEJANDRA JIMENA', 'LIRA', 'LIRA', '0', '0000-00-00', NULL, '', 'DERECHO Y CIENCIAS POLÍTICAS', NULL, NULL),
('11400950', 'LIZ ANY', 'VILLACORTA', 'TÁMARA', '0', '0000-00-00', NULL, '', 'CIENCIAS CONTABLES Y FINANCIERAS', NULL, NULL),
('11400951', 'JENNIFER BELEN', 'SIALER', 'GAMARRA', '0', '0000-00-00', NULL, '', 'NEGOCIOS INTERNACIONALES', NULL, NULL),
('11400952', 'LUCIO JUNIOR', 'BALDERA', 'HARO', '0', '0000-00-00', NULL, '', 'CIENCIAS CONTABLES Y FINANCIERAS', NULL, NULL),
('11400953', 'ANYELA MARYORI', 'ORTEGA', 'LEZAMETA', '0', '0000-00-00', NULL, '', 'SOCIOLOGÍA', NULL, NULL),
('11400954', 'JHONATAN', 'MANRIQUE', 'TENA', '0', '0000-00-00', NULL, '', 'BROMATOLOGÍA Y NUTRICIÓN', NULL, NULL),
('11400955', 'ROSA ELENA', 'VARAS', 'ZUÑIGA', '0', '0000-00-00', NULL, '', 'MEDICINA HUMANA', NULL, NULL),
('11400956', 'FREDY JEYSON', 'ESPINOZA', 'GALLEGOS', '0', '0000-00-00', NULL, '', 'NEGOCIOS INTERNACIONALES', NULL, NULL),
('11400957', 'ROSA', 'SILUPU', 'ROMAN', '0', '0000-00-00', NULL, '', 'NEGOCIOS INTERNACIONALES', NULL, NULL),
('11400958', 'LAURA ANDREA', 'GRAUS', 'VALLADARES', '0', '0000-00-00', NULL, '', 'ADMINISTRACIÓN', NULL, NULL),
('11400959', 'ALISON KIMBERLY', 'CARREÑO', 'ARAUJO', '0', '0000-00-00', NULL, '', 'ZOOTECNIA', NULL, NULL),
('11400960', 'EDISON ALCIBIADES', 'ALONSO', 'PAZ', '0', '0000-00-00', NULL, '', 'MEDICINA HUMANA', NULL, NULL),
('11400961', 'JOSÉ MIGUEL', 'FEBRES', 'RODRÍGUEZ', '0', '0000-00-00', NULL, '', 'ADMINISTRACIÓN', NULL, NULL),
('11400962', 'DARIO ALONSO', 'CARBAJAL', 'VASQUEZ', '0', '0000-00-00', NULL, '', 'AGRONOMÍA', NULL, NULL),
('11400963', 'JERAMIDES DENIS', 'JUSTO', 'NAUPAY', '0', '0000-00-00', NULL, '', 'INGENIERÍA INDUSTRIAL', NULL, NULL),
('11400964', 'ALFREDO', 'JUSTO', 'NAUPAY', '0', '0000-00-00', NULL, '', 'ELECTRÓNICA', NULL, NULL),
('11400965', 'YULIETH ANDREA', 'HUAYTA', 'SOLANO', '0', '0000-00-00', NULL, '', 'BROMATOLOGÍA Y NUTRICIÓN', NULL, NULL),
('11400966', 'ANA RAQUEL', 'GARCIA', 'GASPAR', '0', '0000-00-00', NULL, '', 'ADMINISTRACIÓN', NULL, NULL),
('11400967', 'JOSSELIN JANNELY', 'LLANOS', 'ALONZO', '0', '0000-00-00', NULL, '', 'TRABAJO SOCIAL', NULL, NULL),
('11400968', 'WENDY KATHERIN', 'GONZALES', 'SANDONAS', '0', '0000-00-00', NULL, '', 'SOCIOLOGÍA', NULL, NULL),
('11400969', 'GERALDINE NAISHA', 'VARGAS', 'GARCIA', '0', '0000-00-00', NULL, '', 'BROMATOLOGÍA Y NUTRICIÓN', NULL, NULL),
('11400970', 'BREISSY OLENKA', 'BACA', 'CUEVA', '0', '0000-00-00', NULL, '', 'SOCIOLOGÍA', NULL, NULL),
('11400971', 'FRANK WILLIAMS', 'VALDIVIESO', 'RODRIGUEZ', '0', '0000-00-00', NULL, '', 'CIENCIAS CONTABLES Y FINANCIERAS', NULL, NULL),
('11400972', 'CAROL JACKELINE', 'MATA', 'BARRERA', '0', '0000-00-00', NULL, '', 'MEDICINA HUMANA', NULL, NULL),
('11400973', 'CORALY LELIA', 'SALGUERO', 'ESPINOZA', '0', '0000-00-00', NULL, '', 'CIENCIAS CONTABLES Y FINANCIERAS', NULL, NULL),
('11400974', 'JORSH SMITH', 'SILVESTRE', 'COLUMGA', '0', '0000-00-00', NULL, '', 'ECONOMÍA Y FINANZAS', NULL, NULL),
('11400975', 'VANESSA ANTONELLA', 'CASTILLO', 'SALAS', '0', '0000-00-00', NULL, '', 'CIENCIAS CONTABLES Y FINANCIERAS', NULL, NULL),
('11400976', 'CLAUDIA KATHERINE', 'CHUQUI', 'BLAS', '0', '0000-00-00', NULL, '', 'NEGOCIOS INTERNACIONALES', NULL, NULL),
('11400977', 'JONATHAN SAMUEL', 'ROMÁN', 'ALVAREZ', '0', '0000-00-00', NULL, '', 'MEDICINA HUMANA', NULL, NULL),
('11400978', 'GREISY GELENY', 'CHÁVEZ', 'MEDINA', '0', '0000-00-00', NULL, '', 'LENGUA, COMUNICACIÓN E IDIOMA INGLÉS', NULL, NULL),
('11400979', 'EDUARDO ALEXIS', 'CAMPOS', 'SANTIAGO', '0', '0000-00-00', NULL, '', 'INGENIERÍA AMBIENTAL', NULL, NULL),
('11400980', 'AYRTHON KERRY', 'DELGADILLO', 'FIGUEROA', '0', '0000-00-00', NULL, '', 'DERECHO Y CIENCIAS POLÍTICAS', NULL, NULL),
('11400981', 'DALIA KASSANDRA', 'JUNEZ', 'ROJAS', '0', '0000-00-00', NULL, '', 'ADMINISTRACIÓN', NULL, NULL),
('11400982', 'JANETT GIOVANA', 'DOMINGUEZ', 'CHINCHAY', '0', '0000-00-00', NULL, '', 'MEDICINA HUMANA', NULL, NULL),
('11400983', 'ROSARIO IRIS', 'AYALA', 'CABALLERO', '0', '0000-00-00', NULL, '', 'ENFERMERÍA', NULL, NULL),
('11400984', 'BELÉN ADRIANA', 'MENDOZA', 'CORDOVA', '0', '0000-00-00', NULL, '', 'DERECHO Y CIENCIAS POLÍTICAS', NULL, NULL),
('11400985', 'JHAMARY GIANCARLO', 'MENDEZ', 'HINOSTROZA', '0', '0000-00-00', NULL, '', 'INGENIERÍA AMBIENTAL', NULL, NULL),
('11400986', 'STEFANNY', 'HUARAC', 'CADILLO', '0', '0000-00-00', NULL, '', 'TRABAJO SOCIAL', NULL, NULL),
('11400987', 'ROYER LUIS', 'LICITO', 'RAMÍREZ', '0', '0000-00-00', NULL, '', 'ZOOTECNIA', NULL, NULL),
('11400988', 'YAIZA MARIANNÉ', 'PÁEZ', 'HILARIO', '0', '0000-00-00', NULL, '', 'CIENCIAS CONTABLES Y FINANCIERAS', NULL, NULL),
('11400989', 'NATALIA CECILIA', 'CERNA', 'BUSTILLOS', '0', '0000-00-00', NULL, '', 'BROMATOLOGÍA Y NUTRICIÓN', NULL, NULL),
('11400990', 'CÉSAR AUGUSTO', 'MUÑOZ', 'ESPINOZA', '0', '0000-00-00', NULL, '', 'ADMINISTRACIÓN', NULL, NULL),
('11400991', 'RAY EDWARD', 'CHUJUTAYI', 'ALVAN', '0', '0000-00-00', NULL, '', 'INGENIERÍA INDUSTRIAL', NULL, NULL),
('11400992', 'FABIOLA ELVIRA', 'ESPINOZA', 'CALDERON', '0', '0000-00-00', NULL, '', 'NEGOCIOS INTERNACIONALES', NULL, NULL),
('11400993', 'GABRIELA JACKELINE', 'SAAVEDRA', 'REMIGIO', '0', '0000-00-00', NULL, '', 'TURISMO Y HOTELERÍA', NULL, NULL),
('11400994', 'JAIR EMIR', 'SALAS', 'VIA', '0', '0000-00-00', NULL, '', 'CIENCIAS SOCIALES  Y TURISMO', NULL, NULL),
('11400995', 'CRISTINA LUCIA', 'VENEGAS', 'BUITRON', '0', '0000-00-00', NULL, '', 'DERECHO Y CIENCIAS POLÍTICAS', NULL, NULL),
('11400996', 'CARLOS JAVIER', 'CABALLERO', 'LUNA', '0', '0000-00-00', NULL, '', 'INGENIERÍA ELECTRÓNICA', NULL, NULL),
('11400997', 'CECILIA PATRICIA', 'TORRES', 'SAMARITANO', '0', '0000-00-00', NULL, '', 'ZOOTECNIA', NULL, NULL),
('11400998', 'JACKELIN ROSMERY', 'TORRES', 'SAMARITANO', '0', '0000-00-00', NULL, '', 'ECONOMÍA Y FINANZAS', NULL, NULL),
('11400999', 'GIAN MARCOS', 'MORALES', 'CALIXTO', '0', '0000-00-00', NULL, '', 'INGENIERÍA CIVIL', NULL, NULL),
('11401000', 'MARÍA ALEJANDRA', 'MONTESINOS', 'GARCÍA', '0', '0000-00-00', NULL, '', 'EDUCACIÓN INICIAL Y ARTE', NULL, NULL),
('11401001', 'SUMIKO HELENA', 'MIYAMOTO', 'FLORES', '0', '0000-00-00', NULL, '', 'INGENIERÍA INDUSTRIAL', NULL, NULL),
('11401002', 'WENDY ALMENDRA', 'ESPICHÁN', 'LOZANO', '0', '0000-00-00', NULL, '', 'EDUCACIÓN INICIAL Y ARTE', NULL, NULL),
('11401003', 'ELVIS JUNIOR', 'RAMÍREZ', 'CERNA', '0', '0000-00-00', NULL, '', 'INGENIERÍA AMBIENTAL', NULL, NULL),
('11401004', 'YUDY SARA', 'PAULINO', 'ASCENCIOS', '0', '0000-00-00', NULL, '', 'TRABAJO SOCIAL', NULL, NULL),
('11401005', 'IRIS DESIREE', 'GARCIA', 'CORDERO', '0', '0000-00-00', NULL, '', 'BROMATOLOGÍA Y NUTRICIÓN', NULL, NULL),
('11401006', 'TOTITA FLOR', 'JESUS', 'ROCA', '0', '0000-00-00', NULL, '', 'TRABAJO SOCIAL', NULL, NULL),
('11401007', 'LUIS ANGEL', 'BUITRÓN', 'ALVARADO', '0', '0000-00-00', NULL, '', 'BROMATOLOGÍA Y NUTRICIÓN', NULL, NULL),
('11401008', 'GERSON JAIRO', 'BALTAZAR', 'SALAZAR', '0', '0000-00-00', NULL, '', 'INGENIERÍA CIVIL', NULL, NULL),
('11401009', 'IVAN MARIATIGUE', 'INCA', 'UCHARIMA', '0', '0000-00-00', NULL, '', 'ADMINISTRACIÓN', NULL, NULL),
('11401010', 'ERIKA AURORA', 'GAMARRA', 'AVALOS', '0', '0000-00-00', NULL, '', 'MEDICINA HUMANA', NULL, NULL),
('11401011', 'MELISSA MEDALIT', 'PÉREZ', 'PANDO', '0', '0000-00-00', NULL, '', 'ADMINISTRACIÓN', NULL, NULL),
('11401012', 'JUAN CARLOS', 'CAPRA', 'AGUIRRE', '0', '0000-00-00', NULL, '', 'INGENIERÍA CIVIL', NULL, NULL),
('11401013', 'JUDITH EVELYN', 'CASTRO', 'VILLANUEVA', '0', '0000-00-00', NULL, '', 'SOCIOLOGÍA', NULL, NULL),
('11401014', 'ALEXANDER', 'SULCA', 'BLAS', '0', '0000-00-00', NULL, '', 'ECONOMÍA Y FINANZAS', NULL, NULL),
('11401015', 'ALLISON VIRGINIA', 'SAENZ', 'ZARZOSA', '0', '0000-00-00', NULL, '', 'TURISMO Y HOTELERÍA', NULL, NULL),
('11401016', 'ISABEL MAYRA', 'TARAZONA', 'RAMIREZ', '0', '0000-00-00', NULL, '', 'ENFERMERÍA', NULL, NULL),
('11401017', 'CINTIA VANESA', 'MONTES', 'RASHTA', '0', '0000-00-00', NULL, '', 'EDUCACIÓN INICIAL Y ARTE', NULL, NULL),
('11401018', 'BRENDA CAROLINA', 'QUIROZ', 'ACUÑA', '0', '0000-00-00', NULL, '', 'INGENIERÍA DE SISTEMAS', NULL, NULL),
('11401019', 'HILDA ROCÍO', 'TARAZONA', 'RAMIREZ', '0', '0000-00-00', NULL, '', 'DERECHO Y CIENCIAS POLÍTICAS', NULL, NULL),
('11401020', 'JORGE YOSHEMIR', 'VÁSQUEZ', 'ROQUE', '0', '0000-00-00', NULL, '', 'MEDICINA HUMANA', NULL, NULL),
('11401021', 'ABIMAEL', 'CABELLO', 'RAFAEL', '0', '0000-00-00', NULL, '', 'TURISMO Y HOTELERÍA', NULL, NULL),
('11401022', 'LUIS MIGUEL', 'CHIPANA', 'DELGADO', '0', '0000-00-00', NULL, '', 'ADMINISTRACIÓN', NULL, NULL),
('11401023', 'JHONNATAN LIVIO', 'VEGA', 'APONTE', '0', '0000-00-00', NULL, '', 'DERECHO Y CIENCIAS POLÍTICAS', NULL, NULL),
('11401024', 'EDGAR JHERSSON', 'CHAGRAY', 'MAURICIO', '0', '0000-00-00', NULL, '', 'DERECHO Y CIENCIAS POLÍTICAS', NULL, NULL),
('11401025', 'THALÍA PIERINA', 'PAUCAR', 'VALLADARES', '0', '0000-00-00', NULL, '', 'DERECHO Y CIENCIAS POLÍTICAS', NULL, NULL),
('11401026', 'MELANY RAQUEL', 'PACHECO', 'ESTICA', '0', '0000-00-00', NULL, '', 'CIENCIAS CONTABLES Y FINANCIERAS', NULL, NULL),
('11401027', 'FIORELA BETSABEL', 'CHIRITO', 'MOYA', '0', '0000-00-00', NULL, '', 'CIENCIAS DE LA COMUNICACIÓN', NULL, NULL),
('11401028', 'XIOMY CORIN', 'ZAVALETA', 'VIVANCO', '0', '0000-00-00', NULL, '', 'INGENIERÍA AMBIENTAL', NULL, NULL),
('11401029', 'JOEL ELVIS', 'ALDERETE', 'ESPÍRITU', '0', '0000-00-00', NULL, '', 'ENFERMERÍA', NULL, NULL),
('11401030', 'JOSÉ ALFREDO', 'VEGA', 'NARCISO', '0', '0000-00-00', NULL, '', 'DERECHO Y CIENCIAS POLÍTICAS', NULL, NULL),
('11401031', 'MAYUMI LERLI', 'ACOSTA', 'CRISOLO', '0', '0000-00-00', NULL, '', 'INGENIERÍA METALÚRGICA', NULL, NULL),
('11401032', 'LIZ ERIKA', 'AUCACCUSI', 'JIMÉNEZ', '0', '0000-00-00', NULL, '', 'TRABAJO SOCIAL', NULL, NULL),
('11401033', 'DIXIE VALENTINA', 'HERRERA', 'ALVAREZ', '0', '0000-00-00', NULL, '', 'TRABAJO SOCIAL', NULL, NULL),
('11401034', 'THALIA ANALIZ', 'AYALA', 'BLAS', '0', '0000-00-00', NULL, '', 'INGENIERÍA INFORMÁTICA', NULL, NULL),
('11401035', 'FLOR DE MARÍA', 'DE LA CRUZ', 'TAMAYO', '0', '0000-00-00', NULL, '', 'CIENCIAS CONTABLES Y FINANCIERAS', NULL, NULL),
('11401036', 'CINTHIA MARYORI', 'VEGA', 'SANTIAGO', '0', '0000-00-00', NULL, '', 'INGENIERÍA METALÚRGICA', NULL, NULL),
('11401037', 'CRISTIAN JOAN', 'OCOÑA', 'RAMOS', '0', '0000-00-00', NULL, '', 'INGENIERÍA CIVIL', NULL, NULL),
('11401038', 'JULISSA VALERIA', 'CADILLO', 'LÁZARO', '0', '0000-00-00', NULL, '', 'INGENIERÍA EN INDUSTRIAS ALIMENTARIAS', NULL, NULL),
('11401039', 'JINNY JUNIOR', 'ROJAS', 'PAREDES', '0', '0000-00-00', NULL, '', 'INGENIERÍA DE SISTEMAS', NULL, NULL),
('11401040', 'THALIA NEYSSA', 'VERGARA', 'COSME', '0', '0000-00-00', NULL, '', 'MEDICINA HUMANA', NULL, NULL),
('11401041', 'MIGUEL ÁNGEL', 'PAUCAR', 'REATEGUI', '0', '0000-00-00', NULL, '', 'INGENIERÍA METALÚRGICA', NULL, NULL),
('11401042', 'ZÓSIMO DAVID', 'TRUJILLO', 'CRISANTO', '0', '0000-00-00', NULL, '', 'CIENCIAS CONTABLES Y FINANCIERAS', NULL, NULL),
('11401043', 'ANDREI SAVELI', 'HUERTA', 'ESPINOZA', '0', '0000-00-00', NULL, '', 'MEDICINA HUMANA', NULL, NULL),
('11401044', 'NAYSON SADRAC', 'MORY', 'ZORRILLA', '0', '0000-00-00', NULL, '', 'INGENIERÍA DE SISTEMAS', NULL, NULL),
('11401045', 'AIME ADONIA', 'CHUQUIYAURI', 'YAUYO', '0', '0000-00-00', NULL, '', 'SOCIOLOGÍA', NULL, NULL),
('11401046', 'ALFREDO', 'SALDAÑA', 'ESPINOZA', '0', '0000-00-00', NULL, '', 'INGENIERÍA INFORMÁTICA', NULL, NULL),
('11401047', 'YOMIRA NAYDÚ', 'LA ROSA', 'POLLERA', '0', '0000-00-00', NULL, '', 'DERECHO Y CIENCIAS POLÍTICAS', NULL, NULL),
('11401048', 'SHARA EMILY', 'ALEJO', 'RAMIREZ', '0', '0000-00-00', NULL, '', 'ADMINISTRACIÓN', NULL, NULL),
('11401049', 'FRANK LOISS DIESEL', 'SILVESTRE', 'LAVADO', '0', '0000-00-00', NULL, '', 'CIENCIAS DE LA COMUNICACIÓN', NULL, NULL),
('11401050', 'ANTONY PIER ELAR', 'PARIONA', 'TAIPE', '0', '0000-00-00', NULL, '', 'TURISMO Y HOTELERÍA', NULL, NULL),
('11401051', 'MARILYN CRISTINA', 'ARELLAN', 'MAYTA', '0', '0000-00-00', NULL, '', 'INGENIERÍA AMBIENTAL', NULL, NULL),
('11401052', 'JESUS ERNESTO', 'MANDAMIENTO', 'CRISOSTOMO', '0', '0000-00-00', NULL, '', 'ADMINISTRACIÓN', NULL, NULL),
('11401053', 'OMAR MANUEL', 'LUJERIO', 'DUEÑAS', '0', '0000-00-00', NULL, '', 'INGENIERÍA CIVIL', NULL, NULL),
('11401054', 'MARTHA ELENA', 'BERNAL', 'MAURICIO', '0', '0000-00-00', NULL, '', 'TRABAJO SOCIAL', NULL, NULL),
('11401055', 'NIC SERGIO', 'ONCOY', 'PABLO', '0', '0000-00-00', NULL, '', 'INGENIERÍA METALÚRGICA', NULL, NULL),
('11401056', 'YULY ANGELICA', 'SOLANO', 'GIRÓN', '0', '0000-00-00', NULL, '', 'CIENCIAS SOCIALES  Y TURISMO', NULL, NULL),
('11401057', 'GABRIELA MARÍA', 'SORIA', 'HUAMAN', '0', '0000-00-00', NULL, '', 'NEGOCIOS INTERNACIONALES', NULL, NULL),
('11401058', 'MADELEINE YOMAYRA', 'PRETELL', 'DEL RIO', '0', '0000-00-00', NULL, '', 'INGENIERÍA AMBIENTAL', NULL, NULL),
('11401059', 'ANTHONY ALEJANDRO', 'MINAYA', 'SILVERIO', '0', '0000-00-00', NULL, '', 'INGENIERÍA CIVIL', NULL, NULL),
('11401060', 'SERGIO ANTONIO', 'ROCANO', 'YUPA', '0', '0000-00-00', NULL, '', 'DERECHO Y CIENCIAS POLÍTICAS', NULL, NULL),
('11401061', 'CESAR AUGUSTO', 'RAMIREZ', 'CUADROS', '0', '0000-00-00', NULL, '', 'DERECHO Y CIENCIAS POLÍTICAS', NULL, NULL),
('11401062', 'ANDREA ALEXANDRA', 'ARANA', 'RODRIGUEZ', '0', '0000-00-00', NULL, '', 'TRABAJO SOCIAL', NULL, NULL),
('11401063', 'JAKELIN RUBÍ', 'ROSALES', 'ANTÚNEZ', '0', '0000-00-00', NULL, '', 'TURISMO Y HOTELERÍA', NULL, NULL),
('11401064', 'JHON PAUL', 'NAVARRO', 'PANANA', '0', '0000-00-00', NULL, '', 'ADMINISTRACIÓN', NULL, NULL),
('11401065', 'XIOMARA ALEJANDRA', 'ASENCIOS', 'SAAVEDRA', '0', '0000-00-00', NULL, '', 'INGENIERÍA AMBIENTAL', NULL, NULL),
('11401066', 'YAJAIRA DEL ROSARIO', 'HERNÁNDEZ', 'PARDO', '0', '0000-00-00', NULL, '', 'NEGOCIOS INTERNACIONALES', NULL, NULL),
('11401067', 'ARANTXA TIFANY GIUBELL', 'SANCHEZ', 'ROSALES', '0', '0000-00-00', NULL, '', 'ADMINISTRACIÓN', NULL, NULL),
('11401068', 'LESLIE ESTEFANNY', 'ACUÑA', 'SANCHEZ', '0', '0000-00-00', NULL, '', 'TURISMO Y HOTELERÍA', NULL, NULL),
('11401069', 'BRENDA MHAISYOLY', 'CALERO', 'TOLENTINO', '0', '0000-00-00', NULL, '', 'NEGOCIOS INTERNACIONALES', NULL, NULL),
('11401070', 'JORGE LUIS', 'PICHILINGUE', 'PALOMO', '0', '0000-00-00', NULL, '', 'INGENIERÍA ELECTRÓNICA', NULL, NULL),
('11401071', 'GERALDINE RUBÍ', 'FABIAN', 'LEON', '0', '0000-00-00', NULL, '', 'INGENIERÍA EN INDUSTRIAS ALIMENTARIAS', NULL, NULL),
('11401072', 'LEONARDO RODRIGO', 'CABALLERO', 'ARELLANO', '0', '0000-00-00', NULL, '', 'INGENIERÍA DE SISTEMAS', NULL, NULL),
('11401073', 'SINDI ANALI', 'VALVERDE', 'ASIS', '0', '0000-00-00', NULL, '', 'INGENIERÍA AMBIENTAL', NULL, NULL),
('11401074', 'HECTOR RAUL', 'MORALES', 'MAGUIÑA', '0', '0000-00-00', NULL, '', 'INGENIERÍA ELECTRÓNICA', NULL, NULL),
('11401075', 'TAIHRI ELIZABETH', 'BRAVO', 'CATIRE', '0', '0000-00-00', NULL, '', 'INGENIERÍA METALÚRGICA', NULL, NULL),
('11401076', 'JOSÉ MARIANO', 'PAREDES', 'HUAYANEY', '0', '0000-00-00', NULL, '', 'INGENIERÍA DE SISTEMAS', NULL, NULL),
('11401077', 'NAHUN ENOC', 'CONDOR', 'MORALES', '0', '0000-00-00', NULL, '', 'INGENIERÍA METALÚRGICA', NULL, NULL),
('11401078', 'CRISTEL XULEIDY', 'BRONCANO', 'BRITO', '0', '0000-00-00', NULL, '', 'INGENIERÍA AMBIENTAL', NULL, NULL),
('11401079', 'ANGELA EVELYN', 'NUÑEZ', 'LEÓN', '0', '0000-00-00', NULL, '', 'CIENCIAS CONTABLES Y FINANCIERAS', NULL, NULL),
('11401080', 'ROMARIO HAYMAR', 'PAUCAR', 'CARDALDA', '0', '0000-00-00', NULL, '', 'INGENIERÍA DE SISTEMAS', NULL, NULL),
('11401081', 'SOLANGE PIERINA', 'IBARRA', 'MORAN', '0', '0000-00-00', NULL, '', 'NEGOCIOS INTERNACIONALES', NULL, NULL),
('11401082', 'KEVIN', 'ROJAS', 'GARCIA', '0', '0000-00-00', NULL, '', 'Grupo D (No decide)', NULL, NULL),
('11401083', 'SARY CORINA', 'CHANG', 'FLORES', '0', '0000-00-00', NULL, '', 'MEDICINA HUMANA', NULL, NULL);

-- --------------------------------------------------------

--
-- Estructura de tabla para la tabla `alumno_horario`
--

CREATE TABLE `alumno_horario` (
  `codalumno` char(8) NOT NULL,
  `codhorario` char(8) NOT NULL
) ENGINE=InnoDB DEFAULT CHARSET=utf8mb4;

--
-- Volcado de datos para la tabla `alumno_horario`
--

INSERT INTO `alumno_horario` (`codalumno`, `codhorario`) VALUES
('11400001', 'HOR001'),
('11400001', 'HOR002'),
('11400001', 'HOR003'),
('11400001', 'HOR004'),
('11400001', 'HOR008'),
('11400001', 'HOR009'),
('11400001', 'HOR010'),
('11400001', 'HOR011'),
('11400001', 'HOR015'),
('11400001', 'HOR021'),
('11400001', 'HOR026'),
('11400001', 'HOR027'),
('11400001', 'HOR028'),
('11400001', 'HOR030'),
('11400001', 'HOR031'),
('11400002', 'HOR001'),
('11400002', 'HOR002'),
('11400002', 'HOR003'),
('11400002', 'HOR006'),
('11400002', 'HOR008'),
('11400002', 'HOR025'),
('11400002', 'HOR030'),
('11400003', 'HOR001'),
('11400003', 'HOR021'),
('11400004', 'HOR010'),
('11400004', 'HOR012'),
('11400004', 'HOR024'),
('11400004', 'HOR027'),
('11400005', 'HOR001'),
('11400005', 'HOR002'),
('11400005', 'HOR006'),
('11400005', 'HOR007'),
('11400005', 'HOR008'),
('11400005', 'HOR021'),
('11400005', 'HOR023'),
('11400005', 'HOR025');

-- --------------------------------------------------------

--
-- Estructura de tabla para la tabla `aula_laboratorio`
--

CREATE TABLE `aula_laboratorio` (
  `codAula` char(8) NOT NULL,
  `nombreAula` varchar(50) NOT NULL,
  `tipo` enum('Aula','Laboratorio','Sala de conferencias','Sala de música','Taller','Auditorio') NOT NULL,
  `capacidad` int(11) NOT NULL,
  `codSede` int(11) NOT NULL,
  `equipamiento` text DEFAULT NULL,
  `estado` enum('Disponible','En mantenimiento','Clausurado','Fuera de servicio') DEFAULT 'Disponible'
) ENGINE=InnoDB DEFAULT CHARSET=utf8mb4;

--
-- Volcado de datos para la tabla `aula_laboratorio`
--

INSERT INTO `aula_laboratorio` (`codAula`, `nombreAula`, `tipo`, `capacidad`, `codSede`, `equipamiento`, `estado`) VALUES
('AULA002', 'N° 102', 'Aula', 35, 1, 'Proyector, pizarra acrílica', 'Disponible'),
('AULA003', 'N° 103', 'Aula', 45, 1, 'Pizarra interactiva', 'Disponible'),
('AULA201', 'N° 201', 'Aula', 40, 2, NULL, 'Disponible'),
('AULA202', 'N° 202', 'Aula', 30, 2, 'Televisor pantalla plana', 'En mantenimiento'),
('AULA301', 'N° 301', 'Aula', 50, 3, 'Proyector 4K, sistema de audio', 'Disponible'),
('CONF001', 'Sala de Conferencias', 'Sala de conferencias', 50, 1, 'Sistema de sonido, micrófonos', 'Disponible'),
('LAB002', 'Laboratorio 2', 'Laboratorio', 30, 1, '35 computadoras, proyector', 'Fuera de servicio'),
('LAB201', 'Laboratorio de Química', 'Laboratorio', 20, 2, 'Campanas de extracción, microscopios', 'Disponible'),
('LAB202', 'Laboratorio de Física', 'Laboratorio', 25, 2, 'Equipos de medición, balanzas', 'Clausurado'),
('MUS001', 'Sala de Música 1', 'Sala de música', 15, 1, 'Piano, equipo de sonido', 'Disponible');

-- --------------------------------------------------------

--
-- Estructura de tabla para la tabla `calendario_pagos`
--

CREATE TABLE `calendario_pagos` (
  `id` int(11) NOT NULL,
  `codPeriodo` int(11) NOT NULL,
  `tipoPago` enum('Matricula','pension 1','pension 2','pension 3','pension 4','pension 5','sustitutorio','otros') NOT NULL,
  `monto` decimal(10,2) NOT NULL,
  `fechaVencimiento` date NOT NULL
) ENGINE=InnoDB DEFAULT CHARSET=utf8mb4;

--
-- Volcado de datos para la tabla `calendario_pagos`
--

INSERT INTO `calendario_pagos` (`id`, `codPeriodo`, `tipoPago`, `monto`, `fechaVencimiento`) VALUES
(1, 5, 'Matricula', '350.00', '2026-02-20'),
(2, 5, 'pension 1', '750.00', '2026-02-28'),
(3, 5, 'pension 2', '750.00', '2026-03-28'),
(4, 5, 'pension 3', '750.00', '2026-04-28'),
(5, 5, 'pension 4', '750.00', '2026-05-28'),
(6, 5, 'pension 5', '750.00', '2026-06-28'),
(8, 5, 'sustitutorio', '150.00', '2026-07-10'),
(9, 5, 'otros', '120.00', '2026-07-12'),
(10, 3, 'Matricula', '350.00', '2025-02-20'),
(11, 3, 'pension 1', '750.00', '2025-02-28'),
(12, 3, 'pension 2', '750.00', '2025-03-28'),
(13, 3, 'pension 3', '750.00', '2025-04-28'),
(14, 3, 'pension 4', '750.00', '2025-05-28'),
(15, 3, 'pension 5', '750.00', '2025-06-28'),
(17, 3, 'sustitutorio', '150.00', '2025-07-10'),
(18, 3, 'otros', '120.00', '2025-07-12'),
(19, 4, 'Matricula', '350.00', '2025-08-15'),
(20, 4, 'pension 1', '750.00', '2025-08-28'),
(21, 4, 'pension 2', '750.00', '2025-09-28'),
(22, 4, 'pension 3', '750.00', '2025-10-28'),
(23, 4, 'pension 4', '750.00', '2025-11-28'),
(24, 4, 'pension 5', '750.00', '2025-12-28'),
(26, 4, 'sustitutorio', '150.00', '2026-01-03'),
(27, 4, 'otros', '120.00', '2026-01-05');

-- --------------------------------------------------------

--
-- Estructura de tabla para la tabla `ciclo`
--

CREATE TABLE `ciclo` (
  `codCiclo` char(8) NOT NULL,
  `cicloNombre` enum('I','II','III','IV','V','VI','VII','VIII','IX','X') NOT NULL
) ENGINE=InnoDB DEFAULT CHARSET=utf8mb4;

--
-- Volcado de datos para la tabla `ciclo`
--

INSERT INTO `ciclo` (`codCiclo`, `cicloNombre`) VALUES
('CICLO001', 'I'),
('CICLO002', 'II'),
('CICLO003', 'III'),
('CICLO004', 'IV'),
('CICLO005', 'V'),
('CICLO006', 'VI'),
('CICLO007', 'VII'),
('CICLO008', 'VIII'),
('CICLO009', 'IX'),
('CICLO010', 'X');

-- --------------------------------------------------------

--
-- Estructura de tabla para la tabla `curso`
--

CREATE TABLE `curso` (
  `codcurso` char(8) NOT NULL,
  `nombrecurso` varchar(250) NOT NULL,
  `descripcion` varchar(500) DEFAULT NULL,
  `creditos` int(11) NOT NULL,
  `hora_semanal` int(10) DEFAULT NULL,
  `codprofesor` char(8) DEFAULT NULL,
  `codPeriodo` int(11) DEFAULT NULL,
  `modalidad` enum('Presencial','Semi-presencial','Virtual') NOT NULL,
  `estado` enum('activo','inactivo') DEFAULT 'activo'
) ENGINE=InnoDB DEFAULT CHARSET=utf8mb4;

--
-- Volcado de datos para la tabla `curso`
--

INSERT INTO `curso` (`codcurso`, `nombrecurso`, `descripcion`, `creditos`, `hora_semanal`, `codprofesor`, `codPeriodo`, `modalidad`, `estado`) VALUES
('ADM101', 'Introducción a la Administración', 'Principios básicos de administración de empresas', 3, 3, 'PROF012', 3, 'Presencial', 'activo'),
('ARQ201', 'Diseño Arquitectónico', 'Fundamentos de diseño y planificación arquitectónica', 4, 4, 'PROF013', 4, 'Presencial', 'activo'),
('BIO301', 'Biología Celular', 'Estructura y función de las células', 4, 3, 'PROF014', 1, 'Presencial', 'activo'),
('CONT101', 'Contabilidad Financiera', 'Principios básicos de contabilidad', 4, 4, 'PROF015', 3, 'Semi-presencial', 'activo'),
('DB0023', 'Base de Datos', 'Conceptos básicos y avanzados en manejo de bases de datos', 3, 4, 'PROF010', 3, 'Presencial', 'activo'),
('DER201', 'Derecho Civil', 'Fundamentos del derecho civil', 5, 4, 'PROF016', 4, 'Presencial', 'activo'),
('ECO101', 'Microeconomía', 'Principios de teoría microeconómica', 3, 3, 'PROF017', 3, 'Virtual', 'activo'),
('EST202', 'Estadística Aplicada', 'Estadística para ciencias sociales', 4, 3, 'PROF018', 4, 'Presencial', 'activo'),
('FIL101', 'Filosofía Moderna', 'Corrientes filosóficas de los siglos XVII-XIX', 3, 2, 'PROF019', 3, 'Virtual', 'activo'),
('FIS101', 'Física I', 'Fundamentos de la Física', 4, 3, 'PROF002', 3, 'Presencial', 'activo'),
('FIS202', 'Física II', 'Física aplicada y problemas avanzados', 4, 3, 'PROF003', 4, 'Presencial', 'activo'),
('HIS301', 'Historia Universal', 'Panorama histórico mundial', 3, 3, 'PROF020', 1, 'Semi-presencial', 'activo'),
('ING301', 'Inglés Técnico', 'Inglés para propósitos académicos', 2, 2, 'PROF021', 1, 'Presencial', 'activo'),
('INT01ING', 'Introducción a la Ingeniería', 'Fundamentos de Ingeniería para todas las carreras', 3, 2, 'PROF004', 3, 'Presencial', 'inactivo'),
('LIT201', 'Literatura Latinoamericana', 'Estudio de obras representativas', 3, 3, 'PROF022', 4, 'Presencial', 'activo'),
('MARK101', 'Marketing Digital', 'Estrategias de marketing en entornos digitales', 3, 3, 'PROF023', 3, 'Virtual', 'activo'),
('MAT101', 'Cálculo I', 'Cálculo diferencial e integral', 5, 4, 'PROF001', 3, 'Presencial', 'activo'),
('MAT202', 'Cálculo II', 'Cálculo avanzado con aplicaciones', 5, 4, 'PROF003', 4, 'Presencial', 'activo'),
('MEC301', 'Mecánica de Fluidos', 'Principios de dinámica de fluidos', 5, 4, 'PROF001', 1, 'Presencial', 'activo'),
('MED101', 'Anatomía Humana', 'Estructura del cuerpo humano', 6, 5, 'PROF014', 3, 'Presencial', 'activo'),
('PROG001', 'Programación en Java 1', 'estudiantes de sistemas', 4, 4, 'PROF007', 3, 'Presencial', 'activo'),
('PROG01', 'Programación I', 'Programación en PHP y Python', 4, 4, 'PROF002', 1, 'Presencial', 'activo'),
('PSI201', 'Psicología del Desarrollo', 'Desarrollo humano a lo largo del ciclo vital', 3, 3, 'PROF020', 4, 'Semi-presencial', 'activo'),
('QUIM101', 'Química I', 'Introducción a la Química general', 4, 3, 'PROF006', 3, 'Presencial', 'activo'),
('QUIM202', 'Química II', 'Química orgánica e inorgánica', 4, 3, 'PROF011', 4, 'Presencial', 'activo'),
('RED001', 'Redes de Computadoras', 'Fundamentos de redes y comunicaciones', 4, 4, 'PROF010', 3, 'Presencial', 'activo'),
('SOC101', 'Sociología General', 'Conceptos básicos de análisis social', 3, 3, 'PROF017', 3, 'Virtual', 'activo'),
('SOF201', 'Ingeniería de Software', 'Metodologías de desarrollo de software', 4, 4, 'PROF007', 4, 'Presencial', 'activo'),
('TEL301', 'Telecomunicaciones', 'Sistemas y tecnologías de telecomunicación', 5, 4, 'PROF011', 1, 'Presencial', 'activo'),
('TUR201', 'Gestión Turística', 'Principios de administración en empresas turísticas', 3, 3, 'PROF012', 4, 'Semi-presencial', 'activo');

-- --------------------------------------------------------

--
-- Estructura de tabla para la tabla `horarios_disponibles`
--

CREATE TABLE `horarios_disponibles` (
  `codhorario` char(8) NOT NULL,
  `codcurso` char(8) NOT NULL,
  `codprofesor` char(8) NOT NULL,
  `codAula` char(8) NOT NULL,
  `dia_semana` enum('Lunes','Martes','Miércoles','Jueves','Viernes','Sábado','Domingo') NOT NULL,
  `turno` enum('Mañana','Tarde','Noche') NOT NULL,
  `hora_inicio` time NOT NULL,
  `hora_fin` time NOT NULL
) ENGINE=InnoDB DEFAULT CHARSET=utf8mb4;

--
-- Volcado de datos para la tabla `horarios_disponibles`
--

INSERT INTO `horarios_disponibles` (`codhorario`, `codcurso`, `codprofesor`, `codAula`, `dia_semana`, `turno`, `hora_inicio`, `hora_fin`) VALUES
('HOR001', 'MAT101', 'PROF001', 'AULA001', 'Lunes', 'Mañana', '08:00:00', '10:00:00'),
('HOR002', 'FIS101', 'PROF002', 'AULA002', 'Martes', 'Mañana', '09:00:00', '11:00:00'),
('HOR003', 'MAT202', 'PROF003', 'AULA003', 'Miércoles', 'Tarde', '15:00:00', '17:00:00'),
('HOR004', 'INT01ING', 'PROF004', 'LAB001', 'Jueves', 'Mañana', '09:00:00', '11:00:00'),
('HOR006', 'PROG001', 'PROF007', 'LAB002', 'Lunes', 'Tarde', '13:00:00', '15:00:00'),
('HOR007', 'QUIM101', 'PROF006', 'CONF001', 'Viernes', 'Tarde', '14:00:00', '16:00:00'),
('HOR008', 'DB0023', 'PROF010', 'MUS001', 'Martes', 'Mañana', '08:00:00', '10:00:00'),
('HOR009', 'QUIM202', 'PROF011', 'AULA201', 'Lunes', 'Mañana', '10:00:00', '12:00:00'),
('HOR010', 'ADM101', 'PROF012', 'LAB201', 'Miércoles', 'Mañana', '08:00:00', '10:00:00'),
('HOR011', 'ARQ201', 'PROF013', 'AULA202', 'Jueves', 'Mañana', '09:00:00', '12:00:00'),
('HOR012', 'BIO301', 'PROF014', '', 'Martes', 'Tarde', '14:00:00', '16:00:00'),
('HOR013', 'CONT101', 'PROF015', '', 'Lunes', 'Mañana', '18:00:00', '21:00:00'),
('HOR014', 'DER201', 'PROF016', '', 'Miércoles', 'Mañana', '11:00:00', '15:00:00'),
('HOR015', 'ECO101', 'PROF017', '', 'Martes', 'Tarde', '18:00:00', '20:00:00'),
('HOR016', 'EST202', 'PROF018', '', 'Jueves', 'Mañana', '07:00:00', '10:00:00'),
('HOR017', 'FIL101', 'PROF019', '', 'Lunes', 'Tarde', '16:00:00', '18:00:00'),
('HOR018', 'HIS301', 'PROF020', '', 'Martes', 'Mañana', '10:00:00', '12:00:00'),
('HOR019', 'ING301', 'PROF021', '', 'Viernes', 'Tarde', '14:00:00', '16:00:00'),
('HOR020', 'LIT201', 'PROF022', '', 'Miércoles', 'Tarde', '16:00:00', '18:00:00'),
('HOR021', 'MARK101', 'PROF023', '', 'Lunes', 'Mañana', '11:00:00', '13:00:00'),
('HOR022', 'MEC301', 'PROF001', '', 'Miércoles', 'Mañana', '08:00:00', '11:00:00'),
('HOR023', 'MED101', 'PROF014', '', 'Jueves', 'Tarde', '13:00:00', '17:00:00'),
('HOR024', 'PSI201', 'PROF020', '', 'Jueves', 'Mañana', '10:00:00', '12:00:00'),
('HOR025', 'RED001', 'PROF010', '', 'Jueves', 'Tarde', '16:00:00', '18:00:00'),
('HOR026', 'SOF201', 'PROF007', '', 'Miércoles', 'Mañana', '10:00:00', '12:00:00'),
('HOR027', 'SOC101', 'PROF017', '', 'Viernes', 'Mañana', '18:00:00', '20:00:00'),
('HOR028', 'TEL301', 'PROF011', '', 'Viernes', 'Tarde', '15:00:00', '18:00:00'),
('HOR029', 'TUR201', 'PROF012', '', 'Viernes', 'Mañana', '09:00:00', '11:00:00'),
('HOR030', 'PROG01', 'PROF002', '', 'Jueves', 'Tarde', '14:00:00', '16:00:00'),
('HOR031', 'FIS202', 'PROF003', '', 'Viernes', 'Mañana', '10:00:00', '12:00:00');

-- --------------------------------------------------------

--
-- Estructura de tabla para la tabla `matricula`
--

CREATE TABLE `matricula` (
  `codmatricula` int(11) NOT NULL,
  `codprofesor` char(8) NOT NULL,
  `codalumno` char(8) NOT NULL,
  `codcurso` char(8) NOT NULL,
  `modalidad` enum('presencial','semi-presencial','virtual') NOT NULL,
  `fecha_de_matricula` date DEFAULT NULL,
  `codPeriodo` int(8) NOT NULL
) ENGINE=InnoDB DEFAULT CHARSET=utf8mb4;

--
-- Volcado de datos para la tabla `matricula`
--

INSERT INTO `matricula` (`codmatricula`, `codprofesor`, `codalumno`, `codcurso`, `modalidad`, `fecha_de_matricula`, `codPeriodo`) VALUES
(1, 'PROF010', '11400001', 'DB0023', 'presencial', '2024-02-15', 3),
(2, 'PROF002', '11400001', 'FIS101', 'presencial', '2024-02-15', 3),
(3, 'PROF004', '11400001', 'INT01ING', 'presencial', '2024-02-15', 3),
(4, 'PROF002', '11400001', 'PROG01', 'presencial', '2024-02-17', 3),
(5, 'PROF011', '11400001', 'QUIM202', 'presencial', '2024-02-16', 3),
(6, 'PROF001', '11400001', 'MAT101', 'presencial', '2025-06-15', 3),
(7, 'PROF010', '11400005', 'DB0023', 'presencial', '2025-06-15', 3),
(8, 'PROF002', '11400005', 'FIS101', 'presencial', '2025-06-15', 3),
(9, 'PROF001', '11400005', 'MAT101', 'presencial', '2025-06-15', 3),
(10, 'PROF007', '11400005', 'PROG001', 'presencial', '2025-06-15', 3),
(11, 'PROF006', '11400005', 'QUIM101', 'presencial', '2025-06-15', 3),
(12, 'PROF010', '11400002', 'DB0023', 'presencial', '2025-06-15', 3),
(13, 'PROF002', '11400002', 'FIS101', 'presencial', '2025-06-15', 3),
(14, 'PROF001', '11400002', 'MAT101', 'presencial', '2025-06-15', 3),
(15, 'PROF007', '11400002', 'PROG001', 'presencial', '2025-06-15', 4),
(16, 'PROF001', '11400003', 'MAT101', 'presencial', '2025-06-22', 3),
(17, 'PROF003', '11400001', 'FIS202', 'presencial', '2025-07-10', 4),
(18, 'PROF003', '11400001', 'MAT202', 'presencial', '2025-07-15', 4),
(19, 'PROF021', '11400001', 'MARK101', 'presencial', '2025-07-20', 4),
(20, 'PROF007', '11400001', 'SOF201', 'presencial', '2025-07-25', 4),
(21, 'PROF002', '11400002', 'PROG01', 'presencial', '2025-07-12', 4),
(22, 'PROF003', '11400002', 'MAT202', 'presencial', '2025-07-12', 4),
(23, 'PROF010', '11400002', 'RED001', 'presencial', '2025-07-18', 4),
(24, 'PROF014', '11400004', 'BIO301', 'presencial', '2025-07-01', 4),
(25, 'PROF020', '11400004', 'PSI201', 'semi-presencial', '2025-07-22', 4),
(26, 'PROF017', '11400004', 'ECO101', 'virtual', '2025-07-28', 4),
(27, 'PROF012', '11400004', 'ADM101', 'presencial', '2025-07-15', 4),
(166, 'PROF023', '11400001', 'MARK101', 'virtual', '2025-08-10', 3),
(167, 'PROF012', '11400001', 'ADM101', 'presencial', '2025-08-10', 3),
(168, 'PROF006', '11400005', 'QUIM101', 'presencial', '2025-08-10', 3),
(169, 'PROF014', '11400005', 'MED101', 'presencial', '2025-08-10', 3),
(170, 'PROF001', '11400005', 'MAT101', 'presencial', '2025-08-10', 3),
(171, 'PROF023', '11400005', 'MARK101', 'virtual', '2025-08-10', 3),
(172, 'PROF010', '11400005', 'RED001', 'presencial', '2025-08-10', 3),
(173, 'PROF023', '11400005', 'MARK101', 'virtual', '2025-08-11', 1),
(174, 'PROF023', '11400003', 'MARK101', 'virtual', '2025-08-11', 1),
(175, 'PROF023', '11400003', 'MARK101', 'virtual', '2025-08-11', 1),
(176, 'PROF023', '11400001', 'MARK101', 'virtual', '2025-08-11', 1),
(177, 'PROF023', '11400001', 'MARK101', 'virtual', '2025-08-14', 1),
(178, 'PROF017', '11400001', 'SOC101', 'virtual', '2025-08-14', 1),
(179, 'PROF023', '11400001', 'MARK101', 'virtual', '2025-08-14', 1),
(180, 'PROF017', '11400001', 'ECO101', 'virtual', '2025-08-14', 1),
(181, 'PROF010', '11400001', 'DB0023', 'presencial', '2025-08-14', 1),
(182, 'PROF013', '11400001', 'ARQ201', 'presencial', '2025-08-26', 4);

-- --------------------------------------------------------

--
-- Estructura de tabla para la tabla `nota`
--

CREATE TABLE `nota` (
  `idnota` int(11) NOT NULL,
  `codmatricula` int(11) NOT NULL,
  `nota1` decimal(5,2) NOT NULL COMMENT '5% del promedio',
  `nota2` decimal(5,2) NOT NULL COMMENT '20% del promedio',
  `nota3` decimal(5,2) NOT NULL COMMENT '20% del promedio',
  `nota4` decimal(5,2) NOT NULL COMMENT '15% del promedio',
  `nota_proyecto` decimal(5,2) NOT NULL COMMENT '40% del promedio',
  `promedio` decimal(5,2) GENERATED ALWAYS AS (round(`nota1` * 0.05 + `nota2` * 0.20 + `nota3` * 0.20 + `nota4` * 0.15 + `nota_proyecto` * 0.40,2)) STORED COMMENT 'calculado automáticamente'
) ENGINE=InnoDB DEFAULT CHARSET=utf8mb4;

--
-- Volcado de datos para la tabla `nota`
--

INSERT INTO `nota` (`idnota`, `codmatricula`, `nota1`, `nota2`, `nota3`, `nota4`, `nota_proyecto`) VALUES
(1, 1, '15.00', '14.00', '16.00', '17.00', '18.00'),
(2, 2, '13.00', '12.00', '14.00', '15.00', '16.00'),
(3, 3, '11.00', '10.00', '12.00', '13.00', '14.00'),
(4, 4, '16.00', '15.00', '17.00', '4.00', '5.00'),
(5, 5, '14.00', '13.00', '15.00', '16.00', '17.00'),
(6, 6, '12.00', '14.00', '8.00', '16.00', '15.00'),
(7, 7, '18.00', '17.00', '16.00', '19.00', '20.00'),
(8, 8, '15.00', '14.00', '13.00', '16.00', '17.00'),
(9, 9, '9.00', '10.00', '7.00', '11.00', '8.00'),
(10, 10, '16.00', '14.00', '18.00', '17.00', '19.00'),
(11, 11, '5.00', '7.00', '6.00', '8.00', '9.00'),
(12, 12, '17.00', '16.00', '18.00', '19.00', '20.00'),
(13, 13, '14.00', '13.00', '15.00', '16.00', '17.00'),
(14, 14, '11.00', '12.00', '13.00', '14.00', '15.00'),
(15, 15, '15.00', '14.00', '16.00', '17.00', '18.00'),
(16, 16, '10.00', '12.00', '14.00', '16.00', '18.00'),
(17, 17, '0.00', '0.00', '0.00', '0.00', '0.00'),
(18, 18, '0.00', '0.00', '0.00', '0.00', '0.00'),
(19, 19, '0.00', '0.00', '0.00', '0.00', '0.00'),
(20, 20, '0.00', '0.00', '0.00', '0.00', '0.00'),
(21, 21, '0.00', '0.00', '0.00', '0.00', '0.00'),
(22, 22, '0.00', '0.00', '0.00', '0.00', '0.00'),
(23, 23, '0.00', '0.00', '0.00', '0.00', '0.00'),
(24, 24, '0.00', '0.00', '0.00', '0.00', '0.00'),
(25, 25, '0.00', '0.00', '0.00', '0.00', '0.00'),
(26, 26, '0.00', '0.00', '0.00', '0.00', '0.00'),
(27, 27, '0.00', '0.00', '0.00', '0.00', '0.00'),
(47, 168, '0.00', '0.00', '0.00', '0.00', '0.00'),
(48, 169, '0.00', '0.00', '0.00', '0.00', '0.00'),
(49, 170, '0.00', '0.00', '0.00', '0.00', '0.00'),
(50, 171, '0.00', '0.00', '0.00', '0.00', '0.00'),
(51, 172, '0.00', '0.00', '0.00', '0.00', '0.00'),
(52, 173, '0.00', '0.00', '0.00', '0.00', '0.00'),
(53, 174, '0.00', '0.00', '0.00', '0.00', '0.00'),
(54, 175, '0.00', '0.00', '0.00', '0.00', '0.00'),
(55, 176, '0.00', '0.00', '0.00', '0.00', '0.00'),
(56, 177, '0.00', '0.00', '0.00', '0.00', '0.00'),
(57, 178, '0.00', '0.00', '0.00', '0.00', '0.00'),
(58, 179, '0.00', '0.00', '0.00', '0.00', '0.00'),
(59, 180, '0.00', '0.00', '0.00', '0.00', '0.00'),
(60, 181, '0.00', '0.00', '0.00', '0.00', '0.00'),
(61, 182, '0.00', '0.00', '0.00', '0.00', '0.00');

-- --------------------------------------------------------

--
-- Estructura de tabla para la tabla `pagos`
--

CREATE TABLE `pagos` (
  `id` int(11) NOT NULL,
  `id_calendario` int(11) DEFAULT NULL,
  `codmatricula` int(11) NOT NULL COMMENT 'Código de matrícula del alumno',
  `tipoPago` enum('Matrícula','Cuota 1','Cuota 2','Cuota 3','Cuota 4','Cuota 5','Reforzamiento','Sustitutorio','Otros') NOT NULL COMMENT 'Tipo de pago',
  `monto` decimal(10,2) NOT NULL COMMENT 'Monto del pago',
  `fechaPago` date DEFAULT NULL COMMENT 'Fecha cuando se realizó el pago (NULL si no se ha pagado)',
  `fechaVencimiento` date NOT NULL COMMENT 'Fecha límite de pago',
  `estado` enum('Pendiente','Pagado','Vencido','Cancelado') DEFAULT 'Pendiente' COMMENT 'Estado del pago',
  `metodoPago` enum('Efectivo','Transferencia','Tarjeta','Depósito','Otro') DEFAULT NULL COMMENT 'Método de pago (si aplica)',
  `referenciaPago` varchar(50) DEFAULT NULL COMMENT 'Número de referencia o comprobante'
) ENGINE=InnoDB DEFAULT CHARSET=utf8mb4;

--
-- Volcado de datos para la tabla `pagos`
--

INSERT INTO `pagos` (`id`, `id_calendario`, `codmatricula`, `tipoPago`, `monto`, `fechaPago`, `fechaVencimiento`, `estado`, `metodoPago`, `referenciaPago`) VALUES
(1, NULL, 173, 'Matrícula', '0.00', NULL, '0000-00-00', 'Pendiente', NULL, NULL),
(2, NULL, 174, 'Matrícula', '0.00', NULL, '0000-00-00', 'Pendiente', NULL, NULL),
(3, NULL, 175, 'Matrícula', '0.00', NULL, '0000-00-00', 'Pendiente', NULL, NULL),
(4, NULL, 176, 'Matrícula', '0.00', NULL, '0000-00-00', 'Pendiente', NULL, NULL),
(5, NULL, 177, 'Matrícula', '0.00', NULL, '0000-00-00', 'Pendiente', NULL, NULL),
(6, NULL, 178, 'Matrícula', '0.00', NULL, '0000-00-00', 'Pendiente', NULL, NULL),
(7, NULL, 179, 'Matrícula', '0.00', NULL, '0000-00-00', 'Pendiente', NULL, NULL),
(8, NULL, 180, 'Matrícula', '0.00', NULL, '0000-00-00', 'Pendiente', NULL, NULL),
(9, NULL, 181, 'Matrícula', '0.00', NULL, '0000-00-00', 'Pendiente', NULL, NULL),
(10, NULL, 182, 'Matrícula', '0.00', NULL, '0000-00-00', 'Pendiente', NULL, NULL);

-- --------------------------------------------------------

--
-- Estructura de tabla para la tabla `periodo`
--

CREATE TABLE `periodo` (
  `codPeriodo` int(11) NOT NULL,
  `NombrePeriodo` char(100) DEFAULT NULL,
  `anio` int(11) NOT NULL,
  `codCiclo` char(8) NOT NULL,
  `fecha_inicio_matricula` date DEFAULT NULL,
  `fecha_fin_matricula` date DEFAULT NULL,
  `fechaInicio` date NOT NULL,
  `fechaFin` date NOT NULL
) ENGINE=InnoDB DEFAULT CHARSET=utf8mb4;

--
-- Volcado de datos para la tabla `periodo`
--

INSERT INTO `periodo` (`codPeriodo`, `NombrePeriodo`, `anio`, `codCiclo`, `fecha_inicio_matricula`, `fecha_fin_matricula`, `fechaInicio`, `fechaFin`) VALUES
(1, '2024-I', 2024, 'CICLO001', '2024-01-01', '2024-02-20', '2024-03-01', '2024-06-30'),
(2, '2024-II', 2024, 'CICLO002', '2024-07-01', '2024-07-28', '2024-07-01', '2024-12-30'),
(3, '2025-I', 2025, 'CICLO001', '2025-01-01', '2025-02-20', '2025-03-01', '2025-06-30'),
(4, '2025-II', 2025, 'CICLO002', '2025-07-01', '2025-07-28', '2025-07-01', '2025-12-30'),
(5, '2026-I', 2026, 'CICLO001', '2026-01-01', '2026-02-20', '2026-03-01', '2026-06-30'),
(6, '2026-II', 2026, 'CICLO002', '2026-07-01', '2026-07-28', '2026-07-01', '2026-12-30'),
(7, '2027-I', 2027, 'CICLO001', '2027-01-01', '2027-02-20', '2027-03-01', '2027-06-30'),
(8, '2027-II', 2027, 'CICLO002', '2027-07-01', '2027-07-28', '2027-07-01', '2027-12-30'),
(9, '2028-I', 2028, 'CICLO001', '2028-01-01', '2028-02-20', '2028-03-01', '2028-06-30'),
(10, '2028-II', 2028, 'CICLO002', '2028-07-01', '2028-07-28', '2028-07-01', '2028-12-30'),
(11, '2029-I', 2029, 'CICLO001', '2029-01-01', '2029-02-20', '2029-03-01', '2029-06-30'),
(12, '2029-II', 2029, 'CICLO002', '2029-07-01', '2029-07-28', '2029-07-01', '2029-12-30'),
(13, '2030-I', 2030, 'CICLO001', '2030-01-01', '2030-02-20', '2030-03-01', '2030-06-30'),
(14, '2030-II', 2030, 'CICLO002', '2030-07-01', '2030-07-28', '2030-07-01', '2030-12-30');

-- --------------------------------------------------------

--
-- Estructura de tabla para la tabla `profesor`
--

CREATE TABLE `profesor` (
  `codprofesor` char(8) NOT NULL,
  `nombreprofesor` varchar(100) NOT NULL,
  `apaternoprofesor` varchar(100) NOT NULL,
  `amaternoprofesor` varchar(100) NOT NULL,
  `titulo_academico` enum('Doctorado','Maestría','Título Profesional','Bachillerato') NOT NULL,
  `correo` varchar(100) NOT NULL,
  `telefono` varchar(15) DEFAULT NULL,
  `direccion` varchar(250) DEFAULT NULL,
  `fecha_contratacion` date NOT NULL,
  `salario` decimal(10,2) NOT NULL,
  `departamento` varchar(100) NOT NULL,
  `estado` enum('Activo','Inactivo') DEFAULT 'Activo',
  `fecha_nacimiento` date DEFAULT NULL,
  `fecha_salida` date DEFAULT NULL,
  `motivo_salida` enum('Despido','Renuncia','Jubilación','Otro') DEFAULT NULL
) ENGINE=InnoDB DEFAULT CHARSET=utf8mb4;

--
-- Volcado de datos para la tabla `profesor`
--

INSERT INTO `profesor` (`codprofesor`, `nombreprofesor`, `apaternoprofesor`, `amaternoprofesor`, `titulo_academico`, `correo`, `telefono`, `direccion`, `fecha_contratacion`, `salario`, `departamento`, `estado`, `fecha_nacimiento`, `fecha_salida`, `motivo_salida`) VALUES
('PROF001', 'Ana', 'Martínez', 'Gómez', 'Doctorado', 'ana.martinez@universidad.edu', '123456789', 'Av. Principal 789', '2015-06-01', '4000.00', 'Ciencias Sociales', 'Activo', '1980-07-12', NULL, ''),
('PROF002', 'Luis', 'Cruz', 'Salazar', 'Maestría', 'luis.cruz@universidad.edu', '987654321', 'Calle Secundaria 456', '2018-02-15', '3500.00', 'Ingeniería', 'Activo', '1985-09-23', NULL, ''),
('PROF003', 'María', 'Hernández', 'Vásquez', 'Título Profesional', 'maria.hernandez@universidad.edu', '321654987', 'Av. Universitaria 123', '2020-03-10', '3000.00', 'Economía', 'Activo', '1990-05-17', '2022-07-08', 'Jubilación'),
('PROF004', 'Carlos', 'Ramos', 'Pérez', 'Bachillerato', 'carlos.ramos@universidad.edu', '456123789', 'Calle Tercera 789', '2022-01-20', '2500.00', 'Administración', 'Activo', '1993-11-30', NULL, ''),
('PROF005', 'Pedro', 'Gómez', 'Vega', 'Doctorado', 'pedro.gomez@universidad.edu', '987123456', 'Av. Central 456', '2010-05-20', '4200.00', 'Ciencias Sociales', 'Inactivo', '1975-04-15', '2024-03-01', 'Despido'),
('PROF006', 'Laura', 'Fernández', 'Ramírez', 'Maestría', 'laura.fernandez@universidad.edu', '654987123', 'Calle Mayor 789', '2015-07-30', '3600.00', 'Ingeniería', 'Inactivo', '1980-08-25', '2024-06-15', 'Renuncia'),
('PROF007', 'Antonio', 'Mendoza', 'Sánchez', 'Título Profesional', 'antonio.mendoza@universidad.edu', '321456789', 'Calle Secundaria 123', '2020-01-10', '2900.00', 'Economía', 'Activo', '1990-11-12', NULL, ''),
('PROF008', 'Isabel', 'García', 'Flores', 'Bachillerato', 'isabel.garcia@universidad.edu', '654123987', 'Av. Universidad 321', '2022-08-01', '2600.00', 'Administración', 'Activo', '1995-02-20', NULL, ''),
('PROF009', 'Juan', 'Pérez', 'Gómez', 'Doctorado', 'juan.perez@univ.edu', '987654321', 'Av. Principal 123', '2020-01-15', '5500.00', 'Ciencias', 'Activo', '1980-05-10', NULL, ''),
('PROF010', 'María', 'López', 'Ramírez', 'Maestría', 'maria.lopez@univ.edu', '987654322', 'Av. Secundaria 456', '2018-03-10', '4500.00', 'Matemáticas', 'Activo', '1985-03-15', '2022-12-06', 'Otro'),
('PROF011', 'Luis', 'Martínez', 'Díaz', 'Título Profesional', 'luis.martinez@univ.edu', '987654323', 'Av. Terciaria 789', '2021-07-25', '3500.00', 'Ingeniería', 'Activo', '1990-08-22', NULL, ''),
('PROF012', 'Ana', 'González', 'Sánchez', 'Bachillerato', 'ana.gonzalez@univ.edu', '987654324', 'Av. Cuarta 101', '2023-02-15', '3000.00', 'Filosofía', 'Activo', '1992-12-30', NULL, ''),
('PROF013', 'Carlos', 'Hernández', 'Jiménez', 'Doctorado', 'carlos.hernandez@univ.edu', '987654325', 'Av. Quinta 202', '2016-11-20', '6000.00', 'Biología', 'Activo', '1975-09-17', NULL, ''),
('PROF014', 'Sofía', 'Vargas', 'Rojas', 'Doctorado', 'sofia.vargas@universidad.edu', '555123456', 'Av. Libertad 789', '2017-09-05', '4800.00', 'Ciencias de la Salud', 'Activo', '1982-04-18', NULL, NULL),
('PROF015', 'Ricardo', 'Silva', 'Mendoza', 'Maestría', 'ricardo.silva@universidad.edu', '555234567', 'Calle Primavera 456', '2019-11-15', '3800.00', 'Ingeniería Civil', 'Activo', '1987-07-22', NULL, NULL),
('PROF016', 'Elena', 'Castro', 'Fuentes', 'Título Profesional', 'elena.castro@universidad.edu', '555345678', 'Jr. Los Olivos 123', '2021-02-28', '3200.00', 'Educación', 'Inactivo', '1991-03-10', '2023-12-15', 'Jubilación'),
('PROF017', 'Fernando', 'Ortega', 'Paredes', 'Bachillerato', 'fernando.ortega@universidad.edu', '555456789', 'Av. Los Pinos 234', '2022-08-10', '2700.00', 'Administración', 'Activo', '1994-09-05', NULL, NULL),
('PROF018', 'Gabriela', 'Morales', 'Luna', 'Doctorado', 'gabriela.morales@universidad.edu', '555567890', 'Calle Las Flores 567', '2014-05-12', '5200.00', 'Medicina', 'Activo', '1978-11-30', NULL, NULL),
('PROF019', 'Jorge', 'Delgado', 'Cordero', 'Maestría', 'jorge.delgado@universidad.edu', '555678901', 'Av. Los Jardines 890', '2018-07-22', '3900.00', 'Arquitectura', 'Inactivo', '1983-02-14', '2024-01-30', 'Renuncia'),
('PROF020', 'Patricia', 'Navarro', 'Salinas', 'Título Profesional', 'patricia.navarro@universidad.edu', '555789012', 'Jr. Las Palmas 345', '2020-10-15', '3100.00', 'Psicología', 'Activo', '1989-06-25', NULL, NULL),
('PROF021', 'Roberto', 'Miranda', 'Quispe', 'Bachillerato', 'roberto.miranda@universidad.edu', '555890123', 'Av. Las Acacias 678', '2023-03-01', '2600.00', 'Contabilidad', 'Activo', '1995-08-12', NULL, NULL),
('PROF022', 'Lucía', 'Valdivia', 'Zambrano', 'Doctorado', 'lucia.valdivia@universidad.edu', '555901234', 'Calle Los Alamos 901', '2015-12-10', '5100.00', 'Derecho', 'Inactivo', '1980-01-07', '2024-05-20', 'Despido'),
('PROF023', 'Mario', 'Aguirre', 'Tapia', 'Maestría', 'mario.aguirre@universidad.edu', '555012345', 'Av. Los Laureles 123', '2019-04-18', '3700.00', 'Economía', 'Activo', '1986-10-15', NULL, NULL);

-- --------------------------------------------------------

--
-- Estructura de tabla para la tabla `registro_acceso`
--

CREATE TABLE `registro_acceso` (
  `id` int(11) NOT NULL,
  `codalumno` char(8) NOT NULL,
  `fecha` date NOT NULL COMMENT 'Fecha del registro',
  `hora_inicio` time NOT NULL COMMENT 'Hora de inicio',
  `hora_fin` time NOT NULL COMMENT 'Hora de fin',
  `ip` varchar(15) NOT NULL COMMENT 'IP del despositivo ',
  `latitud` decimal(10,8) DEFAULT NULL COMMENT 'Latitud con 8 decimales de precisión',
  `longitud` decimal(11,8) DEFAULT NULL COMMENT 'Longitud con 8 decimales de precisión',
  `duracion_min` int(11) GENERATED ALWAYS AS (timestampdiff(MINUTE,timestamp(`fecha`,`hora_inicio`),timestamp(`fecha`,`hora_fin`))) STORED COMMENT 'Duración en minutos (calculada automáticamente)'
) ENGINE=InnoDB DEFAULT CHARSET=utf8mb4;

--
-- Volcado de datos para la tabla `registro_acceso`
--

INSERT INTO `registro_acceso` (`id`, `codalumno`, `fecha`, `hora_inicio`, `hora_fin`, `ip`, `latitud`, `longitud`) VALUES
(1, '11400001', '2024-06-01', '08:15:00', '08:27:00', '192.168.1.101', '-12.04637400', '-77.04275400'),
(2, '11400001', '2024-06-01', '10:20:00', '10:45:00', '192.168.1.102', '-12.04638000', '-77.04276000'),
(3, '11400001', '2024-06-02', '14:05:00', '14:13:00', '192.168.1.103', '-12.04638500', '-77.04276500'),
(46, '11400001', '2025-08-26', '17:57:24', '17:59:25', '127.0.0.1', '-11.58332100', '-77.20202600'),
(47, '11400006', '2025-08-26', '18:06:51', '00:00:00', '127.0.0.1', '-11.49000000', '-77.22000000');

-- --------------------------------------------------------

--
-- Estructura de tabla para la tabla `sede`
--

CREATE TABLE `sede` (
  `codSede` int(11) NOT NULL,
  `nombreSede` varchar(5100) NOT NULL,
  `direccion` varchar(250) DEFAULT NULL,
  `departamento` varchar(50) DEFAULT NULL,
  `provincia` varchar(50) DEFAULT NULL,
  `distrito` varchar(50) DEFAULT NULL
) ENGINE=InnoDB DEFAULT CHARSET=utf8mb4;

--
-- Volcado de datos para la tabla `sede`
--

INSERT INTO `sede` (`codSede`, `nombreSede`, `direccion`, `departamento`, `provincia`, `distrito`) VALUES
(1, 'Sede Central', 'Av. Principal 123', 'Lima', 'Lima', 'Miraflores'),
(2, 'Sede Norte', 'Calle Norte 456', 'Lambayeque', 'Chiclayo', 'José Leonardo Ortiz'),
(3, 'Sede Sur', 'Av. Sur 789', 'Arequipa', 'Arequipa', 'Cercado'),
(4, 'Sede Este', 'Jr. Este 321', 'Junín', 'Huancayo', 'El Tambo'),
(5, 'Sede Oeste', 'Psje. Oeste 654', 'Callao', 'Callao', 'Bellavista');

-- --------------------------------------------------------

--
-- Estructura de tabla para la tabla `usuario`
--

CREATE TABLE `usuario` (
  `codalumno` char(8) NOT NULL,
  `password` varchar(60) NOT NULL,
  `qr_alumno` varchar(100) DEFAULT NULL
) ENGINE=InnoDB DEFAULT CHARSET=utf8mb4;

--
-- Volcado de datos para la tabla `usuario`
--

INSERT INTO `usuario` (`codalumno`, `password`, `qr_alumno`) VALUES
('11400001', '$2y$10$zdq2QeIUmMt7wygtNZiofelZcXKmqq0fZMd7j/6QNkdF7rNUguura', '../database/qr-alumno/qr-11400001.png'),
('11400002', '$2y$10$MH./gNvnPDNM4Yr6q72Mo.9Kgm6YzkwXEyC3PGx1jqcsUHzmV3tz6', '../database/qr-alumno/qr-11400002.png'),
('11400003', '$2y$10$COabx5N1Dec5v6A.5w/UIepwzczxw16pIs0obPjwyP87Yo7B0FnPa', '../database/qr-alumno/qr-11400003.png'),
('11400004', '$2y$10$qBO2DEHL9cOkvSpDxKZzwuME/0dXpuO8mQ.wO98n4Yy1RLRVaJSLq', '../database/qr-alumno/qr-11400004.png'),
('11400005', '$2y$10$GpWig4AFgYHB2LdqsyHcluQwyhJdCPRo7P.h/cQ7yP0PZhfOU7gOW', '../database/qr-alumno/qr-11400005.png'),
('11400006', '$2y$10$4vy77FOhmxUIaQuZ5ZtX7uYyLoCOEpw45a4i6OMtbGQBS0/zOTRWy', '../database/qr-alumno/qr-11400006.png'),
('11400007', '$2y$10$qfiPwwfs3LTXxadDFSAdFu1/RRCPI818130V2HUyKJO3EAp6w6mwK', '../database/qr-alumno/qr-11400007.png'),
('11400008', '$2y$10$Vf1LIX3cpQapcc7rRZppWequcCufeK8PvPIRzWk7wU7FoidwW9R6S', NULL),
('11400009', '$2y$10$Zg.qEflIIPw88qJqHYTQSOdODqNZ4wJEHU2Wyg3q3uA7fkr5E/EM.', NULL),
('11400010', '$2y$10$d1l0mG7Lh972IQ7Pj/KUA.Ttc46iOfBJwdLD6Iumr.ZXn4PZuVA26', '../database/qr-alumno/qr-11400010.png'),
('11400011', '$2y$10$OfujfQUZxhb02f03qYD6WO3qDwgXPLb0lC7EuvVp1JgKjv.rBe0UO', NULL),
('11400012', '$2y$10$eKkV0x4h3/EcDEILHpjime30/dFIMFkANm2tiwmc1S.SAHeWkfuVm', NULL),
('11400013', '$2y$10$sPFytrk/w0peSHEiW1kO1.I1/pDpq/LoKqC1hbun4R1V1s3.TUqce', NULL),
('11400014', '$2y$10$CM3n7zeOFx6NyKvePxhCDetFXH6/f6LEAFk.K1DvPKaTyN.daPWFG', NULL),
('11400015', '$2y$10$Y/EZsuYvAHl.7ZSJ4F.mWuVr5i9OGHx8Fw3VjeMNDInPtzkH2ern.', NULL),
('11400016', '$2y$10$3jJbyz7/FzFoC.kl5OPKVe0bg52sTZmHEl6tQ64EiQmcLDBj1rYYm', NULL),
('11400017', '$2y$10$wwkDurVL6fnEuAatkvNu9ODc9jNOSROr1OtwzgO6nseOvKQ/ZmqV2', NULL),
('11400018', '$2y$10$S3Sia5U8stLlKxplc3k3ze2Hnu06w6W9vSYUORbcBqv7ElJmHAacS', NULL),
('11400019', '$2y$10$qnV4VNnoTpbsUWblsybnneVgyYYCV1IkIYmHTCu49FGb1lRsL/iP.', NULL),
('11400020', '$2y$10$L0JNZMtPABh2kQozs5dniunRibyPJwioBw2Ar8NMW7mlSfXwxkpt.', NULL),
('11400021', '$2y$10$ZQeHOvFOc9KvGacZk6yjju055UJr/BafPXqxlNLARKu1lyLDejiqK', NULL),
('11400022', '$2y$10$ioOlZCt1BL1vzV02hcE6v.KAqxwkM3uM4/0ivTOqiQG1FOt19n4kG', NULL),
('11400023', '$2y$10$tOGIIY2wMgS1zC7uqeWP3.2X9vgk86pGHaI1p9ClI53FuPL1vbT4C', NULL),
('11400024', '$2y$10$lH.LgzdOH53sGBCPV/8aQOa1KTJ/Vq/LXQYAW9v6Ge6OjxISSdRSy', NULL),
('11400025', '$2y$10$ZnCRJNyjdzslEPrty9xL9eMYL4r46rgyFfEUQBn6IMUhl8IJA.9bC', NULL),
('11400026', '$2y$10$EQudSZRenO0ZNdeSuN62oeBwPxSGSAqDXxCNJ6s/lRogmiRkuQvnm', NULL),
('11400027', '$2y$10$Fwn62TfbT6Sj0TT1ssyuZuVDhqkj6Va00ilPtaPWMDUit3LTG6VpS', NULL),
('11400028', '$2y$10$iP2oSZobcxZqV6lPbB2MLO.USXfRwMNY4.yEESwgFzVWwmO80binm', NULL),
('11400029', '$2y$10$ivyF0wuu55cl7Gd.l//bEeLlFzIUXnBhR4ip.vJXvCXSqy4JzObUK', NULL),
('11400030', '$2y$10$wAEVhj.97BXKn6tQFFr.RuNU3b.G94voyj/w.oc7CPFYmXIDCRb0q', NULL),
('11400031', '$2y$10$I/N38MLxpdBcIFNBfaZryOBrLR61QTrm8pB7/Mcl.PDXh9y.iPmTi', NULL),
('11400032', '$2y$10$G.ORQnO7GLlkr.TzXEflZeEvo5E6vPO8.ylk/L6rNVUvcRRCvZ0Fe', NULL),
('11400033', '$2y$10$9LTBXmWlbLHg9YxNaFd8HO2uK9fw79lUKy2vhohVBUht9VnvXyuci', NULL),
('11400034', '$2y$10$.eDrhf7rKNktDNLtXsIJyemfwPhJAvf7hgmzbxF4pi0aOLZ90Zr.e', NULL),
('11400035', '$2y$10$voxvHAopXmeiQkWurj.b0.wBjS77gKgFkH8jN1KojxeexOF4MDU/G', NULL),
('11400036', '$2y$10$5brzb5ZMl9PZ.YVu56GZAOaNddU0v61pXq/L1ZW.iuaJoOPFqaA/K', NULL),
('11400037', '$2y$10$DRW0jChy6Fu5JuyPm/oOjO3zI5pB9TaE/DkjDRhEAsmT3gwLfr/oq', NULL),
('11400038', '$2y$10$ebUDFyBP3LhYIbkdCApAbe5QVoUfbpL5CE0kk515kjVtSuJs.gX7e', NULL),
('11400039', '$2y$10$O/rDqg623ZJ/sbmWMHo2xOrRqbC2SEE3nqXAv4e9rclxq9zpLDpWW', NULL),
('11400040', '$2y$10$gtfgYCEBkuiWbEU8B4mJ3uUbqaeTdGFhLnB18WNfXLh43MEQjLhP2', NULL),
('11400041', '$2y$10$eZw0L19uyePIRhgUR2lXJeIFX0nJ2Pbfdkftzi.kaAhvh/Cj5yAd6', NULL),
('11400042', '$2y$10$PYnqMj2N2O6kxavZuQAb5.Qpy.DLKbtxeu1b/5daN9Ap0Cw3XR.WC', NULL),
('11400043', '$2y$10$e1oaDBDvim.pThwuJqbYZe6jarSKHMOgq3V0B4nmqxOOiBVSzaK0q', NULL),
('11400044', '$2y$10$QQsuqpfAoiSwf0WuZlQ05ePygE72NAd4oI0IsAui6k2nDZNgfeqHG', NULL),
('11400045', '$2y$10$sOonvdxxP3ySZsbJubs0MOnJ7B5U9VOvQ5aA/DET2Wfx6ueyBZsYG', NULL),
('11400046', '$2y$10$9VmQilbPSU/i3gZ5NtGgWufTJrl0Wv8DHw5.hIkTQvY/CHVcleyhu', NULL),
('11400047', '$2y$10$Vqgd1mEOSX74DZOV2h3iqO29VZ3HN9fgoyNnflMe/WK0QVzx/Pcjy', NULL),
('11400048', '$2y$10$tp226Gt2TKZXyx/TAPMHFezf9OdRvdAVw3KM4l1OgUPBV6wwVhNZC', NULL),
('11400049', '$2y$10$hSjHhFkby0RHYtAFSX1rAO0gjm0r9s/AtpKycLgt9qwsLK2ioJOCa', NULL),
('11400050', '$2y$10$d5eh8Xb5ptgVtQUShboWZ.DW1fp9q4SANlWE9bJdsnpiLUagiUO0K', NULL),
('11400051', '$2y$10$0Q19DwMA6MwsZn4YhfFNlOtZEasST9mVTWRvF6E6Obn1AEJ9pEFkG', NULL),
('11400052', '$2y$10$zsb2M3f.ItuVFOwoypj5GeZ4OszXDNXT2bpq05FuJT.TcuysMLyv2', NULL),
('11400053', '$2y$10$geTt/IBCCsJ6NLFbducJJu0IA7yuB4Yfz0909VzUAaGT.RyH0aR2i', NULL),
('11400054', '$2y$10$JQmTYHlr.sQc.DsTZlH7iOd/7QvK5SaIxilQSOdNXfBbQZKqww5u.', NULL),
('11400055', '$2y$10$sWoASVoBJF3.lT7xeFSMHurvvFkzYSJ7dckS5iGYSkqv.ZK6oArz6', NULL),
('11400056', '$2y$10$40pitBS/7eGRdJdH4.AG0exF4AP78F2MIAFbrXyGbMZlP1g4KTmUC', NULL),
('11400057', '$2y$10$kZM9maNIw0JiX1AeRWlCQO9HVDKSeWqQcQ2EanYT8nByfkE/5xDca', NULL),
('11400058', '$2y$10$8MJTTFIq/fo7MvIHcDx6nusykJzsSBctYMytcJRi7BtRzyq0gLMuW', NULL),
('11400059', '$2y$10$F3o/EYuobxWoECc5nj8ekewCp4dkKAY5TawTv5vUYLjCSex4C4SD2', NULL),
('11400060', '$2y$10$M5TiOyGUrni59aiB.8nGeuMOxMlvaX9SIS/sXgsDeyAQEzKvucupi', NULL),
('11400063', '$2y$10$bIF4uEA8w90hP87tnno1k.QvLYshMiwyTXYM1FUQ0iM9DlsQwrBjS', NULL),
('11400064', '$2y$10$Zl8Uz6fb/wFehBI1ODbiWuEj9ra76qTsTQrUFw4nPm.1/IpLKu//a', NULL),
('11400065', '$2y$10$KSH7BuB5Qwo5NoOEGztu1OMmorLzlLlGO7o8XnxNeHkf35C76Y7gC', NULL),
('11400066', '$2y$10$7IfAy9Sm6XrZ8AZlGg.UKuOrHmtjQ4xWPlbfKuF5qvM2FAINN8gPS', NULL),
('11400067', '$2y$10$38vy9RChGrkuVB6nnZK/DO09f5urV5bGx9dIoSPYfDUqHqS9fJTta', NULL),
('11400068', '$2y$10$aGIPwbrKR4lmagHSlUSrKu/icR5oh6xo5PhPBbIoW9.RoLpSEBrE2', NULL),
('11400069', '$2y$10$2kbHG5OaEM/Rp7x.VYYowOTUp43A7YVALSAVxN1QJB/ptNOaIJnja', NULL),
('11400070', '$2y$10$d771muHRnU0lmXSr1ihVR.hNmFj1TbfVZ8Zn51kvuIKk1wT/0UKVS', NULL),
('11400071', '$2y$10$QwJ9DPzAs9LW3Tesv4vFe.X/r045B0lqmE6iLnuSev6BWTJORr41e', NULL),
('11400072', '$2y$10$mkoOVb/R7UPKy6GfPWqbxeEdTmAyAKRDYU5G2Q1Fy32ATPYd0S.Ue', NULL),
('11400073', '$2y$10$SKfPmmAqLy1GpuwzHKcRdudIYfyNblujYByAYggpXhQYINLmcCq.S', NULL),
('11400074', '$2y$10$XdCFIetX9hYXTRHdc4MuOuP9kmwRSmbCLc//K2E9uggbON98oHOAG', NULL),
('11400075', '$2y$10$fzELsijlI6lPsNgp.KmSJ.mRkYiw3Mfp8Wmy5Erv6jkZizy6ZYFQS', NULL),
('11400076', '$2y$10$9lpC5/pfJudg8Ob7O4d0vOrzuypdq3gzlXbT2xKvdorkMWMmUJnRS', NULL),
('11400077', '$2y$10$rnJxiS3XnwPB61ZORO6KFOPjtdsFbqW.jAhbXr2qvGr9jXtgqVYaK', NULL),
('11400078', '$2y$10$Jv2OVaTqGVAoJuDNnpgpQeEGAjN743/rEZMnvT9uGfZtsLAItojYa', NULL),
('11400079', '$2y$10$dJgtyk3yIxeyjo4cj3YipuiGXm7XiV9U3.5gkRc4Hm2TqE.qwHOvm', NULL),
('11400080', '$2y$10$aeYHSgMP4GOfTl5K9rrv/.A4DD13qCjkpz.F6Tm35HbZ9BS7yx78G', NULL),
('11400081', '$2y$10$OjNEFHf5XZQd41cqscARcu4Rl9BcZUePIVQmxItdQt3YCp.xI4erG', NULL),
('11400082', '$2y$10$OK6MzmLiN74azucJyM2i6u1PE11CTFkjpC1og/ZVoDPVEhQ06/Z5y', NULL),
('11400083', '$2y$10$xhnmv5mCosN/QgO0YsP9Nu0AjqOCRyTIf88IGprVbsJ5OFkwcjUJK', NULL),
('11400084', '$2y$10$fn/3wxORMsVr3eyRh/Ea2.gQhizdxQkdmfYWf7v0MtRFaFLbywe7S', NULL),
('11400085', '$2y$10$cfftt0l36VD5OYpObVgPEO5oB0j8dpfknqHZzu/8gC6uGqFAZML9e', NULL),
('11400086', '$2y$10$EruP5Cu0BJlKZeim/d5uyerCv0cOLh/DOmMlbIfbX3AaD6/.BsukG', NULL),
('11400087', '$2y$10$LfNo3xOHvuTRLVk7Upp9NOOvyQi9BABaRxFHlZXJlBIB60dp.x1BG', NULL),
('11400088', '$2y$10$joFONchF/tZpaxAqgcnRueEJNT5f4jAYGOekXlHtukBCFRWr3oaxC', NULL),
('11400089', '$2y$10$H7h.ttBy3ADaFXDLrlKn2.1z4YbSw9BHGxEVWHpANHehNaNuh.owO', NULL),
('11400090', '$2y$10$1bMvqovgtzPuIG4koccQmuxcZYfFmY2.43t0o4sPF2dBzX2aQ8UC6', NULL),
('11400091', '$2y$10$CgiC37XsIViZoMVrNI7A5eD5UW.ksfV4DHsXIiHg7wiZBI4l7UehO', NULL),
('11400092', '$2y$10$A9KK0ObPDQp1WOiA2BapRO0xKRqF8gxZRk0dMSdud0AzFgDzY2Gjq', NULL),
('11400093', '$2y$10$PCKGMs2Ve4fT.ryK2IXxTOQI9WvzRHaCY4bHneBD3Jn1TSzlQf3Oq', NULL),
('11400094', '$2y$10$/X3c5zubvbPfNyrF0Rgb5enhh3E7rHXjLdRmII2WIue4yFq4AH2Xm', NULL),
('11400095', '$2y$10$yRm/bKLbzlp7bco/zzxHSuwePspgmgY.ho8pXmtpnK3MZiNZi1lTa', NULL),
('11400096', '$2y$10$ejI6e0I3uzB5srjzrZIcr.6LDEM8XO0L4qrJgfKvzRYJ87gUVDMz.', NULL),
('11400097', '$2y$10$YxofNsY0gwaAlIcN7P8ciOJnJjRdcC/.R4oskGd9ymRK8upIg56G2', NULL),
('11400098', '$2y$10$Ly0dUie4fXvVwlAYPh43JOAJFeoL9HowwPbgGfY4qJ6BrjB5dkLJ.', NULL),
('11400099', '$2y$10$d3W2fC7ZQvWOc25BIFvB8OQpNA7Vdx4Tt292fy36IwQbRDxZUUYJK', NULL),
('11400100', '$2y$10$8p.I9uM0X34nb1l8rB0Oq.L9cplobEXyb/Ouv/GdDCobd0yYV/bY6', NULL),
('11400101', '$2y$10$yK/KBQhru9vMzfpDipPUpOiCBmEPxVETSBz18ZJ8iHPpQA4FY/ABW', NULL),
('11400102', '$2y$10$HKi2kp2KusqUe8W5VVHFtOQ2ey6MAYvEMlhD40MNYl0k/RLK1vL2i', NULL),
('11400103', '$2y$10$g7KQZPMHJGHAxYTejub92./ouyvLvQstTE.vyZGALE.XpHoWFeygq', NULL),
('11400104', '$2y$10$w.PbD.T7/OC/HDnKoMK4OOM2WVNkk0zdyzuYq16ytzNhwaLEbIYA2', NULL),
('11400105', '$2y$10$QRI42TC8.oW5wXiuq9sdSeM.cCA6Q1nICzxgmAoTN9XJuPYUfaFQm', NULL),
('11400106', '$2y$10$yf4CTZy3U8PE6Xdo0HeHHuZtPwD69nrhqMBk/0NcchWbT2sztxKLy', NULL),
('11400107', '$2y$10$UuUZGTGNrsS/wPLfmMMacuhQgTSUomxL..HHHrdnByu5wXiIk2Ecy', NULL),
('11400108', '$2y$10$DSsbIiB/5dCnki/2zdGyb.yQnDDI.Eeq8mIu3zI83FqUL1kc60Cj.', NULL),
('11400109', '$2y$10$KKPRpBUs/Mp3eS2Ma0yN..SC5RwzAJrGoALsQ8gOKOeQl5jgkz2dK', NULL),
('11400110', '$2y$10$tSb4rQUzKn1m17R7mEacmONVfL.da7BYtZGAp80f3H6EGFBRbxNre', NULL),
('11400111', '$2y$10$i5fXAvdnpLJwCBzmPPLroet/NMoL8TNE6KghRMW./UlMvqPyV9ede', NULL),
('11400112', '$2y$10$/2LgiyW5Wp5rPluh19x1NePvRSUawPaSUCBR4EhgDsRpXPN/zf4GO', NULL),
('11400113', '$2y$10$AHDyRuYq.FCJ7J43/a0tM.5SZIuxL74yAguik2kkk5w8LoCwR3BeG', NULL),
('11400114', '$2y$10$msk4VDwzU08S/m8rfveTj.79R.FRSNM.VkXDSPGK9SjPVysSCjZGO', NULL),
('11400115', '$2y$10$Vh9kriyumRmAipHRk6y/feY1UypIaYWxMU9Pcqo1vwTYYDlkFJ3v.', NULL),
('11400116', '$2y$10$gURgJ7OTmaRH3sAKDbDtq.OuPAiPBD6wqNKn.3ZtrqH.ArMcXfZa2', NULL),
('11400117', '$2y$10$5pHD6pjWX8VX1LQg7N2X.uZ2aiCCuRlggNix.SRoTFFrrJWg7yGH2', NULL),
('11400118', '$2y$10$wdC/yzD7uP3F0iD7v93I9.aeNGxT3WhGK9yreqyNhPd41ms9GfJE6', NULL),
('11400119', '$2y$10$sd.8saUsGp66dvCsqbkNt.7XtdQ7x/KKigTtcHYk58e6OSDCsl9Hy', NULL),
('11400120', '$2y$10$fXXVUDtmgBbWZGDGdK76m.19VK5v2PLiFwdjTOLUoTr4ogTlg/8im', NULL),
('11400121', '$2y$10$fO.RDK3WCjlsUdrzdUc6WOAsSlyl1YWGkvt.Oi9h7VY4q728/U47C', NULL),
('11400122', '$2y$10$XgQymPCg1b/rpypEgebnoOYGNAGKlBx6SnKQ1kqDx7W25jp8iU5/.', NULL),
('11400123', '$2y$10$VcFGUQRbkNd7xEhsHROt.umGEw.XM/D22Q.eR/xB1N3j3jWnImI7y', NULL),
('11400124', '$2y$10$ozgz3vYMGZC3OjmhFs8/HOjF7.63QzFBOPu26OWVA5NHVPTsl3a6m', NULL),
('11400125', '$2y$10$ShqkIzA95Q8UozIHzTb20uIUveR1sjutODWU8NR9T9BnOl38LLpUO', NULL),
('11400126', '$2y$10$tfTbM7McIF20QG0q3W66ZOF0VIwa7sZPzFPt9jSu8UPfARh2acd9e', NULL),
('11400127', '$2y$10$wc2QndzaHMVfV6O61sVSxec69ciUEmudBY7rvmh8ClnmLXn5Q.SBS', NULL),
('11400128', '$2y$10$LbCOseVyovWhK9XC1YwFOutQJEF5ERUVizFtReVIBqN/s7i4CoqLS', NULL),
('11400129', '$2y$10$2khy33WUF5cjsxafUHOeMOhE84/AzwXpG7oHgcZpchyBtbXsHIgJO', NULL),
('11400130', '$2y$10$NDfl3k2.odgiUm2B0K6bH.1Bj6sdesuUsDv9QW6U.bKsyp7d6zBNK', NULL),
('11400131', '$2y$10$7XQ1UbT3Pw/VYrh88TX.w.TydeAKDBszt1FmzRQqK.Uq9lCiMmj7q', NULL),
('11400132', '$2y$10$43XbV.2YdDpbYJIxckyf4.TUZnun45HGrklGf7y6fE4oBBIsflJT6', NULL),
('11400133', '$2y$10$akfS8WOQeW01SRfS3cIoDONXiv6O.C91HfKwgE6f35vFG1keGnWnK', NULL),
('11400134', '$2y$10$NpmaiFEETOgMZ6u3ZFIwPeT31dIgiT2.JDHXdQO8XM0jIGHbynPQS', NULL),
('11400135', '$2y$10$CJeRlRQpibM7XQC/W4Tm3.e/zY0mgoOjHNhc0zjpOhCcHtpo3iBQ6', NULL),
('11400136', '$2y$10$K2WUtnnow0g/7AL3jpuQG.YEJTvTXFg5z.kESx2urBq2ptdJTpb3e', NULL),
('11400137', '$2y$10$.KLfe6mh34u8ekUcpNnVFOfb/dZr1VdyHfU875eNsHUBFFc/IFMIq', NULL),
('11400138', '$2y$10$p6taQDZTVVRzOklP6dThgu/SZiHQT4/FTnbTNZXudbV.deKWCFBNm', NULL),
('11400139', '$2y$10$vqWwov1TQQVC8Mucfc0JG.H6khW4VHYgSAGDtHQw7qURlAIcPFGlG', NULL),
('11400140', '$2y$10$VaiLOJqI5B9bJjTD22bzwup3QUl7QTp3zcomWmoN8kedghULAU4CG', NULL),
('11400141', '$2y$10$iCubyvVg0Ev2YK0StFOOJ.Q14d.K3Z.a0sCEbyG6QOwCHicDIfNCy', NULL),
('11400142', '$2y$10$r/Q5GBvvrm1Cyw6n7ALYaet6yiwSvEzxh7KqwB82wP7ze8jN7mOTO', NULL),
('11400143', '$2y$10$09xlUgUqMzlyZqNGsQRf6ObNCH5vkUC2hhVzLbuli0UweawrFL7te', NULL),
('11400144', '$2y$10$oWCPM9xYKWnf/uErbhtpfu1zbTpYkQsB1DAMBQXcbRC0P8idOC3KG', NULL),
('11400145', '$2y$10$D2c9./UsPlT8/XH9JbLq6.NPxwX1gDWDhkUtDE65H6oyVl2qoqqn.', NULL),
('11400146', '$2y$10$agvKmdX0IAUXeK7JaSUecu/dzVO5xeGgOOMn83VpcqoMk6BB3.3fW', NULL),
('11400147', '$2y$10$c0eLK4uF1usMk2Ku/PPtqeuB24Ne8D1B4JeolilHOsrLvVvdr4uoq', NULL),
('11400148', '$2y$10$YAgrxB48xSFvKjlUNj8lVeu/GCT6NAvKSJ4Liy9hxCMy7OeBKe.d.', NULL),
('11400149', '$2y$10$V4RK1wQT/ZQLFlj.psLhVOgqAPQPutL.wmUwbBB1vqgsbfBbCVx9G', NULL),
('11400150', '$2y$10$6YeCDBKyXGW0k3u2yc3Px.Be1aIcNIEcn8p2MAyhyA9dnygVvrL8.', NULL),
('11400151', '$2y$10$5n1EKdxbGy.XciXvpweuP.sV6nwklUGrZIqaA8tx5nFdJb58TK5YC', NULL),
('11400152', '$2y$10$pzZKg/qEXKbrj6986/6Wju/vAN1pOCD4raXhRNJXyal7XYu97c/qK', NULL),
('11400153', '$2y$10$NJveUpGzjrIA4neSSUPbaunvIyuSRMOVgUS2bouhrE7A8icLPXp2q', NULL),
('11400154', '$2y$10$7QSFmz9QHQWYPFudrGbsZus/FvL6hnvv9E2iTzIiu.dqjQRIcR/cu', NULL),
('11400155', '$2y$10$LNBKEWfhF9RsFsCn.uzkn.hTXUIkkmlQ08GdkMGjGMI/FoI83pOgK', NULL),
('11400156', '$2y$10$tGb63hULlkgjXQ3qdQyyTeSMGtfG/hvxwg6z4d6DASEzcuT/Z23Nq', NULL),
('11400157', '$2y$10$lNfaE3ItucP7VZjTT59xMeVyeGBxIvm5sNihBPDe4jwiL2PCn43oC', NULL),
('11400158', '$2y$10$UDk9H/RvyUvcSdW51j6Ij.F8M3JgB2hylSGn6gmojB3tGNpOamImy', NULL),
('11400159', '$2y$10$na44ggUKtHPRJ/6CVYECYep1a8JSt4dtUGGLXilhJ4tRDsbla7GU6', NULL),
('11400160', '$2y$10$OhiVIXdJtm6l41VStqvAOun1bCZX74bnLWAm/IOuOShkmTGVTvATu', NULL),
('11400161', '$2y$10$Uzo0P4L/ek7KUz.ez2f2redz7VV4tQ0NgqONH3DhOS88BfKpkUD5i', NULL),
('11400162', '$2y$10$vecY4lB2cjLFQwnLJnUviON9ZPTJ/FUL..KnofB.vURkPcUUsNFFS', NULL),
('11400163', '$2y$10$wcY8Of2Di69QDAalvcoXWOKpJfyGZ3MyYlM4bnVr85yamqMVoBs8K', NULL),
('11400164', '$2y$10$sQBjPZcvxJcKnqy.PLvf.uzn0bHE2kxMJoQRdu.FkpwTIhbfqyVYq', NULL),
('11400165', '$2y$10$HuNKnVkTxKBQ/j7GmGE1AuuSPxWQtMKTX.ftcUgecDb0XsOB17t42', NULL),
('11400166', '$2y$10$AbbcndPCVYn1Zve/7T4f9ufAz0fhdbZ95c0gLO2Y5pFOKPfcetmk6', NULL),
('11400167', '$2y$10$grfsdXtNxIx5Ir/U1MARk.UGM4AjcNlxM4V6oWH/Y0Z1hodWIxqkC', NULL),
('11400168', '$2y$10$7Csy.Zy9GqygLH23NUCQuuWsCs6rHd3f3Z7po6S6STeGnX.sCXq4C', NULL),
('11400169', '$2y$10$IXR6H.kB6Yf7QMJHvw3OC.dgwCkVVXAaO0Ms8tnocS6SG0TUhyF9W', NULL),
('11400170', '$2y$10$LbkjjmXFbHrpkp7O789.XufLjhd5n0t23rvDqDfaaEzUFrqGfnO6i', NULL),
('11400171', '$2y$10$gyTPZdf2sUccCJ76/g734un2T9pChxoqZWCiIz4aovMxFpWj1xdcW', NULL),
('11400172', '$2y$10$0Pp8hSI/NbS8lVwXR9qtsuWLWZBEHStqNQyZ6Se1CRLin4NveybNi', NULL),
('11400173', '$2y$10$wbkf2nA.TbaURm8GfDDdpeglLtWxDQJOMYq4jmV/GIMBZLI8YQvRq', NULL),
('11400174', '$2y$10$RGmQP0fcYHnKcIJ/c0JllO1q9I6PRJV7hHv/5iCz/ifnYqgSDa/92', NULL),
('11400175', '$2y$10$/G2q..w5VOsdMlj2HYJOku/EihTrdRL/QACiJrlsvQkMg1MUXPvUC', NULL),
('11400176', '$2y$10$N.sbJJCnJXiluLVuf0CxEO1ATpmVQR1TgJ/ozZCa8vW3DgrEX0LIS', NULL),
('11400177', '$2y$10$TGyPb8mLZv7dJ4SRpWj8f.PDATYcLmt5UraFtaYtlsITCyYPHM3be', NULL),
('11400178', '$2y$10$U4cWyoHlnGNecN1rBR.QDuJYh854pAQ8snrxxIi7Zko1CROPBya6y', NULL),
('11400179', '$2y$10$q4QKmvxOdF8Mo0XbCBFYROBrgUYxA3UAYSwHKZt0/nV.FpVAr2AaG', NULL),
('11400180', '$2y$10$qWMEuv/P7i3Eys53iJV0VeHPlw6DXGhazt8Diax0WEXwKL00vo1te', NULL),
('11400181', '$2y$10$bQV2BKv8cDc4fjypBXajfuaAVn8ZYyPUj8llm81ReLrMyLxPIMvZq', NULL),
('11400182', '$2y$10$UnP4yMwWLFg1yiDQVagF5.WyBwfxl390XDIsobtbHVBu6YTUY2NhS', NULL),
('11400183', '$2y$10$sjqH6UMSNH2yPdISJXbXMOWqp7JuI6qDKObtYXtfe.yDxGQivEjLy', NULL),
('11400184', '$2y$10$zK2j/.pcVMfD/2NytENoLOPZrwk2oNvXEqJVS9S/iaw8qdDn24InC', NULL),
('11400185', '$2y$10$BCE/XWX.6468At3AlMFHfuoOnsT2RT3qXQm3G5N7vNKFjgkqMet4u', NULL),
('11400186', '$2y$10$1ga/pnuyu8e5tVd0jWOpheYRho9SDHk94kiui1uhDYqcM/3ktRuZi', NULL),
('11400187', '$2y$10$lBVrSvpFmiRlxccTPoSpW.yYZBs2SpVZ/OBpG3WzuOPWp304ih95G', NULL),
('11400188', '$2y$10$elwdkHieCO6LyQG1YoxK1.9Bisuccm61.21D6VKy1oKy.EIG4QtrW', NULL),
('11400189', '$2y$10$lx94ife5hKIYl7XGOos59uxfKX1145oT5/QFTA.9bVmH0Uja88Grm', NULL),
('11400190', '$2y$10$dSpSSVUMXcDPbiyFZ8UYEO87I7zV174RNpHSy0bxPMryGdrJKJFR.', NULL),
('11400191', '$2y$10$Vlgba.qJ8VRmVfSKO0Gn7.ZNBPAWultBqCx569MHUrSeNkMEjh1FW', NULL),
('11400192', '$2y$10$zGIio//7LpHcGdiVPNtUhuQbKeXg9wnqr2bKB74u3fZv9m2W4bAMG', NULL),
('11400193', '$2y$10$4gA2G2cX/NrTx5RcWA/4X.ninEO9ysrx7ARD9AxS9AMY/OrSYfHoi', NULL),
('11400194', '$2y$10$.e6ylGCUHwwKrC79Iscn5uNWz93ByewybR9/O5ovecf8URkKe/5Oy', NULL),
('11400196', '$2y$10$5WHShthhuZ4sEFU1bg6L.eMUmbG64Jnu3jRn8pcKK49ymoTMh3FLu', NULL),
('11400197', '$2y$10$at1KZdJqTWkzPJ4v.QL7C.MlrmaSEWgzEqvnMVQX32eSQ3/ENfy7.', NULL),
('11400198', '$2y$10$btI1aheH2IdDBgg9g1wnXuhM71BzdGNoHckvsq/iTJqIfum.c3dxK', NULL),
('11400199', '$2y$10$ty6/D3mMvv69KY4QGPo1heD6OT0n8jMW9dmgl3xYKmYk3wXpV6EGq', NULL),
('11400200', '$2y$10$j7yOHb7Ab6KxAaZUsSdg8e5okFYqOpWustzES09DkQ9MMifDQ3HCW', NULL),
('11400201', '$2y$10$.0gBcskWS5y5w1FEEThHTOpRzibwajqV40arvUHTm88I2fg1T08VS', NULL),
('11400202', '$2y$10$75kuc3mvnECy9VLE/QbXUebo0Khbaf3j47mj3WmNhSKqYTAyS0U0a', NULL),
('11400203', '$2y$10$iZUiyTRUmbEh75IkkPWWwurzYcsLZz8UcIspjHMrVI7ub4gJHbzY2', NULL),
('11400204', '$2y$10$qNey50lMjwsFYnLk4vt1AORvFs2oOSCL48kwVM4x1iyV1ts9S1TFe', NULL),
('11400205', '$2y$10$YjRCi1uliODn0w.1druHvOeqfQgFPH86rhfqvPaHu6pnNMULvyYJa', NULL),
('11400206', '$2y$10$L1TipR9PnvKk9AzbVPTjMO7bf2FoT.TQzLoc6boY2KovG4s0m.qLm', NULL),
('11400207', '$2y$10$Y9DcYrX609W/RMAFgije1OH2LRlolly8QIYZtpgWza8W/Ma6VuXbe', NULL),
('11400208', '$2y$10$Qd3ySy7BXZuqqPQFYs6z6u45Q6TArLiVFkgwTItKniR3QyazlV1gS', NULL),
('11400209', '$2y$10$FSjqgiA9btBHUy3vBstT9uweuhEFML6e9wvV3v/s8/DfXVmPoodZ2', NULL),
('11400210', '$2y$10$YvHtq7XXQFelMnODDBTVPO.BP7CAJTlc6EOARrHhdNwlQ3gsfmkWK', NULL),
('11400211', '$2y$10$G.V9xRzPcnt/ssdiT0e.vu2zZZWYRMsvLiv3IrwYGrp.DusHDeRC2', NULL),
('11400212', '$2y$10$1lUJzHMedX/DTOo.AivblOvjH67gzyt2ptucJoASm5oLDRnwhwskO', NULL),
('11400213', '$2y$10$8mgIi5NHmP9qGcXbWcwfROErI9nEv/HsefxFoQOFiaalReaMcqhbG', NULL),
('11400214', '$2y$10$Y8wl6enpSj3XS9nfJ5NpHuEsSDs1fa//olsUhd63.Ut4bLN/sbtee', NULL),
('11400215', '$2y$10$btGr6RIKZ6DApseSnsoK..fufh0iKdI1RW7oJ3hpyRMdvnKsy1dVy', NULL),
('11400216', '$2y$10$jb0z/5aOWkpJNOJimGkbTuE5jEgxb9aEtRVQpkJE.KyOv6hn/XYC2', NULL),
('11400217', '$2y$10$LAzFXF/wZtVt/.7LxXH2EOeXWB/1i9/yTJkHtC7F1lxr.TasUmPuW', NULL),
('11400218', '$2y$10$OBiX5mHA2Ha/uxbh.aSMte01p.Rs2VCVKuKTBf1iinJXFHOCeyoMq', NULL),
('11400219', '$2y$10$O0r6Sp.Lu.QC2NYWoW3y4uMP36RqWDpa1ab9a2k6oJa946.zlM/sm', NULL),
('11400220', '$2y$10$85ET3q4mLsGBiyjpyaZ9Ped02rRmr3Xv./IUNKv95VI1Czsr2gYGK', NULL),
('11400221', '$2y$10$f4rp/cNNGCnJEizclOTIlui1nUYAwzLd2SJesI1ggBj3JaeWw/3PS', NULL),
('11400222', '$2y$10$7skkVciH.HG/3yZb886GyOhVl6A7sY.25WOp9A7vIXE6u9q6eZiKG', NULL),
('11400223', '$2y$10$aUdg8lzs5QKq0hjxRQROouNwahtZ/FOCS6jfP6HNPFOgoGgnwdLlm', NULL),
('11400224', '$2y$10$x1ldLk0vr8cy2ijHEBSW9eBQD00S/ZS3G.a4DkQUyh/t.uzXYbsWa', NULL),
('11400225', '$2y$10$uO5ZniXVv2IbQT.JQzSij.riDjtTNJvOaWRz4GnWQ/Dv2fftEsNOC', NULL),
('11400226', '$2y$10$s2EA4ziw2YjJKQgmTDpNC.1.6/5uFWwklhkbEsSUlqPrbgvVf77A2', NULL),
('11400227', '$2y$10$mWPFoosCLUGT4ywPPIpaMeEcnN3BIEKZ9TmRC5yWLgxigUI03C3ma', NULL),
('11400228', '$2y$10$ijPHxmNMffU1k4p6H0kQVuodvEY/zguLc5hjol38h787d.HLp3Mk6', NULL),
('11400229', '$2y$10$KH.ABOw.2ZQbGs0aT2BQxuNBG7Ji0mn.kVSadyeIiQDhSZZyIWcaa', NULL),
('11400230', '$2y$10$KB5md63TeKMvIx.n1ihHEeqRg8eW.L0XA.sm8f80xpdZvofTGVBU.', NULL),
('11400231', '$2y$10$1RNpFhugEEGqx9fYR3PuZe36R09YC0ZwU26mj1cyOJhcUCr0WphMO', NULL),
('11400232', '$2y$10$Wo2zNhVpC3uyOk1HZSP9VOCtPuFihEi1sGMq1pmaVPHPBpDxN8J6W', NULL),
('11400233', '$2y$10$HQT.M7ixHxA8gBoAJL2xJOuqys2rfowRBXJYXjW8AZSvxutpdV9Rq', NULL),
('11400234', '$2y$10$4FBZnpR71q6HJnArAtQjVe0khWCgpNjWqPfbC4sXuQpm221IiTeQi', NULL),
('11400235', '$2y$10$F25MvMQU1KGuMmBQNEKKAeNT6ArWSFtpGzUDLGv/yCbHr5WzlpsIe', NULL),
('11400236', '$2y$10$blrfEhKYyotWcI.2vgNDDeUa05sY1ZxUIun9B.fh9XU/6dNRZTKxu', NULL),
('11400237', '$2y$10$IpbW0LVyNfWCzOFBIjlKte6/5.0qaFkWbmnDf8.aDnxNrJnplJNb.', NULL),
('11400238', '$2y$10$naLzviJEkFYCC3BxyeKJI.cTOYO6CtiQO911085xOWXieZLW31N9S', NULL),
('11400239', '$2y$10$RY03nLXIpSLe43.kun98F.Ls6m4LKtRmSeC/pmJ3KsCdpk2yQO/ZK', NULL),
('11400240', '$2y$10$K/lba2QAqV9q2mjhJlLBHedBgDYQIG6xKN6qxshjehSDZ8DTrYkL6', NULL),
('11400241', '$2y$10$a9eaRZ/uGRZz64e55go5luKZNFnVNTVk3MzuWNK0a3eOtXja/VVZW', NULL),
('11400242', '$2y$10$iO02Vw53eZ0scW6.mKe23extqh1FajnnukSyoF5nXfKEBNDUoz1bm', NULL),
('11400243', '$2y$10$se90t702KPumsvLznBPJgecYpCAbY44vwRvvTqvYkFALdqlT.Mlq.', NULL),
('11400244', '$2y$10$yKJuFRq//gVvBGsmKOSQIeKSiAmA4LlPtZdKwaBLD.ZhRjmPa1Tj6', NULL),
('11400245', '$2y$10$OtP8ktMWKnhArEGFSqxfdOA.fj5ae2qUWhZA0CyZM1ZL8BYpn//12', NULL),
('11400246', '$2y$10$AfJFayFKL9aCobCT0uVJWefUw0jldAwfk3Q4147LZCBhwAQ.5uQF6', NULL),
('11400247', '$2y$10$gBrBKRi1E2yoMiv5Q0kAdeVRSmx3hsBnwUOWlpeYQ.4zpTd6j4ObS', NULL),
('11400248', '$2y$10$jRIkUDujyB2XmItYaHCvBOhu9UR0.j6N/vOBM5OVv1FpMMG9/H3Ae', NULL),
('11400249', '$2y$10$d01CI2Lymhi.QJbjUV0lhOJYoNliq7KpB3dQmwe1nk9bkfgzGl0da', NULL),
('11400250', '$2y$10$rj404W.TBm5.AJyf.l08ceP9TQvxvG9uXCjcyF8IwdcoqxO5X23ee', NULL),
('11400251', '$2y$10$ac.0hLVIT8R6uGtvrh1F5O2iUoVa2bfxAzkEbJql1lk4t9osQ7I7i', NULL),
('11400252', '$2y$10$5vX3aYXR1BauOJcoSQqGme5s.iDqyjEl/S6tnB4FuQT7XN6PoTI9O', NULL),
('11400253', '$2y$10$VO5XXNDLws4RMZnVFQ0Y9uKO97Sck5ADwVagN7y1ijILQ6x0YN4Fm', NULL),
('11400254', '$2y$10$/QGoM2Qc9FTnMpzAL4ArMe74fWMEY1HCJuym46XDZQUFOhDwbSBW.', NULL),
('11400255', '$2y$10$xbKbvFKE6d3ntzaFtXgSJ.bWMpSvhQqKy/CyMb8g5SllZ/W.uHN1y', NULL),
('11400256', '$2y$10$IMSSWcvwWoLPIyeWH2ML7uIazbOOcH5Fb0HbJQIU6HOYrldnR8CPe', NULL),
('11400257', '$2y$10$cOM56t6uwRDDp5DZ6U0MfOHktG.JRCdeBHf8rm32gxLWQBdgrINhS', NULL),
('11400258', '$2y$10$me52A4NLAN2ToBg0xB6RIu/3Hz9QLH.jKiz.1QPrsYz.gdJPBIAG6', NULL),
('11400259', '$2y$10$mOdcxD6AL2j6tdaBaKviBeO2ZqizNmf2YrhtUQs9WOmvZfrqcgBSu', NULL),
('11400260', '$2y$10$vFl6M7/mMtyoHjslJHCu4e0KFGeoOPiP/r4aM3bOkgcFTVpXSZYG6', NULL),
('11400261', '$2y$10$v0o3Xb44zQSX73KZwQ0fTedfSaB4w8q4buURR4kljMnYL7V7RE9C2', NULL),
('11400262', '$2y$10$qlCjrW7NBUfInN0dDQc8hOxKrTQwhjJwg3cI4ugpNmMEcEh2wp/3C', NULL),
('11400263', '$2y$10$9IgEsnNC096VzEaZF20sOujtkmXwkt3E6oeA8Daabzq2I6JMQn8ke', NULL),
('11400264', '$2y$10$PoLT/KY0t7t3fEJXi6g7f.iSTEB6a65tamvo3na4CIl2oDlHfKZAm', NULL),
('11400266', '$2y$10$rFTOxKs1Gm.tH9gCJlUx4O1yt5RL/kE26P2Myfbg2ORlC4g.fJah2', NULL),
('11400267', '$2y$10$vWBZq94ZaOYMFYchs.gIR.GXbWDKBSegRTq.Rkin0shIAqPQbFY4C', NULL),
('11400268', '$2y$10$Cv2HnprQKbhZxmbOXNbYIezy1TZsTjrveR0HCG6sHPjoTsvtqpIfS', NULL),
('11400269', '$2y$10$pk5XJ1NSTUDPGE2nwfNC2eZ2W8.fNOTb5wxszc0b9biOmbURj6aCu', NULL),
('11400270', '$2y$10$FG8nfb0aUU44/2ERIeVvjOkHM/FullDTcVqwM4cX3X9POdoOQcJLe', NULL),
('11400271', '$2y$10$TgbEiOIKnvsT5vrf27pd9.UaiX.Z3iJ8SNLif5U5r7wssEeoMlT12', NULL),
('11400272', '$2y$10$..3IHDR6Ioj5Of47F2/Mw.MYvkOFG000dwyvDy1cz246KmCYk2P.O', NULL),
('11400273', '$2y$10$usD0z4lku0t9fW1VPh3PG.bwpdQxCId5u65Uyju9nANgDXpUvkkle', NULL),
('11400274', '$2y$10$dpwZGY5huoIvqhcBTCZT1Ob5j66TMu6YKIDUeCTUyf1nWIHDvlreS', NULL),
('11400275', '$2y$10$2482RZVqLsBjdZmfB3irGeTyMIfra3VxfHP.B7Vokm5ZsYHVQY5XC', NULL),
('11400276', '$2y$10$Hnqm/TYlS9/ng.x0Si5X/ufxJ8dO6DImBylZYph6aDaqeVoc8P/6.', NULL),
('11400277', '$2y$10$yMPTVhvcEvgANZTduwX4VecbmF8QZoDMt2hb8BSdwYGwsyLSsnCCW', NULL),
('11400278', '$2y$10$Vj98RHclrvWbCrBooFokZO1eO9M1zcEksFDRN9AQiP5OPPEOW4PKS', NULL),
('11400279', '$2y$10$d2iOAzKugdyC6DimhTSl8.OspS6QKqqBZCb0vw4JZvmY5iQ60jDZW', NULL),
('11400280', '$2y$10$4REMKWonnOSWCk96/5mXNeOgxA1B5UGOmG/lFnWwwthUgr3dWW0Pa', NULL),
('11400281', '$2y$10$0IItPKeIKHnbKWcBtDYrBOeGn4aWwcxpnGg3KRbb.gqpxnXmYfXLS', NULL),
('11400282', '$2y$10$Nwkr/todamiQv1VHtd2SuORmgnYoPmrF6PqqvsPO9NZgCwvvMa6Py', NULL),
('11400283', '$2y$10$UMDZa/dhgc6S.JNSPPa7LeRIchMGEkAAOAy1lZROpjF4SA1roDIwW', NULL),
('11400284', '$2y$10$S4QawNbaUvS4FzG8w3oWYOX5D1CGEx9cDEp03r7Iu4Lx6D6daHlxK', NULL),
('11400285', '$2y$10$Glx9cOWR02L58QiWMZxsA.9og.VDhioNUmyMDFsP.2XZNrxgXCf1.', NULL),
('11400287', '$2y$10$TZ1uNt5mcS.K0AM6abX.xumVjLYiXkAR.BYyNvIb8mfsa3BA5AehG', NULL),
('11400288', '$2y$10$yQE9lG6eFYlmv3Cv/sKknOIQZInd9ckV.lQ0iONLzaUR4s1zTv/IK', NULL),
('11400289', '$2y$10$2JJHmTUGUR3TU.y0R7aNXuyPpRNYZyNKP6ss6KwSrkru38PaiovnW', NULL),
('11400290', '$2y$10$c.z6510LmIpzB0.Bd3j2Ju4MizH8RqnEElHmB8UIUws/uGEfVIDJG', NULL),
('11400291', '$2y$10$nJAUJJkHz.oCbYiA.zsyp.11WFZaw3QYBAWCwo2//.gRBGpa5eYlK', NULL),
('11400292', '$2y$10$ATIaJxwU//XeKXZOwiemxuPmOnov73a2YovChRqGFI/N2NCQBYPj6', NULL),
('11400293', '$2y$10$P6I/U6Jd7nW4PjslY9HGH.ynNRPVpesQ/UBATs3LYxFxX.4E0iWhO', NULL),
('11400294', '$2y$10$1Box2G24HGNuNnEhHR8Xy.OC8qcPNGQ96w0uaSwJBvgjDmqwhkD..', NULL),
('11400295', '$2y$10$GcRW2/1PW6CCCgLxMjJ5me6AhsDCkLjJb6mDlhCME/j1E3pJDDwLO', NULL),
('11400296', '$2y$10$lWnS5EfoeafkHyt2Z7Hdyu.vqNZUCCbaVPuCFBLsDx530cYAf/d56', NULL),
('11400297', '$2y$10$giXByjIPRDy76HhMOHYyiOuVOvT23ocbjeOABNDLcnw8D/Ndc.oQu', NULL),
('11400298', '$2y$10$DsgeCnFu47eVWKAIrQm2g.hkhRAPBsWy0ex7HmMq4TVxSa.n5uVPG', NULL),
('11400299', '$2y$10$Wu1/uEuZIV71DXzni028gOOWJcBrIDnJeHf8vgmT6wRSJWR1GFcl.', NULL),
('11400300', '$2y$10$SCfJ5Id5ERR4DrGC9uVrDuK9cpx7dskk5rdp15ox07xUL4qh.ZH4m', NULL),
('11400302', '$2y$10$ffl.7fptBDOtwoBM4EC9YeYaarQ2K15meV0OmckWTBF.H7v32oxca', NULL),
('11400303', '$2y$10$fo7UrFJPW1ZOFww2jkVii.ht6Z9d3D.HOUS13Ylcwilf6JvDFlXe6', NULL),
('11400304', '$2y$10$Lz/qEhYw/TDUZORsRSq2oeJYEt/JiwW16giMffBrh8FdkjzgTKQHm', NULL),
('11400305', '$2y$10$nrkhONqfnJfsPv9l/tGQj.bJmphlavEdOJtZz5r/zEAAz3pEMUsre', NULL),
('11400306', '$2y$10$hVr/IELvUX/ndjO990BwNO3XQiE2FSMcivgRCOrdCLZFblbXUlORm', NULL),
('11400307', '$2y$10$yWZS5oGHVJDECIeX0wNWpu7ziMUrWwvadChkZtKE8GHdYUvvvsEqa', NULL),
('11400308', '$2y$10$Y64aZQS/5xbcLmL5C.3LqusnsdDcN0gZTOj8bCIE4pjBomIbDvWqa', NULL),
('11400309', '$2y$10$r.GA0IIYSUP54gQT94NXZuOET6vIu4wdOinXcsj6zM59e7OcmeEE.', NULL),
('11400310', '$2y$10$j7s4Oi2XSGXJ6wQPei252eRvUbayFAq4Bc3baI4/ac5D9FhMf9YJi', NULL),
('11400311', '$2y$10$Q0hFRp598U7EpKkgLSKRa.o3ZOF7tq44jS6boccn6bs3.ehBfII6C', NULL),
('11400312', '$2y$10$sTL1KdCrmXeM9Ht5fF3gse59RGT7rt3kBctJQ5A5KrqRJmP89KzkK', NULL),
('11400313', '$2y$10$XYFik0qYaLvZYbr/HncN1OJ/ZQB80PlkoG6Xfy8InpjpvcYNADUjy', NULL),
('11400314', '$2y$10$6cLc1dQnBTh3AIFJStm8MeE9cvL1eXMiHYlrfBukJ2jzMiuWh0NyW', NULL),
('11400315', '$2y$10$3LVNByh5XeQPWjfsYTBK1OWGtrLvvzA4mubaQhhjDiIagjPSDFB2W', NULL),
('11400316', '$2y$10$A7ZPR6XIB2FU/CJOm4OG7.deLj/l2ut//EJGtOoL9YZvyJcW1kpTG', NULL),
('11400317', '$2y$10$O/ymNxMsAkgnDIl7L/Ka/uQqZI9mcyarGatdpgp5l2IzPWfV8FBjO', NULL),
('11400318', '$2y$10$hO703IOiBNhxDQ2Ixo5hue8OXnjVmpvq7Qlavs6dJbFFkh35N0Xv2', NULL),
('11400319', '$2y$10$iJag5A2CSO8udA9SNrry6eB9GC3lafrssC3iEYbcG1SbsfvscXy1u', NULL),
('11400320', '$2y$10$Wl8SQyORV/Jmj65UHIjMoOn5LBuvizh3LbJxsi6I6lQ9kqt2c9ORG', NULL),
('11400321', '$2y$10$ImiNzYbZ9KiRGCcSLaQIkOTru3RasejbG5PZwdrHf4zmbTNsYLYOG', NULL),
('11400322', '$2y$10$vmjPjFPo5BcCjal8BqsBtOWiAyE7G7QLuhFUhq9PJjTF5fovU3wJm', NULL),
('11400323', '$2y$10$STdX7.FBMLcm4spiA1/ZPunvbpzxqZnoHG98oOmQqm6I.0H.zwdky', NULL),
('11400324', '$2y$10$m4zJy80B.9q6jNIJDFsUv.G0uhagUpQdD0XUsUub27ovGnR7pm4KC', NULL),
('11400325', '$2y$10$IaGnHWAV75AX4Y2D6edTTuOcgW4ud4/ONECEska8XSHndmkr/uQla', NULL),
('11400327', '$2y$10$xpRc/b2b8YJKyeHDnwBwuu/AVUwuwpcYawids4xuI50z5TbzX2mTO', NULL),
('11400328', '$2y$10$GrQ2Gx1o8.QQ8/PYDkVFtuQrjiWqUu5xJWkSZZDdwRNpYtD1k4.WK', NULL),
('11400329', '$2y$10$PfjJ3UqLD5Gb2JPgxolHOu6oJqfjKCYzLeipRPDnEbrAEx5TiUV8C', NULL),
('11400330', '$2y$10$ORTIS0RPSrpiDygpqjD7hud68sRxLdaRU8wO2XKWHClw9O7SxQRse', NULL),
('11400331', '$2y$10$eymQ7TQOENwj3OFiMV8AWu8CI5ckCcSch81dxKQxprf1rm/1d/oQG', NULL),
('11400332', '$2y$10$0Zl1b.mTfzt9lSZpGn/MS.O8swTQp81lIvqseIpsgZUmYoyDxv6nO', NULL),
('11400333', '$2y$10$WexTw7utcw0fsZkuWrF1h.EBROfyFR0TwRRTfrN0oQO.loPYlSANy', NULL),
('11400334', '$2y$10$5UMMWtSeMnWtAmzI8I4XZuxJToDaBtlpOmSwjmN5LOwBJLtxFpDFS', NULL),
('11400335', '$2y$10$ZUuFXIjNCjhA/gKqId8Z2.5.LXZS/Z4LbMsxe.RulfWUWqyyCt5um', NULL),
('11400336', '$2y$10$wYFd4wNCZIE.m9czAxuIcuJCzzIfG4K3pBlaJY1KdtcQh2EvViJEa', NULL),
('11400337', '$2y$10$kYLYvNHy0tUhtBVTRVn0GOdieTIHBA6d3CbvBYEnqBkSFkwNothI.', NULL),
('11400338', '$2y$10$yQT.BCMq9YKQdwZR8atF9eUF/haKYawewLPERsAyVurhw7fQpXWDy', NULL),
('11400340', '$2y$10$qjbc0c0.Pb8Fj11AMSWJA.HUCPlo7FNRFTfVUmUjB1Wt9I1mO53wK', NULL),
('11400341', '$2y$10$BbJMA63AmtahPsgt8DW5g.wJx5Uyzg0IiAme11JtX5PP2L1MOqR2W', NULL),
('11400342', '$2y$10$AVlxDLQ6dQYeZksLeFZIZOSxQzl4XYVy5JPHQwV5ss7RQfuHm0tgi', NULL),
('11400343', '$2y$10$HeKWIG/ZZXdNOXN6cSpsOeno33aGFX815vMCz37/fmazokCDjNdNa', NULL),
('11400344', '$2y$10$tZrr9158ptPDln4yGCvrpOyQ.E3RZMxjutGfFukaKqj/ZFSHXE2ee', NULL),
('11400345', '$2y$10$7cpcdmrB3mUFVo6kGRbZPuZ0d3hCqv1tVtMOIJp4IaUcGvwf5Qfne', NULL),
('11400346', '$2y$10$O203qcBuY7WwQAkmPJqJCe2xomqe6SA.A3jrNNVSiQjmZ27ddGAiC', NULL),
('11400347', '$2y$10$vu0.Cm9KQ4i6IuPPDYrynus1LNq8mW.ag00sR7xIEDKGgfuV7rjkG', NULL),
('11400348', '$2y$10$GXhTf9HN1yGtHcgDX6/YduxtuXpG3weKoIW6ViFHlrmix9r8Wd1nq', NULL),
('11400349', '$2y$10$MZn7VUyJvnnf8dYJ4i1p.u6RmRAMiYcB6uO8BCGjGJrdgoSWaYTOK', NULL),
('11400350', '$2y$10$4VcG5RreHdupbW7b1mSAeuEauWYX/nnhs5Bt2tf68xdVOADafxWF.', NULL),
('11400351', '$2y$10$OTTaCntm3hcD4bbhzMcQeeaAcZqDGvfVLVi5BC8JE/BMRDhooOjC.', NULL),
('11400352', '$2y$10$oqI0e37UP8UH9gZKgrOuouYuxqSSBP1AkQ0/0OWgNCtufAPKwdCHa', NULL),
('11400353', '$2y$10$35TOlOnFXZSYglnBJBasbevnmx4gjsu79Jk45CYF9K/Y57K9LcMDO', NULL),
('11400354', '$2y$10$wHrUGRMIBC0uM38MgsE9Ve8OwibtBKQHgHOdwZl2hy1neYFGogk7m', NULL),
('11400355', '$2y$10$fBfxwyfuzmhH.NMLMQn33O.5yiIkedc7eQsca/2yWdzbjkScwCthe', NULL),
('11400356', '$2y$10$09NV8h608maRdX9BxdeDAuA1dOXy/Obx/cDRtb7OFlzrc8.QOT3Eq', NULL),
('11400357', '$2y$10$DtVBc4wXwkBLT7c2JggWE.athNXTmyVfWcm2aI9DdeyXhhtnjnPmi', NULL),
('11400358', '$2y$10$PCdluNN96bR6GUwLpg.d7uliiYGxsvTX2/i6O6W0UmMiIjxUiuv7S', NULL),
('11400359', '$2y$10$3HN.cM.dSja8sLiJ83hHZOMfPB/9mGOU5JfFxnGYLcF9z3N9nrbIK', NULL),
('11400360', '$2y$10$Wvuxkd2ymS9tQTz99KBkGeGU5LFDI.AQ8sToI6ODEliNE8QtuwrYS', NULL),
('11400361', '$2y$10$.2g57I4SjSsnk/rc7bNKlOeey9Wb4XZ4U5KpaM3KrTlgi9ecewykm', NULL),
('11400362', '$2y$10$gfdVMCirhbYpPYJIgCVkv.i6kIE2osqD1CM6ZfokP7RLyIBCRS4MW', NULL),
('11400363', '$2y$10$VZm0c1wSn3dC8fysg8HhJu1KlucXMlRPwhxcbFXMBSGzYJP3UNQ2u', NULL),
('11400364', '$2y$10$xyyvKp4JHS/eF8UkIlgxU.UZt6Kzkmtr90VBotad0HvnuKSvdd6CW', NULL),
('11400365', '$2y$10$vCp2T1aDCYhMIeAvr1gQKu81HyqPtFRt9bEiV/5svEIYp/uBbS90W', NULL),
('11400366', '$2y$10$fi0pAd/VmGieItOS/H5f0evPlm4tu3Kh/LmK7wD8DxQOhbcPPPqKm', NULL),
('11400367', '$2y$10$l9Z49uckytHOjfevSEcKEOYb9oogCc1Rlt.yR3rfKW8TRu5N2DbeW', NULL),
('11400368', '$2y$10$LA0Mo5ynhp6rsUL.iivA0uljIv/g4loRPmFYTXD1GXt6v4RgMRasC', NULL),
('11400369', '$2y$10$YxdR8NzI2BeIJ20L0o7rq.G6uQLk317Fi/VBzMpLl4kss6rUgyySy', NULL),
('11400370', '$2y$10$BKG1sXXpxqhcVfZTt.UxeO7V5q/hsXrqeURUuVBd56nHuL4EbglVa', NULL),
('11400371', '$2y$10$ybTUdf3/AGP6C.Hu3PwiVOT5kiaT5LJ.zYNs7cv89M/n8VkydHXEW', NULL),
('11400372', '$2y$10$7RSw79voie1sO48InUlYq.Po8pLHhy.wjS8zPjfhxIyIzOrkdH.A2', NULL),
('11400373', '$2y$10$aL9aEypxM2uXPLNpuGg3lu262CBh2zfojCud8vTkn.0REBUt8OMLu', NULL),
('11400375', '$2y$10$X/UJ1xQKKpFgwlGBzXRdJO2AO.RdlJdZsuhEkoHFPHutPhfWN4KSy', NULL),
('11400376', '$2y$10$/WzUA.GhtCe57jBS0DS68eukli7KGngwJfnDQo0uxuGSqVRkPChO6', NULL),
('11400377', '$2y$10$TM8/G7ULPQv9fSOQ2cbGqOq.x2QcrGdcBEk45X.SiFdeU0p/43ESi', NULL),
('11400378', '$2y$10$AuOCMtyjKS8ihTcvm1p3senX1Ahsg9amO8woPguxez7wWb3/b3SPe', NULL),
('11400379', '$2y$10$i8FDDSH3G/R0xPwrL2p9n.blUr8Ezh7uW8pFoaEI9qGZq17BjFTx.', NULL),
('11400380', '$2y$10$f24aB4gVp5nLPXC2CBXGeOPgEbdREqzxOcC6.Hk11wl8EbhW0ZqAu', NULL),
('11400381', '$2y$10$rXOA9a65YqxkgRsHr8NKeumHg0ycvY2WhZRa.Ow404BbHIaPqRIoC', NULL),
('11400382', '$2y$10$sXxGOm/JMlvwF9jNUnwd4uAEAZikMrKFJNCQeS0pT7ru68NG2hL1a', NULL),
('11400383', '$2y$10$qQqjaTSJtb3Oy6gubJAAz.JR0DKE8Q4mXxcb5dpmNeYmE3VU7Lbn6', NULL),
('11400384', '$2y$10$cI9VyatZPg5V74i2YTIyWut5nfR14TqLO8WxL9yOH/WbQnyUp1jEG', NULL),
('11400385', '$2y$10$oQaKZ/fSlDutF1FbNxeMFOyo1uzrkBsFQv3iSPbufXQ04r0q1RFxy', NULL),
('11400386', '$2y$10$ZoK/WOAEDpQ9DrZAD0YOluXNKo26oIKR2G4r2sfOfORifvaZ.Fz52', NULL),
('11400387', '$2y$10$Ae3QiWmEpJUFVkznbellM.zr7X76SUSiPifyR/w04WIUEgYccruju', NULL),
('11400388', '$2y$10$XUFIfGdSljqCk.txH/wESuo4.i4np4c9.0Qz11NprB0arrXxmeEU2', NULL),
('11400389', '$2y$10$wnRP80eBetTsRIeTJAs81uKNNBmeeKTjN.chF6uaM5zq0mlXoHdZK', NULL),
('11400390', '$2y$10$nBspH6KlizLNPfqtuiJiHOc2sMtWN1tWYqppe0iLu39TQSBhC7dGe', NULL),
('11400391', '$2y$10$CDZGQAG9usGMPLO2vUIGWeGAl0gHMm3n0EVz/BlJJZFViAbVz8dyq', NULL),
('11400392', '$2y$10$wUWlg1sPciseZzlj6Q/M9.YAbc7rgclirTYw6FGKteN0wJeGUG1xy', NULL),
('11400393', '$2y$10$d8UqSYnzMhDzpYiLIPLZ7eTjz4tx2QgpTtyjMzd3yrzbMRyuLV1Aq', NULL),
('11400394', '$2y$10$p9lkc0vBwolG/8xlzCOOtOFCT.VcGueHeTWmcreAz8xledf59Orte', NULL),
('11400395', '$2y$10$PpBkfs6N1KpN9wJ2yVJFX.vckJwXo1y/TUN.33e3poJC0zzQt7dcO', NULL),
('11400396', '$2y$10$avdZdE2RUNpr9jFsNNMfAu49Mx35G5UTp1s/mYf6/QIqjRLUNGnVe', NULL),
('11400397', '$2y$10$icbXdJyUzWfB7/oyspz82e5XIhotvybK4YbEozWV/7v3Bk5SYp9Xm', NULL),
('11400398', '$2y$10$PCBoB1Bl9eCdQTAVC5qMXeGPjypGWIO61480ggf8I8KREeDgvY6TO', NULL),
('11400399', '$2y$10$8gjH54GuOMjD.qaZeGSCYuln6aPukSmwGBZK92rI2x/LK664In2AC', NULL),
('11400400', '$2y$10$zfpWiSCWQsjjWsPfvWmSTuf6O8W.zUdIRi/G7G5BuZ7op8Sndh1vq', NULL),
('11400401', '$2y$10$xKbsTbL4qDW96sJPeq0.4eASwatvTkqXCch7Yebhi0kOq.ugYSLD2', NULL),
('11400402', '$2y$10$u0ASKyOGaV6izcCZE4c0xuxhwqUksVgWyOvs7ynklp893YjiPENi6', NULL),
('11400403', '$2y$10$GQE5O6tjzPHkhUCIEJRVfOQYne1ySxdDDzEOU5wSJ9p5lYG6o3w5K', NULL),
('11400404', '$2y$10$VdAr/9/UQLj3nkS8AXsvdOkdg3nedcvANA4eAeco17ij5yAbVTpk2', NULL),
('11400405', '$2y$10$fZHjORx4/3nqspLA1Gptleu71rScj0YDGy4.GxEhsIINrL1pBWSzC', NULL),
('11400406', '$2y$10$hIfcTppTUZWNwm6UeHCPjOcKiNLcS1CzaEFOmggFtHeMaHIbbNf.a', NULL),
('11400407', '$2y$10$eIZ7wci4u70FYt8qRoEHMeT/fe8.Y48JyTddbQmJm6tUJCdeX0xRO', NULL),
('11400408', '$2y$10$C2bTUDuD6S2ATqgsUAMjqO.0byHih3J69lNCbC0DD.JLiN7yCIFna', NULL),
('11400409', '$2y$10$kY61b0sKkylDkOayIW7lZuxOfbpfEPFIHO87Oucnv7LuKyAijVYhe', NULL),
('11400410', '$2y$10$D5iFZ9LpaAI3UO3716vy8.rTJ/Q35rpb1RARkZZDHPiqwyiZG3N/G', NULL),
('11400411', '$2y$10$/kV39vU7EA5h94hKwzG7o.FZ7spkhNU6KffdTO5GJq6U0HaL67/E6', NULL),
('11400412', '$2y$10$7xiYMYoCMXgWP5NHCZ9C5.UXr3C8zMUIEt53DEXV.b.e6uZlwq0mG', NULL),
('11400413', '$2y$10$HZcGyiUqjES4tWdB9Ouz3OQVJjXilKNH.J.N4R79YASRCeSDx30Tq', NULL),
('11400414', '$2y$10$s2H/kMc9AX4.ChDvDaMwj.uLbmMwMPQHJhuxZ9Sem00hERnQlm3SK', NULL),
('11400415', '$2y$10$ipejSOjqI.8/pVh6wk6lYutE/Lav94lVNTGeKvuclp2nlrSJyOie6', NULL),
('11400416', '$2y$10$sHYkrGTBLATOtbcj7Igrd./yu61TI2uUr45hx1Oh/IWQVl8Z.ncWK', NULL),
('11400417', '$2y$10$dv4aOuRFDin13xT5oGgF5ufPBtGr8XoJXNul2TUHfVsxSItJ2kck.', NULL),
('11400418', '$2y$10$E9h6unN7fF6IgRqKcV9xMuBZ.vwOgxt9KZMa8zf0gArtGkhiDdq7m', NULL),
('11400420', '$2y$10$2IxxLOtQTjnjk5tiviVjHevNccOkXVV5d6KQE4TFj5GemV5GmO3.q', NULL),
('11400421', '$2y$10$EEty7TYNkb3P2p.rt.sE8u.mCG3eivFvm9sHg1UJHFBaEJmjT7D7G', NULL),
('11400422', '$2y$10$/bVFmDFMsQmI1U56zaK57OfaDSeOVbs/jFzD5vKY1nP4odRsYYEc2', NULL),
('11400423', '$2y$10$kxPuIFoCX5PP/UH0RDRc1.15TaJHIeE0ME7IiG1vUn/LzXO1MK7UK', NULL),
('11400424', '$2y$10$uRR/2ULP5SY7Yu65MZCYxOSrq8fDwmy/.P1WlRPwSsyLPqV5R1EHm', NULL),
('11400425', '$2y$10$qBqDiWSw53N3j9OWOp1nhOVgrorv0UG9IGBPhwD900INKo3TwcyKe', NULL),
('11400426', '$2y$10$xQotR.5DHZojIvFjBaK7neJerO.OGbK23MdRnbf7ODark8r8HjMJa', NULL),
('11400427', '$2y$10$gFjtiL5qwQq5l0idVTh.YOfKx2mADDW6hxKNmPaF6syRW3qRCNe72', NULL),
('11400428', '$2y$10$dDK5EezIx9eBoJd9GbxIkeA7wR30PtEesPC0BBA1zWBFMUoawbo7.', NULL),
('11400429', '$2y$10$eoQRpmr1/xVx9KpWd4OYPez2zVY7VRtHxC9UxU2EEG1FVS6FVk4Pm', NULL),
('11400430', '$2y$10$9BBmwePkqjW3KbNGAfG90O5kfQcdJpX1OE0Nx70GKVjjKYdVHESd.', NULL),
('11400431', '$2y$10$8pKoyxJGwhw32kuQYwfQ3eIqtINrkA8kikRQ2aH3tnvojyhSVgKeK', NULL),
('11400432', '$2y$10$eaIcv7U63sf9nz.qkTAzyemy2TlonW1KWrLkt16fk3WOA8xGDqjGG', NULL),
('11400433', '$2y$10$/n69FhQyPnqMq4oa2fblkecvW4KvAk02htFoY1Xyfukj/TVWI0pgO', NULL),
('11400434', '$2y$10$CB/5YAvAah3QWWki5XKE2uFV/L8T71IkZtBDozWZtHOLrNFP6C/v6', NULL),
('11400435', '$2y$10$Clm7HOQeE/8DybPlmqjXq.kt2BtP80HntT58wIpKqYBliowtU8z1S', NULL),
('11400436', '$2y$10$3UA79h0k7gETKUR9HWp.1eRY6qRNbl3iuSmhQ5BFdiDr/Z8Cp3qsS', NULL),
('11400437', '$2y$10$/xSYMIkWhfHAykfheyrdLeLR2piV0rZT.JSBLqBI6DO5l4cLBTu/u', NULL),
('11400438', '$2y$10$jLUC2AnoUHsAkHZNUC3PyOvXK70//Do5TchjPbc012haGZpHeZ1xi', NULL),
('11400439', '$2y$10$LVlE3PusaZHvYI1xaaL31OB.kLDVdqx42zDqdOWw1c.Qus7OCQhiu', NULL),
('11400440', '$2y$10$wsbZ/MEoFDd19Lix.abkfObktNiItaAvBh1dpD.izpWB/RZDMu8xK', NULL),
('11400441', '$2y$10$67Z99GvjS5Pz5i654bO/CuXzirP2L1Uih1zdcJjOGSuozBwiT3Ndy', NULL),
('11400442', '$2y$10$HC7eGxoCl8F6AI0I9fwS2e./aRDbCe.MMXIwKj7liYk2eAnkZ72fG', NULL),
('11400443', '$2y$10$6UwMys9otOgr.qcRHufHW.kwWTwRPEmBuHm46m9T.IVqgBa0B.n/O', NULL),
('11400444', '$2y$10$2mO2lGl7Q/5NxVlLLE90jeQd/Ua.IxcGsZVzpbDvjFQQA1rcKLVGS', NULL),
('11400445', '$2y$10$SkPMExYXPrZnyVfUnE0pmucNUtF3RWgwZrs8tcebdzihnvc6T/ZSe', NULL),
('11400446', '$2y$10$V2p1JDLPecIYsR/zekYcT.C0otSA18DbDO88bsRxVr20hD/Gq1w7C', NULL),
('11400447', '$2y$10$4VBoEDThk9cScyjI3xOw4.zTUaqi37cb/OtestgouRSHp72jaY/z2', NULL),
('11400448', '$2y$10$5zVcqgL/WEP6m8ffzp8.PukWzru8N1Jt/KFwoKlsbewJsF0lQ3t5S', NULL),
('11400449', '$2y$10$cP3E1CWsweW5z30PbfnYo.auaX8pfH5OlnybqTOkHJYAwU9KhqbaO', NULL),
('11400450', '$2y$10$TLLcYt9XjuQjFOhsjwo2eeO/qovlr7WAU9R5An4qUIKKthRkJ3DJG', NULL),
('11400451', '$2y$10$oYzSdCMG0G8D5VKvbk8ODebPaNmCKGHXY1DOuB4wlKKYfAMjxQiWe', NULL),
('11400452', '$2y$10$CG50.aTS/YlK.quiFjGw6OiUf4OCR9EDusyiD9XIj1KAkrGijV/2a', NULL),
('11400453', '$2y$10$1bvA8SMC.yqYqc2D.s0oB.wLf2RGjnGJi9qC8iNChhnad.E5mQoh.', NULL),
('11400454', '$2y$10$Fc3oUTEbIk.qfsgRBWc.1eh8Dd1A9JrNXAH8w44a.xTGnardYJpeW', NULL),
('11400455', '$2y$10$Tz/8A4KK9DU1fIxNj8zKjuNnbE7XNo42ZzjtwOyUxKPvgE5fWOlGC', NULL),
('11400456', '$2y$10$ttuJx24zA56x32qkPIrooOpKjmA.Xap/hciw8zwovpjFGaXYPCfyC', NULL),
('11400457', '$2y$10$waiqJQYkS8Dp/LUKG1aoTu.j9FdlfCjCJisRdW.DVEmIwK0BMuXou', NULL),
('11400458', '$2y$10$1nWhzXHFzYwvmpk3osHUROnaKcAuk3pUV36lZA0O0uAInmYQrddMy', NULL),
('11400459', '$2y$10$B1KooTBbTo7KNr28zx4cAeS4OvZt82BobybO3YGGHVv4vH5xVHCYm', NULL),
('11400460', '$2y$10$.DV1kbMc9mKEZfUcKgYtxuVGDcuQYd3evwtfnw2BdUQYmCaZEkDMC', NULL),
('11400461', '$2y$10$bagQ.omO7y2xO7Hb6mrd1.39apwPPSCNRkVMeFeIE4aoKdh5/iYaa', NULL),
('11400462', '$2y$10$mgPKMDmeQPummPHe/65GYeZ29GgL3XTA8zcrHlmDyk8kY.bQd7Rre', NULL),
('11400463', '$2y$10$Mipo1ye27/1ZQMzxPAK0v.9TEpJWZNKkXPoDwczXOg1.Hmc7gI1py', NULL),
('11400464', '$2y$10$HaTUbWGHmrnJFE1zK/c31OTZgJalLRGP0jr/Lp5ay7HwizQuWEN1W', NULL),
('11400465', '$2y$10$9AabkR2TVIbKOeHcT/5z.u3glKKztrLMEoPdTTRhh31nMXAaHkgCi', NULL),
('11400466', '$2y$10$dyLDWUyKpOaRvQcOoYoY7.SXL.u08hNc3dQ5JfSPeAIKGqy.82YVO', NULL),
('11400467', '$2y$10$fxcDQ1WeT06BcYvVLgb0e.DAcvmryY1vg5WY6GavqRQgGV39WQfYC', NULL),
('11400468', '$2y$10$oqGBJdHdWc9nxUkI.Mt2Pudh1VPq5Lct2eq9TVM0rayppbNDkyFm.', NULL),
('11400469', '$2y$10$K79baqipzS01OOhlETaDbOkSCXP50PQ7DTsXrpyhLi0VK9zxIn.CS', NULL),
('11400470', '$2y$10$RfzYRe0zKxE8QoH0CaXleu1UR5YPSu3bA0SaepJjqzx91H8fwu0Mu', NULL),
('11400471', '$2y$10$xYvjawchmoZCyNAsD9vD9OGSGTs9jAEJAW7q/bbqXDmbprODEkxAK', NULL),
('11400472', '$2y$10$4irKn3uWZXdV0bBtD2BZmOILabNfXUdBq10i6BOs6sXZda5nj.aem', NULL),
('11400473', '$2y$10$dGe4DSWyrg62mrP7qafsTO1amxSObq0awN0LURV4wNUqlqMmbOlDC', NULL),
('11400474', '$2y$10$fub0xZSaxf9Ut.JAg8knP.zrq/oYK8/ED88tusiGDQ2Hd9uCxiumO', NULL),
('11400475', '$2y$10$4c0PExES5t03v1YpNOizne2wOay1buYyo2GdxGMYU.pCuR29wov6.', NULL),
('11400476', '$2y$10$f2r4tm8Dw.7skM7k1gbzIelw4xyGku8F52WkoRmMDh8CG4Q2FhQga', NULL),
('11400477', '$2y$10$jEJbWUQXG9tic9QHZkASI.jTKtGopl0lEWVqmmXeqpG.ctV.T7RdS', NULL),
('11400478', '$2y$10$jC0NfyEHvM/mD36dytYlPOIhmnh8JZ3rudhq1x7PSV62RVHi.r1Re', NULL),
('11400479', '$2y$10$.ImSkqC3q5GZ9AWDbjXmMuvkY3SJUWsmFdN7wBqe4VrZDuV/Y.HfS', NULL),
('11400480', '$2y$10$D2FmGvZNmygc9aYcCW0HYuK0M0Wn9dgU.iybxCG27WNovm5tzCt1i', NULL),
('11400481', '$2y$10$k.QcWahM/07xq.1te2mjZ.LFJ25wPy8BXqP5p7Oa4ukCPB1leJz2m', NULL),
('11400482', '$2y$10$Y6anYro.MPSWvnHsEiJu9.3AT2w1ytjnOopnEt4eTK.bKWoviHhQS', NULL),
('11400483', '$2y$10$PWUZGPJJKnYaUmPZPfdy6./9XRNZViZ/UXJy/OzfvEnD4lEKOyTEm', NULL),
('11400484', '$2y$10$rWQZK8uZ/zKKpKvDtuReP.zrH99.yjQUTgDkth756XJrQgzE9F98G', NULL),
('11400485', '$2y$10$P.TWO0GUATAuBLav/EdV0Oiktao2Xx14yRX6jD4PXFo7bGr6W9fVu', NULL),
('11400486', '$2y$10$PyS7nY9nlwrQqapGYD/6euplNtlORj8ipIhxB.UtGiQ2lni8O0vNC', NULL),
('11400487', '$2y$10$cQCHbX4EgjfAzfau77/skuHfAveN9/bETzAbf6nbh6Try3UVeQUvW', NULL),
('11400488', '$2y$10$Wf0GWznF8Sr.ARhhdhdtVOSe/6hf/lUoiaMTPUW6sSnZ6IWV197Li', NULL),
('11400489', '$2y$10$h.4RsbZ9RkWhJZBautcOreG1xV5M4yiQFez5VjOaL7Yxwwb5.Klz6', NULL),
('11400490', '$2y$10$I6PWYxroDeQOnjD3BiIn2.OmRQ1EtZw97lkEmrx6vmS9WOmCRe0Be', NULL),
('11400491', '$2y$10$9efmsvF0aBhLcUAja3o./ujh74T7Y48Zw5/uKu8Pr4C4/QhE8XMd6', NULL),
('11400492', '$2y$10$9c8QAiV2keUXGNlhM6X0GegURu/xsnjymv/igGFJYv0nYbmelMt2m', NULL),
('11400493', '$2y$10$oi3J1Lj2kG4X7TQJg9WhmO03cswQN3ohakHbfWT12aIBbcleBYFZW', NULL),
('11400494', '$2y$10$h2tHvmEZRToMAhz8GVU.WOtTcHZqm6shSe7zTqE0VNNiIrUr/cvj2', NULL),
('11400495', '$2y$10$TUHEO381olAhnOoycFGaGuPBmmXQEpC9WJic9vdyStfiQZtasSLJS', NULL),
('11400496', '$2y$10$8i4/itA2OcsXJBFGFC/pEuFJtbiyx.0oYKnhyyT9HQg0muq34yNPK', NULL),
('11400497', '$2y$10$ta/YHoLtFD2P1oxJZ/m1Yed6MGeFVFVzak/yHOpA76Q62Q2HiTpIm', NULL),
('11400498', '$2y$10$UbybBn9Ba4M.8W/8VteHW.D4z4lF.BsZzqXbzDbndjQgST2YtumAy', NULL),
('11400499', '$2y$10$0FhKvJc0DKk.qBjBH7g/..eirYcXDFLL6/JC5UZI6hBgJAHCfkLpq', NULL),
('11400500', '$2y$10$ObDidn/NUOk9qQZMbOJfxedaCYTd5kDa5P0OSAyUQNqpcXxjjrR1i', NULL),
('11400501', '$2y$10$IHnuy5Ykg0ilncip5PWzF.H37KQWWCX2oUTwVMUxSCABuMdTZ2VR6', NULL),
('11400502', '$2y$10$deh8l.CBsQwBaS4J1ey.Pu3BZXcqkZZEg3ex5HBbmQAWVz1sT7A/i', NULL),
('11400503', '$2y$10$rFyYiAAKieHq3UHfyeqmqu33eatAUR2ySBR94zbrvwp.OvPlpbpla', NULL),
('11400504', '$2y$10$ZDmiV51aZWwDugVXRLybgu/lz3MXNGaoys3KcfqPiT5.CW.4G3PKS', NULL),
('11400505', '$2y$10$Venbk0Zw7il3HxyGEdwUSuaPqxgwbtuJv5V8x1aFa0KSEhyj0hyE2', NULL),
('11400506', '$2y$10$1u7ulSG/Wc.oxSRZUoMO4.DMYltVmJ0wrq7hbmKDt8sk09zX2xANm', NULL),
('11400507', '$2y$10$CLVHe8ZUqMDFN.IwCYPfneK1Nd26rBza1dxbETiSL9MxyeSCWfDY.', NULL),
('11400508', '$2y$10$uD6zf3RtFXA.fxHDUXI6su5vYFZsCRrcKiuUWqh5TkyJsTe3bZnDe', NULL),
('11400509', '$2y$10$xX/0x1fHUunnFuBogjmdmeZNp5Mc/ZaP0HD7BF0jphEYgyGi7GKVy', NULL),
('11400510', '$2y$10$s3LoDFP00UFNrZQXO.ryqed6s7obGMFgw7NQSOWtxtL64Z1ojUIay', NULL),
('11400511', '$2y$10$kvFI24P4SmffcJgOD5/PHORY7CsPdnlkgfKbIDdJSqEtevL6AB9dK', NULL),
('11400512', '$2y$10$CmhvobL6des5LHh0Hz76ouyYna2j.cseBt2D73bOcy0W58mXbwV1i', NULL),
('11400513', '$2y$10$HyZHCcEqragTN..nRu3qtuPxnb5ikH0QKk2.oMSrA.mDrcSl30NHa', NULL),
('11400514', '$2y$10$DTfaRNYCCjGGSGkBgz7cAeIpmbNNUW31m7yI4zDqPz1N5ddIq912C', NULL),
('11400515', '$2y$10$2.85SmGTBntPVAlYuC.78uvte83NTWVjJSglVvFR2orsMwor0gmYK', NULL),
('11400516', '$2y$10$fzhWLum1lHNv3Y3X6ZVje.WOCHExbs3X5Blg8N7/GNP/R3db.MT7m', NULL),
('11400517', '$2y$10$EZqxe3gneWiZsI8oQ24VnOn86nWx7wysfXx5RQRheayNuSYaq3lcO', NULL),
('11400518', '$2y$10$c5yRKfWnuKledQ0tOHWS5u0aBn5NlN47ZZPGUDnHkuNe7b2XQ7Cvm', NULL),
('11400519', '$2y$10$npG7FIoIr5PcJ1b16eiGf.tacvjwxRO0.BfCfttCeD4CTjLVTyHiK', NULL),
('11400520', '$2y$10$ZfilPXh0eq3KI5TOJgwDrOrk.F.2rsSWYa7eGBUg4cPyhB8ZgEYOy', NULL),
('11400521', '$2y$10$VCNHwBn1OiE0mkk9M54YOuTEVzEo4DSXLYy.gGSwpBtWGNacCl4n6', NULL),
('11400522', '$2y$10$NhCBoSBUDy7ASOMg17mSTOqEb2C3yYMx9SqwFij3EnGxrXATkaJB6', NULL),
('11400524', '$2y$10$VdddazQT4ONmMB0eINBhb.aV7hO4dTAIHDqoA0Y8t.8vHHwdrlyZK', NULL),
('11400525', '$2y$10$T.hMNUE6oyohGwZ9T0HYpOJfJ90Hh86ROHpxPqh9QFH7r5ZqGh3yG', NULL),
('11400526', '$2y$10$5isihNeCqpiZuZfqfbdgfua/Uef7yeuhZ360OZFBSpk8s/T6Y/U2a', NULL),
('11400527', '$2y$10$ZW24zwBZIoQmVCZZOsLxbO8c/fB0Vv8drGToMShM.ZrhASRGvm06.', NULL),
('11400528', '$2y$10$Z1nCnnB3sAIUeY9P7NdCjeO7S0rVBzLbwh4Fscc7al8yEXO46LWLK', NULL),
('11400529', '$2y$10$R9L2KVQdqT9M6thrO7sES.CEoRdSmv37ZeZIaIMN0hcJPTCswlas6', NULL),
('11400530', '$2y$10$/dVL3NRXtiGcRXoeohrdKO//RLAW5CpUech44T0Ty5Cmd/pPE5NUS', NULL),
('11400531', '$2y$10$ipjJ1ax2Qaioysg1UxruAuOXtP0xhPNJm6w.d903QSU3vVtvwGe9S', NULL),
('11400532', '$2y$10$ye9N/tPAmujqNm4lLvPi9.N8SykyaHrhOa/0oDSBmCw3H0QmuxVhi', NULL),
('11400533', '$2y$10$zdEq2P1noHl66vMpDFV.xuT9Adug7ZlrXg7FmmG0f1I5VfumMzcqq', NULL),
('11400534', '$2y$10$ciNsoEPYoIwNJ3T9qK/Y6uysZIB7M9qhRgqSFY9vdQXOhoO/EcUSa', NULL),
('11400535', '$2y$10$FAK7Gy171CKXzEoRVo2Ph.PaEhqANK2ztK15gUZa1Ie84mOS0.PiO', NULL),
('11400536', '$2y$10$lib7RJJ2o9GBZWAqOVrXjejsAgx2rUuml23QUF3hViOe8OqNe6AwC', NULL),
('11400537', '$2y$10$m.Af6xSm18lQcShcZiPlW.GgIEirDRrlm3pSj7UArvrxSMHaFk1xa', NULL),
('11400538', '$2y$10$XmirbcS0xiic4kYPWHvcBe3x39Zr/v1bfUJLqbPGj8z/QkF19B5vK', NULL),
('11400539', '$2y$10$YlNh9j/IoCbf9.3BihyJAeLIi7rKQ84Qq6TMiU4xI7ymUCGuf414m', NULL),
('11400540', '$2y$10$Qjk4HiesmX5ztKiep.fv1.S2F8caWND1iQa3oNQp4cVF2pffsaFuK', NULL),
('11400541', '$2y$10$MH0v3eF/kVVshz.lvfCGWuNM55k5JQWDGxWb3kMrdeBcVkbHvaXf.', NULL),
('11400542', '$2y$10$WFNvrJRg0WxqXJRmzt3uAeD9Ju4Wk5XttdO2Siu4JpkbF8b/T4m4a', NULL),
('11400543', '$2y$10$cZj5MOVJgfrkPa5t9UPMh.J.k6VN41wiN64EcWtINPX8Qpm/wFaX.', NULL),
('11400544', '$2y$10$NUnRrwpQsSQYXlv.1AcIpOrWvFfRRY8JZkn3MHXJB6eGnnt5bt.E.', NULL),
('11400545', '$2y$10$4hi9jqlt1pVA0.5qcXOkx.4aDJ4tomis6bW8TUUg.8pLDw78/DzWm', NULL),
('11400546', '$2y$10$qxuLoBpCc19us8GtDQN8rujBq01rNNYFJkovxSKsNOnOSQ1GRzR9W', NULL),
('11400547', '$2y$10$84Nc.ULZZYwsjcAhrgVeqeZE.uLSP2dQO4yglK89Dua4JezNW49bW', NULL),
('11400548', '$2y$10$JA.cOls/SWyFcPNntfWtLOAOLiAPW.Fjm1v/wCbTqx3VwdCLIAccW', NULL),
('11400549', '$2y$10$Ca/NRWLLhHGi9DU/ZJ6sEuFOGA3rgDC0SPMLMtcUemGwwe27kulGC', NULL),
('11400550', '$2y$10$16DvZ1h4k.Ap.gN8ieelA.MFBUgNW1hZaWBgc.YDlCqmC4MYErcjO', NULL),
('11400551', '$2y$10$3On8h5WYahSgeaKKsCvc0.sw7YM9MUyY9lK6ASau.Ll4cVLtMqsbK', NULL),
('11400552', '$2y$10$lz9BeYziJ8LYXUsRhxsbSuTCQdVbT0r2JolGZXKP6HfGWercQvcAS', NULL),
('11400553', '$2y$10$I3YHt./Kg0FbUKfQbhrzK..1UlhmCHUaFvwBgl2wpp8Gmt/nkUzeW', NULL),
('11400554', '$2y$10$NW5XuumcOkrjdZeTzweQFe1q7hPxDIS2/IGdcfnTCV3neW6njxOKm', NULL),
('11400555', '$2y$10$JMmU0b0Wz1217GxYzbX8RuY9kYxadyxyfvszL1G3cwmDmrzm0jMXq', NULL),
('11400556', '$2y$10$j5AKH9vJeoFyP6XxI1YyQuL80fg2mJjePva9ffujIIj7BMJWQVw8S', NULL),
('11400557', '$2y$10$46M04.4piQVor4o2FaASyO0NgqE0IMQA0/J/xY5ItS5ZYFGU7nRgG', NULL),
('11400558', '$2y$10$f90x6EHYXVHOuMIoj.AGf.pAyHfSsvuk.3b5dm4sjBXLxCRD/O8o6', NULL),
('11400559', '$2y$10$pq9dLHtrXG6UTez2wfvpVectEX3B27lHOoJLweaEwxjSR/mFLOJZq', NULL),
('11400560', '$2y$10$/DmxBMUH5xpqoSzp9aJPmOf1ZFK.9.Kt7XZUqBofGMTSnYXxucmFO', NULL),
('11400561', '$2y$10$GwnMeGTH8VSCLFA0rC5XFODQj17hfufE3NrwluFW5zgyh0Yuby3ka', NULL),
('11400562', '$2y$10$2BbMKuvn/u7bw7n86htVLOjfLn60GHmA9I8E3Ko6Qv6v/5X696l0i', NULL),
('11400563', '$2y$10$7vv.f4sl6uH.ygmMOzSFR.vACPvsIQsmq9NioEghBRAg5kb8nmZiK', NULL),
('11400564', '$2y$10$x1hkCilTBDl.uXXxHOE/LOACforUg2nr5UeKYjKtKLwK1T8TWQGzK', NULL),
('11400565', '$2y$10$QkYqqk7gGHpQtIDQUS8UF.ICMaYSF7HytJMK5oKLHoMQZrhWczW5q', NULL),
('11400566', '$2y$10$yqvAvda93O6sijHsg1J.au9kYh/d.bBqlJCkBFzD1MuN9xl1Cnulm', NULL),
('11400567', '$2y$10$er6D9n4AlLE0mNZ8ZpGL4.MesobYLPxsPSgJcWJ7GeKrqx65npTxC', NULL),
('11400568', '$2y$10$ho5MV/2sc61JyjhlvJ0xyuY6b6P/myXTqedlwHJOO7/mvcKW0GHVC', NULL),
('11400569', '$2y$10$PlEzEXJqfk3vDLSfFhe5bez76HcBO.d064z.eFZXJaleTy7SytC2K', NULL),
('11400570', '$2y$10$eDDbHezEEc20ywk3uV7GOe9ex9ckU.OEbZRhcJb9ffSLs2zVRGHoe', NULL),
('11400571', '$2y$10$Qi1CoSi/u3ZKq1bldUQgiulLB/fh9ZJD8g34ejgLGyIm9Tk.Q0qp.', NULL),
('11400572', '$2y$10$AFc9i9texO9vjxBu6LqP6eH7BQ3iYe0OwEhS70bKY5Zfa8kuz9rU2', NULL),
('11400574', '$2y$10$Opj1AGqcVnE1V6RXlq/JCeoESUEE4iA0HwQ1ObCkae0typv6senqe', NULL),
('11400575', '$2y$10$mCUBX/ttJ0HVtwuoZK4oWeBbfvgAk3j2EimKDmTVJYphWIvEzXFIm', NULL),
('11400576', '$2y$10$TS5VTrI/Ja9t50xJQFw8f.WoKm.b7AUC/bCArsZeCGOwLNBwdXvXW', NULL),
('11400577', '$2y$10$X9VZB7qbs45XkHUpBkzhseUoynssSE6xTjjrLSQAmUnlGPz6uYnZy', NULL),
('11400578', '$2y$10$EqUUoCMGp3kCvzNwOGE2Z.1U2Ab6Tmg9WkOJOQLgkOXOV2Gm2sz5e', NULL),
('11400579', '$2y$10$/ErN19mPV1HmBq7pnVrrt.SzxxhkRaUniV1ZTLoOAxU2SRF18uVwG', NULL),
('11400580', '$2y$10$qX7qNT.Bm4EbT8R5qnHfhuHGv67OJkWr62ooaLTtD0R3SlSuTNSKa', NULL),
('11400581', '$2y$10$8WfJp3tJtcE4lQnOZtq1Re8zCOV8PwW0nYaZdwODx2SBjS8qG.bce', NULL),
('11400582', '$2y$10$7befXIBb.ZfYDTYS5oBXguo5BxIeAOmm/mkn9ffUD9vIwAC/1KADq', NULL),
('11400583', '$2y$10$wOAe5A/SBs7CtM6R/doPU.qvON2XvwnP/hJm1kwTPn5.son6PQxwW', NULL),
('11400584', '$2y$10$8I0LzJ5ao.f9OAzvdd/5geluqZV8KdTUDXxbP3RpRpr8F8wQqzZCO', NULL),
('11400585', '$2y$10$3V/NKkevCduA9UbkzOnkGehkrtuPPGhLEDGHMtd32aiZardp6z7c2', NULL),
('11400586', '$2y$10$JjkMJhZMOvd0cYArdRfppOUckHBLdUcXQgET452gl5HCmsqgJ0CMi', NULL),
('11400587', '$2y$10$u6mqaZqcwyX4nKtoAAJJNOngMW6pLalGY2tJHoI0ouZBiOk227ruO', NULL),
('11400588', '$2y$10$Yu8Q7PR8MlSmD5QYxfcOxutKZKe20ojLZj10Ss97hPB3mgaLL1a4a', NULL),
('11400589', '$2y$10$TNrVM6Tk2fGw.4U/En7cbOAbDvMV0tAvNoDvPlX4WopxeoT.zg/li', NULL),
('11400590', '$2y$10$nxmdumeKd6Aiz5VRI9HnleWekeiFa6JF1zOYAvdf5fgOz9umLFs4O', NULL),
('11400591', '$2y$10$xFjJC3Nf1lZV2Yxndvixv.umS.rZQCKx6qh1I0y1DsjxvWSVEDiGa', NULL),
('11400592', '$2y$10$R6vOoOGGQKT3bMOad/nZo.oqxO1WX0kmcJ.udHyO/WHGhwgV8e./6', NULL),
('11400593', '$2y$10$qZFywztBbAUZhpMy0I8RXegltFj6aaXNcRLyWI9j0ysUAqfsa2Isa', NULL),
('11400595', '$2y$10$7gxBYLvRIfqStf1qssA6a.aGLAn6sCqvC.6XVKvbv4iaBtR9lSBGa', NULL),
('11400596', '$2y$10$X2qqfGVib8y1AmwtGyTsjum4x4xgmo65h86cXSzX9WJgUOi6xiO1a', NULL),
('11400597', '$2y$10$lIeaHhZSojy4B2YFn2S9LOfzbh3ihBVzFmQKspy0wJB3zeKLx.eVK', NULL),
('11400598', '$2y$10$iwjzbEMaDNVQR6lyTd/L8ecJZ1.31yAwj8PUH4l1MEdlpEZ1/q1mu', NULL),
('11400599', '$2y$10$eIXO91A2NzEF9np.CLvr.u657sxYWne84yMFUWi8RgO/NLMHf4EQm', NULL),
('11400600', '$2y$10$sqQ3Hrpk6vmRvfqS7yKl/.DY.Trp6QxjUlvxKcqt5Lr3cgBrhA152', NULL),
('11400601', '$2y$10$cI9SHqQEOyMf/VIZY7C.5.5Q6hTXyrVo3.6gOoJM5ngWZouEt18MK', NULL),
('11400602', '$2y$10$G1VJ410Otaa39Aq1Kf2.O.cAKzCbkBQjceQwkJyTZX0fhFGVq2KGe', NULL),
('11400603', '$2y$10$ftUUIW/SNXDGAB9xaIyXRu39EgeGu.S1QNdGnscqYH.9Gh.ygZ.ki', NULL),
('11400604', '$2y$10$sgn2IlQEXmfyOzkVVz0yDe85z0qMmN.viLctWy8lNFsygT9.kRGtK', NULL),
('11400605', '$2y$10$wRpzVYpb5EDOb0zDwAqkDeJuS5ybN5Lvq/g0Dtseve4nQ4jnt0/fy', NULL),
('11400606', '$2y$10$XQoUU4Vaziy24FTOSfomdepR7nUhnQI63ITHn9XbAiZQ87VzCSO3.', NULL),
('11400607', '$2y$10$8bdQlhaHhG1tSEfO59wPKejPufnkK4YiD4rf5aIxWAdDLUBpdjwGS', NULL),
('11400608', '$2y$10$eolZ/DY8vlNttVixIkTUg.fZBCqqt4mgX0LjsQ6LFGo3tk4EHmWu6', NULL),
('11400609', '$2y$10$4D5YRa/.u0H1PjvZqmytq.F9JUqr5/fFn6LKlFjDN2mNne0cf5zOu', NULL),
('11400610', '$2y$10$5FaqjrOsiuBLqlOE2S5wxOlwGsL.e0Il/oeaC3Eh5LQ.cViiJXhLm', NULL),
('11400611', '$2y$10$GUdEgnAWjd7Lz7iucs03vuZkA3sUhairpogUV0uSMXHwuNg.Xjd46', NULL),
('11400612', '$2y$10$ceq4Pi3C5oGMgssBm.mRcO9SdtJsBXI43BaOwrMEGL6/9dTa3RpY6', NULL),
('11400613', '$2y$10$WxpoVinR.S0rQcm1Oxs5weQm72lK7kGiPvi.2Zukb2kJVrJDwa3hm', NULL),
('11400614', '$2y$10$503z5FIdNfGzML8ZFVlsdunqDSt0syQHPoS7Vp3eTHTdis3ST3Fve', NULL),
('11400615', '$2y$10$W4WVDenT/LdFys.5tZjCPu.JuCVRKHtHtBqwMFVusBNFduZMjqfc.', NULL),
('11400616', '$2y$10$QzgA6.QvZ311ZrRNjW1osurEBXHeH/I15tOD5bjH63mt0ZJTwFGge', NULL),
('11400617', '$2y$10$Lyv9ixO.tycg4z3/rRTWiOCfiKECnbpui7meaB/aD.v6bayyOmRe2', NULL),
('11400618', '$2y$10$lyTenrsgpoMkxOT8K1.FweX2w0ZcMrYcKPjtshlpf.wx3OAIr0J.6', NULL);
INSERT INTO `usuario` (`codalumno`, `password`, `qr_alumno`) VALUES
('11400619', '$2y$10$iwWzLALaRDNxaCy6WyD32.reiQyJN36Lkyoxcl48ye83oaxp51kCW', NULL),
('11400620', '$2y$10$YYhaqVPUyKRKMIwntOL.9eclgrYzZapZyZNsnmsJ.l/vucCF/cmsa', NULL),
('11400621', '$2y$10$0pGr35PcUKM1wKU6FEj4D.0VGlalo6gzdqtaqfeYfS9K6YTLlSelO', NULL),
('11400622', '$2y$10$ZhMU/Rt8rkuEA4hENXtAZePX7uHm0Zri7UV/QAjViV8JOX2u1duHa', NULL),
('11400623', '$2y$10$eTAMpuSL36bRh/EIF5IzKerEq3RZdY08cKBDkYrwUdmCdtXybw.Su', NULL),
('11400624', '$2y$10$X5m1.WqZERuGCyEJZhPhweUiHsyqYjYEnVWi02vrkHXbfQutJjNki', NULL),
('11400626', '$2y$10$XaBrRbWTJx0KzL3RPBW/X.0zVhAcLfFuXJpv/Bs0SoB6PaB.kUfXS', NULL),
('11400627', '$2y$10$tdHXKWOzPKMBDc3mRZJerui2rzImoQt5e.56KD0ZcC5D1o1bQKBAm', NULL),
('11400628', '$2y$10$OElSMMAdea4CKzPwgXv2Ou1hRcp2hNrHOWEgjj1c0Rx/58BNVrliy', NULL),
('11400629', '$2y$10$BxR1TNjZ3NUSdwUdwDjXuOHwMmkM.OShB.ZwHTIocA1vqknVVpJR.', NULL),
('11400630', '$2y$10$5utyLDYymdnMYS8fkTYqxOFClCl.xXnbSv1sB3WehJkux19oGEdQS', NULL),
('11400631', '$2y$10$vXjtEvPVjPWRy6ijXIAn0e36w6XgwfEJt6GLz/Yj8CZIxaVkWTtR6', NULL),
('11400632', '$2y$10$KTV0fyGMHvBKyyjwSd7r6ORoUZLBHc3hjmWDIZnuUWuOcAYsL4.Pa', NULL),
('11400633', '$2y$10$e7IvKyFaxzfE8hRVAfDaHujYokQz7mbM4V/HWaQ9GXk5JtqO4ffgi', NULL),
('11400634', '$2y$10$BfpNOqm3kIuPMF7SXylwveCGlPV0.6HiqjYk70i3xx0RhbnDPtSre', NULL),
('11400635', '$2y$10$Hac86EGFCuBV9uT0.hzaoOeSgjFnd84evwRopurEZrTEMsEC45jnW', NULL),
('11400636', '$2y$10$xdiidnqnvtfHIxaZi9osWuCd.Kn7dj6badY70ulgbAdGT2Ehf./ii', NULL),
('11400637', '$2y$10$wX4b9eewAugyQ/.MhbXWU.JrUEAzi0qRA6t3ZJOTqFMFnpFVe2CK6', NULL),
('11400638', '$2y$10$tcft8g8oiMkZqpfmRDcAAubcZUA/Yrzsv31aiOXeA3NoSt/.uF6dO', NULL),
('11400639', '$2y$10$J/L1UnHroSpBWr9DQw0d8e4jV.ebIT88o4pTkxx98Ya7D2zVxKo.m', NULL),
('11400640', '$2y$10$jSIkzAE90t/pLkVnRq3DCOzU/BxUW6G8BvxwwGEKOQz6rEm7X0tgG', NULL),
('11400641', '$2y$10$Yiu3dCDNBg683OEbeHHR3.avGQIhJxvROSoI39Vhyp8Ez4a.BpPvm', NULL),
('11400642', '$2y$10$66IkZi/cRBt7Chbh8qJGfuXgE42X9XZ/U0ijxI/jP9EUuKAMn3mEC', NULL),
('11400643', '$2y$10$b1ldns5EKOupAnHizqPqFeEJpN5q7oCZoot4GZvkIY59Nvbj6JS5q', NULL),
('11400644', '$2y$10$3WmKmxegXlMcqxxZ2EsmxON.wqTJR1SntpAgkcyiJNDD0hwsU/wdW', NULL),
('11400645', '$2y$10$/BDwfm0g8yLNr0MYKfbxHOuVI/Zjywync71ID5g6/MHGI0QBLnfZC', NULL),
('11400646', '$2y$10$L/sjrvY9wFACoEz842sNR.x/oxStGkVPalZDRJC0cEuR3GMZqMeYW', NULL),
('11400647', '$2y$10$/JAY/kkjgKfKdOtUF0JYp.X4YlVFNSpqpJiliTim6YePIVi0hzlsC', NULL),
('11400649', '$2y$10$VxvoOsUU7xINZgL5.NPV1ulRj8A1Cbkbh4VM8fNEnH2c2GFSRdLQK', NULL),
('11400650', '$2y$10$wtH3ic5d6154Oha.VGLSMeWKG1NqdSF0wfexSyZZVOzABLpo7XgHy', NULL),
('11400651', '$2y$10$GQs/W33/ipXPPEVw6y2TQ.AZq5lhKfXblp4jyLaN68BcYhcKbYvV2', NULL),
('11400652', '$2y$10$9BLA.Ic30lueiN9IR7DH2.5PB0.XSvje8JkgruW1pGjjlGD/aXqSi', NULL),
('11400653', '$2y$10$1xgKJ4Kc6xArQRWdJcZ5juCr3u0K0L0DLW2n.aTDrsmUGb4EOM66K', NULL),
('11400654', '$2y$10$JJ3L5ggnesC//z37Z4g1KOsO0dlltQUU3UiHPt4h6uS/Fqe8UGsky', NULL),
('11400655', '$2y$10$js1QsviOY46dzdJweVihjeqtFP/2Zzw8S6yo5FOIBTUX.1rh7.tfK', NULL),
('11400656', '$2y$10$NeJQPzBjMOLHPI83vSgJr.96ZJ/qeS5n3Z42T4znITrheQz5LHLoW', NULL),
('11400657', '$2y$10$Z7bosR6nYJi1Djgl2101pOf3vAybh4HKoFN6TkO0pp6xXGUn5WlqC', NULL),
('11400658', '$2y$10$tlCfY6xPgsYsmqW3WIRNRuJ7yb8Ck6KCLdjWNiJxnU/Lkap9wEQ2K', NULL),
('11400659', '$2y$10$wUd7i9jU9cnRXHd2/uGSTuVgNe5MGCJo36jmQpQYNmCptpt9G5cIS', NULL),
('11400660', '$2y$10$vrS9ZLuR4YvxYHoMHHh5n.CtovONLV2tW8thGWYEXFw7ufQtqpmT2', NULL),
('11400661', '$2y$10$BSW.80WDOmHjS2bY8g3yxupJjsS6G0D1hJ378McmeeZgQwSeYHRju', NULL),
('11400662', '$2y$10$JTwr6Xm6mBQjtEyt4lc4gemvi4LxpeQv5.vEmsXCubGlilGZRVAka', NULL),
('11400663', '$2y$10$rEqbY6q2oUa1xc2/SgQAN.koTqq9RA8GynE.wP0Xy0TqevAMbGPyy', NULL),
('11400664', '$2y$10$ARXUxq2emeSOQU.LlAScfuQFseZWe214EXdnKsvhjeteAHHhRqHKa', NULL),
('11400665', '$2y$10$t7LoCCSui0Mgw7wSQbgTyODimqIDGGSfvKI7PzNev3qx.n1vuS2dK', NULL),
('11400666', '$2y$10$Oy/MIpnfLUiWUic9Wrp.5.oNCj91HNFf3sIPJlmYy3rJCdnvzwLLe', NULL),
('11400667', '$2y$10$z8XAA5.h4uhsvRBYURb5COOQZbJ6n82.tV5i3kOeyG.RoAtlJMnxG', NULL),
('11400668', '$2y$10$dJaj4NQyci.lewjlgQpfvuZ5nb1TWRTaO9bkwzBnoOiYzglJfRml2', NULL),
('11400669', '$2y$10$TpzbcawioAQLTxuKfXC.8uxS9PTgNVuFD3CDos1YXAGercp7uJD8y', NULL),
('11400670', '$2y$10$WUevlyhsg8sxydLNI8bvfuWmjfbqixcRliHeQJG.ecx0ofxHQIcuy', NULL),
('11400671', '$2y$10$n1X1GoVqBYQu.U2sXP9S2.Ha.kxVAPN1k9AnfvyCd4oEescGMti7O', NULL),
('11400672', '$2y$10$giPN3M6zOJvpQWTpD9XzfOtla/XmpzUu7Sui6B2rmzVVzucvDyuqi', NULL),
('11400673', '$2y$10$xUf/86ZkaLPZ8fcrRmVIu.LlB0MegNGN.Jb91dY.iipaN7u0Gxq5.', NULL),
('11400674', '$2y$10$cQ9M/oNhLVbviVZghImKde9oUcrn3g3M9NAGJLPtswL6vN0oglmly', NULL),
('11400675', '$2y$10$vofE/jvgc0Oro5berDfDuOPMD8lDAlMvfdYsDXZtNuVSE6TKXXxT.', NULL),
('11400676', '$2y$10$VDfZbffa3Zu6k3BEzTAUYeMGktjaa/anHxgBf/fS4JajmqhMonDBa', NULL),
('11400677', '$2y$10$Azp.6i9Q7UP9.eFylf/oJ.Ymprkx1jgJ68oUkBry9pHM6CHXvwyJ6', NULL),
('11400678', '$2y$10$SBqeeq.cgjBBUzEz2NkZhOrnPllj1rMSYc7O6ecqX1Qo5r.WkxXga', NULL),
('11400679', '$2y$10$lgMlHj7Hg5hoEqHaNFsJ3.3JO4Srl1OM136IYeJ1Kuy9VJxl/Li4G', NULL),
('11400680', '$2y$10$HdD2JhjGJ8ba02sJKa4AyO0se1U196eLFSCOw9zYkbVFIBNMqhjpa', NULL),
('11400681', '$2y$10$.xQ2Qn8pPuvH6jA8.VotxekhsRlBnYHs6pQsBN0lQ71jUpDXfzjXu', NULL),
('11400682', '$2y$10$DVTzRMpgQxyKC9jX8gQX5uEZvuOe1yS9QTwBsbL0PEi0cHGNfFg92', NULL),
('11400683', '$2y$10$YsZMuK9ptZurqAdLaP/b5ujJuvgyx/ZOLOfZGrxy4ZIS77MLPHBfG', NULL),
('11400684', '$2y$10$F.KHkUmGp479Miz0XZBWUe1y6j1jd3OLqtueJxtuQk.FhkpyJc8KK', NULL),
('11400685', '$2y$10$qiCD.p5WdaH84zKlyPWAm.gvB8t.CPqXkABS6QM50Q2EDSIlJMLPa', NULL),
('11400686', '$2y$10$vlibv.3FB4.aIvsNzixoquN4TOL/XVZplSqqlsLLF6mihYb4XGpgS', NULL),
('11400687', '$2y$10$H2S8mDGBRWXJRO9nUqeW7eGAyCetS/4k0Oi/qJlRac7rPN0rkTTsO', NULL),
('11400688', '$2y$10$VZsA2lCDfjiEWzoIQ78j/uowXYNr7EOzj2gqQ1PcSSgt06NxlrS8q', NULL),
('11400689', '$2y$10$KlDAXnwzhvoRcpZjAMpdku.1YctwJYydoINu4LH7TQUZRNGaRuscS', NULL),
('11400690', '$2y$10$vyWMWw2R0rcdPAWRU4/OTOmBSCL2q7n5jpJTNg6C9./X65G7cmHS6', NULL),
('11400691', '$2y$10$zeCzQNPtz6xdazrnjkjJEuo6TebM8gIWydUmznDaLRAksiE36ebjC', NULL),
('11400692', '$2y$10$Djvyf47xNmAS/9/IyJp2pOLHTG0CBfaCeeVP10Nw0U29YfFpigLq2', NULL),
('11400693', '$2y$10$0XPAgOUJiSm/68DhVapPH.HOj1m/a.snn3uWucSTPrBePkgNiWooC', NULL),
('11400694', '$2y$10$Oh2cd3SqcCUvX5KMqshVh.t3Xx0p45sw5iBCXz/PysJLbHJBEp4ZC', NULL),
('11400695', '$2y$10$sJbfKKdRlYEWte3dtgdjoeTt/e0JWbIZId5Db7nTLcfTe8TCoP2xm', NULL),
('11400696', '$2y$10$j9UdsXlak4GI59StWR/B5uajORfnZxxtuygmGj3kbWRhcQX3.ydKO', NULL),
('11400697', '$2y$10$GSBArQqRAd9MPGNW/E7sQu1TuwPxGTWf0O3IrRMrqzEwSldg.Tpna', NULL),
('11400698', '$2y$10$7HFXPB1ut29y6M2ez59QEO4WjkyLRbvs.HEhi1GAQr.cOwm8XazCW', NULL),
('11400699', '$2y$10$lGoQwmnXQESrbnq1Vuedyei2/Yg.5j9L7UKQKGzjuJ0BnVwAVzJwC', NULL),
('11400700', '$2y$10$sYHojTzdAAxpgRM8aw01MezsV6uw6s63S9nk1zxFrhMKwnrmV.BEi', NULL),
('11400701', '$2y$10$ZHVrLWUXfxcRczNR4XsL5.X2vFxXgLj1xzasEGH6YJD3dYZR7p6m.', NULL),
('11400702', '$2y$10$MqffEnfcYt3aDjm0kenKvezynVSaAUQqKJBOPh4rjwBdR.crovBcW', NULL),
('11400703', '$2y$10$F8yoIc7HA8RVa4IXrftwQ.E93CaLXlTR/.yfhJonvpNH7ekH2GnQy', NULL),
('11400704', '$2y$10$3Lo4drcS1It9/7NZh7CksOvUAjGHROJLq8kqxp25EDBMm1eeBPlx6', NULL),
('11400705', '$2y$10$l1CT0fl8Zb0vnC0zjZoR1Ox7N/KBheybfwoXHdAJCFS5wRWhcGBd6', NULL),
('11400706', '$2y$10$XJIJrzAf3zKBlV0jLfqn2e6dlwQF6n8khnNZXvP8Ojar4.ixdZOCG', NULL),
('11400707', '$2y$10$UaTbU.4HqV3bbPl2wQBZVOuOUy7iND2QlGDP1MkA8MeqFvcTC0LVW', NULL),
('11400708', '$2y$10$cTusTfANIdpidlYM14YVsu.jKZYTDjyH3A.Uz/zqfLOnATUbnJRme', NULL),
('11400709', '$2y$10$Ji7.vSutCGlgWrE82IWRje39neifSBT1qM8NJEWjNFksp5VOhpM0W', NULL),
('11400710', '$2y$10$3QWUi8HdL5SOgDqnZdJT9uD0T0pwb0HtC3ip/kKpMs0DUSFKd9g5m', NULL),
('11400712', '$2y$10$IsJ2/e4zN/UbjlPgi5YYf.tfp8WHilrcGY0xFh3XmSHv9ixjM4sfi', NULL),
('11400713', '$2y$10$TZ.icbcatdv0aMWCAsGtHefPkOlOvSwRjK2QAKKGXkr8Vf.2bG81e', NULL),
('11400714', '$2y$10$xWlVkvaLoptx04OXcsef5eXZgWfeLxuJ5FO2gMOiPNADxVWe0wVoS', NULL),
('11400715', '$2y$10$rLBwusVeZ8ZXIaw/dscJr.oIabmCU20MappX2a792eqk7HQ7TjHvm', NULL),
('11400716', '$2y$10$tq1EBhL4kV2BpQJItl0D1OXOAg/y0LfMlaEUYomy9Ih/HDY6e5AR.', NULL),
('11400717', '$2y$10$umzSnjTDiXXvblPaamGUt.gIALwGA.YLyPMZhg2ML.1nw9EzujW2S', NULL),
('11400718', '$2y$10$/7NKy9tSDFKgwITlD9OOQeskAZace2R/rToXBJGhzOfbsqLdZWV96', NULL),
('11400719', '$2y$10$Y17zb1QMZVFA/oZ/3Km9EuDNE6gGsW.NywZQD1./gfK5zSLhLu8EK', NULL),
('11400720', '$2y$10$i59ZSUtuyuTjykdFQ1oUguYYpm8pvlJV8qaSuTH32YE65YhN7oBoy', NULL),
('11400721', '$2y$10$Pu65KZgmF0dzjEIokkt1s.PFpq33lTNpeqnJABlpcCRSuHsHldbOK', NULL),
('11400722', '$2y$10$c9enqphWNUP7Hw4c0j3gAOz1azSFFN12lJk9254f8MEbO.OlYe9UC', NULL),
('11400723', '$2y$10$DkW/0YwQJ94DorrKFfSoCOOfxKGNjU6i5K6qsquvc5/5LmWYrgOxm', NULL),
('11400724', '$2y$10$aiu1/Jx1RN0ly1q89IdtV.DeKER1ZjOpXoYbSVokM9y0cBpH5eRZS', NULL),
('11400725', '$2y$10$FvDI0L1q069NDVrpy6yFpOIAE1sQzJC0UyyHi6kc6hdDmWX136QXa', NULL),
('11400726', '$2y$10$OCF4bzcz9FHhqZFy5cTxG.Y98rrLC4UFrD2nWQ/nstB.W1Ld/TWzO', NULL),
('11400727', '$2y$10$v1gYsYz28F/5zd8Ea5NTcOylOKgeAQjDKNMaDQMoyX50Ju1bZ41NW', NULL),
('11400728', '$2y$10$LVW0iA/C6x9Ol5oFv74CQO0j7nKRjqS9ruEIke.ssN7pCbAiZr2hS', NULL),
('11400729', '$2y$10$KExPhXqKOjC1hZ/2BraSZOM86nGw2B./gYyHIQRJZBeTC/2umcM1m', NULL),
('11400730', '$2y$10$0ew4nrUGVKbpluJVyOu1UO.zft4tvI4LovKkW55y1AH0ypuZsvZIq', NULL),
('11400731', '$2y$10$PRV3gwl7Gd8iR9fv0sJ9kew8x40g52OlB8uU25odohGQ/azGCBIXe', NULL),
('11400732', '$2y$10$eXc/8ISMbvLRQ4f2i0Vyc.HXjycB6tzARoxnM16duooheXxu2C5kO', NULL),
('11400733', '$2y$10$Zp4PMpJpHxtEvsj28oWH6.QooBFLDP53iqxtT35SB9BXwR.H3WIfe', NULL),
('11400734', '$2y$10$COERUm427mFhpIjVSvQRo.5IyXLXMhd/Yq03cugA9DLvSkZLl90r2', NULL),
('11400735', '$2y$10$adBsbDnjTXQpDw22TAG.x..pwMikhgKtXvcu/YreD9OeNraVBrQ16', NULL),
('11400736', '$2y$10$2Sklvlr4jd2vKSA2G5V0F.a0UUbjAYgw/iilIzZp8IJkR/X28soXS', NULL),
('11400737', '$2y$10$CwNvQqSUi5ROJW7iWtfRCOv44vrVJ6T8Hr1QEam.qQNBQUyvbN6Sq', NULL),
('11400738', '$2y$10$etzwhpe1TpzOpm522SF3bez7vy8GV0vfKA3hcs5QMSYMCvBKXQ84G', NULL),
('11400739', '$2y$10$NlZ0t3YMccqfF3FaoEdB7uw7P/FYfM585rm.sm50nQ5P3Lwgb8Hye', NULL),
('11400740', '$2y$10$U0kV6hT0FORUx.BkMMV1heHs9hnyf0FyAQQkWdlFV0P0wDM.OGx1G', NULL),
('11400741', '$2y$10$u/hTkr2kQBkWceb1hCc7NehS3C.bW3fRqlVL5L0UgiNE1V.L4u6BK', NULL),
('11400742', '$2y$10$fVuFCS.xR9ucl3YezdROF.gPc5QDG6XgCJTDvGVRAVgm6IFURLJXu', NULL),
('11400743', '$2y$10$fg4/BZE09Rs1oDMSmo1Lwe4CrlHx38kkl93VH5IjDRZcTywxHzKmy', NULL),
('11400744', '$2y$10$qvKtikEtmIJyY6UHvlje/.ZtejD5ASUPdxlVuYgcygub9bpp7Epwu', NULL),
('11400745', '$2y$10$Cr4WP25PD59J/QOJGLL6UOO.RdW/0EVYfCKhSpCGL.zPvX5IxLO9u', NULL),
('11400746', '$2y$10$i9vRYVhsc.ehS8PbOw0MFeER7kQ5bpUJjeCs6j7XuqDNI6MqlQAw2', NULL),
('11400747', '$2y$10$dyd0y20DkYEt90/wO3jX2.zsOJxbKf9xwA1/flhVmhdAVmqJ1X5u.', NULL),
('11400748', '$2y$10$6uXktQ.gSxnicPem5q.c0eXCYxyQUbfmvF3KAYqQ0DRxh1mZgE/Ya', NULL),
('11400749', '$2y$10$eiIGR8RQ8JDMQ6WPfFN0pO5wpq/OC1MtakeicjJ6hkwa0fLxkXnHK', NULL),
('11400750', '$2y$10$9QNdsxW9u6sHIzqj9HBVe.GhcO.ErRJDb.ar504AKIue7kBMs06/K', NULL),
('11400751', '$2y$10$BR517vF2G4fGT0jymxi2v.AAQJYm8kiOFQgD9KHxID/tCWBbSvnKm', NULL),
('11400752', '$2y$10$ebrr2OhO0IKmjZGZ59fhauLJZPNnivYVHllNtyQaNUUAWoBYXIVZe', NULL),
('11400753', '$2y$10$KzdGSVNtwoqUmBcRb5Gf0uUL3X2CZ6GKrT86wR0UYfCIxfb1qwGtO', NULL),
('11400754', '$2y$10$L8u2bpbpQs8./Dcm3cWZKul4fsIMWpQjeZIiZCQ/th6jKa1Mcz2Ua', NULL),
('11400755', '$2y$10$9fBuDsJUdzP45BEfTlOPMeUESoYK42xXuIIavnHPnCGVvBTvxiYsO', NULL),
('11400756', '$2y$10$dutr8N9fSwy9IiwYxAQQIuU5JL73tXQ8b/fhKGOQTLgBpPVtucbjG', NULL),
('11400757', '$2y$10$sTdc94Hl49K/mBHNtiinwOKt/xZbFjd8sWR/l6exMg83E.Y8KHrwe', NULL),
('11400758', '$2y$10$0ewYMSZF1BObmStVAf6IH.6yzgkmZgQt3Z64Udt8WAXMQl4.kxc9.', NULL),
('11400759', '$2y$10$7vvsr/AXYgbu7kYk4f/qj.a3cg7g2Z/JsbQfY0TP2DszxocpOE3c6', NULL),
('11400760', '$2y$10$v2njuRZFptfRf8zdXu5jWOzVF8Q3VImF8VLIQBwBNCs/WJ7ckrJim', NULL),
('11400761', '$2y$10$DpryalS9l2qVDHCOkaVTjuREz8A0JAphzGgBiu3ZPNO3AWvLL/Hxm', NULL),
('11400762', '$2y$10$GueULATEkJeW2oUchFtatujbi2GY980gIeAmlCnpiDNG31wt76vc6', NULL),
('11400763', '$2y$10$tgOQX7831aOvZgvAgFH2Ue6KGWVprpyLRtW6t.CObS8xD9QqK4Wkm', NULL),
('11400764', '$2y$10$XjlrcGsiWqb2UJpoOQwF7.NLkf.bqmS2A2vZpHedI0SU1gbMWICcq', NULL),
('11400765', '$2y$10$hHbw9nGzKJqOMK3SozHFP.Ou62djO45Ht64uWSm37DYE9iiCyqmpG', NULL),
('11400766', '$2y$10$Ur.uxalQQlmn9p1NtG0kVuKUpMoqhivSSUQldsY1I2ASxDAnasaCS', NULL),
('11400767', '$2y$10$Ydel.vO18DWvABNUTBjGy.4E5tkXRZCA0Vk8LDwyBYibzweImFgXa', NULL),
('11400768', '$2y$10$jtBZaGWDh6u42AD8KxT11e0nUkxrwuZQlINTOUFZMwryE2lqM8aT6', NULL),
('11400769', '$2y$10$ECgGwgYda9JB56oZPy8LF.Y1jmi695d7vuJAElLaDcYH0ccxmX66i', NULL),
('11400770', '$2y$10$K8g2s.KlCdiy9IYfbfHUmuhIvjlGWfwcu0ETyzhL6NWXYUsaVxVHu', NULL),
('11400771', '$2y$10$KO7SSWDQLSEEJIEiLiYowOeZFkB6nUJjZMRi50ou9AXf7t922gEuC', NULL),
('11400772', '$2y$10$fTWFUBZIL/h2EWQ3ckcBCe9LRVUY9wO1Z87pxaq01GSP/nhAKyIoK', NULL),
('11400773', '$2y$10$hauJYCZMf3OWVF.Gy8LijOW2zjfLDHdon98WLq0wszT0uprs9RkMi', NULL),
('11400774', '$2y$10$93OVlJtq.o02S8iPyhhjv.u0Bh0keg6wG8q7RfTzrXEbKtpmifMNe', NULL),
('11400775', '$2y$10$xHcUglNFBCj7llWJHudKguMbhCQnjk18xmCaU16Yyw7MnZxVqZhBm', NULL),
('11400776', '$2y$10$nbLZeESFCWJiHQ1.VQ1e/usakuNXt0uRx8OJJCEtIxev4.l1g2/Q6', NULL),
('11400777', '$2y$10$jRwNAvGVpZ0Ge5xK8m4tVOAY3PW5qL8ZEScj58YwJn9FwusiPs3h6', NULL),
('11400778', '$2y$10$.BzeAB6rvD/LYy/VuMIH4OtGgmWyIITQHijr.g6aG6hVWr.ANP.uG', NULL),
('11400779', '$2y$10$icmZIFnkgt68cAKDU3w6muTPvFNUpL7EaGfQxgTkXZniMfoEI3h5u', NULL),
('11400780', '$2y$10$1vjoPAQ8zKP4wYfSRiUxLOeSCmORFhafqKDI/4r5K0EUXyZWbPsR6', NULL),
('11400781', '$2y$10$3JOWjwCdMOI74zo8g6tyT.KsosWcuVo2uJYj0af/ugQhTDQPzi.di', NULL),
('11400782', '$2y$10$wLUEoTjaHT3P9H67s6wrY.XdhJnzIxQTnk9HSIa95U9bbTtJysFSa', NULL),
('11400783', '$2y$10$XFH/GZ84OxYcnc0PcSMkx.WagRGOFqU3YnvYQyGAvWhJzlpnNRsb6', NULL),
('11400784', '$2y$10$0xz4ljBXN7wAwLu8ePwpJ.wpIR0ZQs002kS/yBreZjfpxBpvNOR3a', NULL),
('11400785', '$2y$10$4iB0OrPTnUTXoWM97tF5FOkHoWP/ceIW8xtVNYTWTTYNIq2ZI4jtK', NULL),
('11400786', '$2y$10$.ljuIDePPecyN0AglzRmgOa4GICDiHlzcowAFxi1M05sscZLnIJ3y', NULL),
('11400787', '$2y$10$zyimlSlwW9o.kelbzZ54a.oNf.7xoFvDNnZPxoC8OzFYbOeC1IDx2', NULL),
('11400788', '$2y$10$RG11mHVYFt4GyWfuwLrzJ.99VgN7jTFvJSGYZnkKjmosXX4oVdaDG', NULL),
('11400789', '$2y$10$LrpqzYj2KM1BRb2nRYtmFOhiSc0E5pl5vBdYordgyq6MWDqaE4eCm', NULL),
('11400790', '$2y$10$.HQS/ZoRArfJCLB9OqjZ2.lL11Q7P7l8UONfgw8qXwk7H1WSZ.tlW', NULL),
('11400791', '$2y$10$sV4X5C8d/oZ2fqu4vok6y.Sa7UKYVOJhsMMDk9v8wyos0WbwrRo8G', NULL),
('11400792', '$2y$10$/8aSsmzJtEj0TpdstbYK.uelssKcKM/D8oga7n.Pc8SpDtB2zuiiS', NULL),
('11400793', '$2y$10$AwNh3mlQ1w42MbLrvnxxx.zpBUB56/NYPW5IzINKcYSr.T3GXLW7a', NULL),
('11400794', '$2y$10$WckL0fQgKVVDN9SGI9gM..ZPeQHHhzmFk1/t3PLzx9lJretqRHhjK', NULL),
('11400795', '$2y$10$9zug4Sd9gop37zPd4jVDceGzHyxiqiIyVqop.TA9MmzK0gETHQl/m', NULL),
('11400796', '$2y$10$67AptwzXMf9SYZ3YnJyqWe8hrmbWqKfMkqAS/wW2ZCrwxSSvgB29W', NULL),
('11400797', '$2y$10$0oWTLfd7VEHWJAL0Iwkble9qmxCgp1.qnHapBb5nE5jccxHXS2DVe', NULL),
('11400798', '$2y$10$GgtMRWtd231ULPK3QI0kQ.Hc3l94grbZ6WEdsj3e6SlWnkAl7EpHa', NULL),
('11400799', '$2y$10$tGEtcG35VAP8VTK2En4EyuCIEovqyFW2URabTJPmVRzxuMWkQ4abm', NULL),
('11400800', '$2y$10$3g053LgiHWB1IRwV81Fc/uZ7JfqcOoAgmioJFymkCKM45lckx9VM2', NULL),
('11400801', '$2y$10$z9FAGV6eguD1VWOQO0dXR.uwjyfv/l9ZkybVR2HxXQcQWEy45GC.i', NULL),
('11400802', '$2y$10$5QnTF93WuSnNTeDSfOV8uOfTffZxcsqwI0nOStLFPaV8wuI5q3Prq', NULL),
('11400803', '$2y$10$I3ZGMhzmo4PsFesVNKlDZ.uDxeogQ9wkMyFXsvvvJUns2NadKm4Jq', NULL),
('11400804', '$2y$10$cS7TSfwT4BwGlx8e9nE2B.vbKKcBQslKEFtQKHKTQYpE8z/p9NZPq', NULL),
('11400805', '$2y$10$8cN3EypirtAazb5NYAfWIeH.HV4GuuC/y/Fc5ZWvoUV0V5md/11ia', NULL),
('11400806', '$2y$10$5OPcEAyO5ros9C4XrUjWwePzCNNeizVaqbKkpVJNxA2.vIyD5QqJi', NULL),
('11400807', '$2y$10$DVePSEt5cRkjXDK2XJQO1OCSRfIAAZ2nVENPNpQk5UPHnQQ2FJZvS', NULL),
('11400808', '$2y$10$Jff.lLpAdD/Bf1Qg2q/x7e9/cZUWMB/OaJRSo8Acodg01mMiD16Zy', NULL),
('11400809', '$2y$10$sHonoj/LIa6n.QPEWTCK3.DP2ckYXqxPJyYGHuXDQD2qN7LUUQn7m', NULL),
('11400810', '$2y$10$NaUnbfYvUvOYN0nDHZwxD.u.urwOUl2Jw5XiGeCSGC7KqpprtQtRe', NULL),
('11400811', '$2y$10$hXJxTPaJ9F01IPx8DBkacuGLyuai17CDndVWb3rBL7DYSKSR1yKRi', NULL),
('11400812', '$2y$10$TjvMTWnJvsOsAFnUke8nNu6VYU4v6jV.KKdREgOfJwYffZYYkLn5y', NULL),
('11400813', '$2y$10$PXf.bMkoD7QGKmFTM4WWQOL/kI8ZoCLtvrTY0uiYYyeUg26PHP4oS', NULL),
('11400814', '$2y$10$pRWWQfmyu03cIxvmBBE3LubU3mohu6Y9mYF5lET4rbEokmm81L7tO', NULL),
('11400815', '$2y$10$KHyKYA9LcBKml9zzXLL1OOgcI6Ipzo1eLrARGeE1LWI2HaEMcLSye', NULL),
('11400816', '$2y$10$5RFrHmvjDxKgdv4SnIscE.27d8nmfin7rxqxhjXmafvJHqiZKgJxW', NULL),
('11400817', '$2y$10$63sdt5DAwtNYLIkPWl9wiOGE9oUtz.9roAFuFF5mEN28OWLXjtocW', NULL),
('11400818', '$2y$10$3dSJ1.A9ih5UrQ2RhuL4UuACpM8OQcERyppDBuo5U9ui32lT/sBDa', NULL),
('11400819', '$2y$10$LyXZGa/UrwdAjeor0j9iouhAJxZsO/LpnKCCIIeavJe9keLxzX/iC', NULL),
('11400820', '$2y$10$wxReORUlK3rDeE1Iwl4O.e6SMcRYSpk8oXPotmdABgHEozYc/hEt.', NULL),
('11400821', '$2y$10$UA0CVW4d8BLiJdyZ/WzgS.4bcxgyfrf4kwZGQb73oy471Dm65Z48O', NULL),
('11400822', '$2y$10$zW4bUDnKhkIpL8nsNTb.WO8UaYQZFAjPaSZUqSY0bFtuPJwAafHM.', NULL),
('11400823', '$2y$10$F5l5Rqr5pUtQ65aBqvcCluCm9o4LIvRREnGALb1ZxgDEwgwmibBCm', NULL),
('11400824', '$2y$10$JyG8dm4rmRn9n1XQ4lo82e8AdFTG9OkC/NHDoDG.qEa12Er//.zMm', NULL),
('11400825', '$2y$10$f/LU985Jfx4uLvXV0/meq.od4XVN/oTD62O5WYlmy6Vjx.XtRU8Cu', NULL),
('11400826', '$2y$10$kC0QwhgWAonl7gt72rR0iOWfKbqjCnnmgkU2K4x23xQaZdhDkmbs2', NULL),
('11400827', '$2y$10$odQELac/NIBDtBCCugiBKezpi72audkXvClQO/pq9gF7rVKyw5WmW', NULL),
('11400828', '$2y$10$yeBCSf2dZJV5uFXI6/vXmev4LP0Ydb9Y3ONtHUvNg.EfcmgrTGtQa', NULL),
('11400829', '$2y$10$vtyALxBEkVJJ7kQsurX5zeHbLr0BL29A3DHOmq9BQADhSmNnSgYAC', NULL),
('11400830', '$2y$10$IZvQGkbh/EMLk1YOOOz7w.cGDUPBQyUfTe58.Hktu0pK.YH6Qgxv.', NULL),
('11400831', '$2y$10$NlGYniCqv5WvlrRbrhXvDu8o7rW3vjO6K9X6Eu3SoOrSXY2q6T.ri', NULL),
('11400832', '$2y$10$8ql4qYnsWAtQle1wibvDu.RobfhngznNcV7aOLPKMZkrKgmVM03Qq', NULL),
('11400833', '$2y$10$Q4CTQT5djL0HG6OabU8V9eXzXjl4ID2OPRza5ED2j2JahFrj.q6ae', NULL),
('11400834', '$2y$10$LyfTZEs04anxsb6l.OnGjeKyAzOgRMp9fh3Aw5WQIXOkqX8zQTFki', NULL),
('11400835', '$2y$10$urYcpTlqBeEn/mpD9EX6/.60BHp/IMftG03fCA6oQnzcKYy3PeHbW', NULL),
('11400836', '$2y$10$xC3wyuGMzcUXi1lY/Gz1v.0fvgV7ygWZpi6.4qk2pmFmoXQtOb3Ti', NULL),
('11400837', '$2y$10$JUHIM4XJfiozMSz7WrgIa.7UDWfg.KEErtq7CQezXtX5X9jg1njiG', NULL),
('11400838', '$2y$10$paFP2sbUlGNSN4hxaIKSOOc3RfFxYYib/yWI23izvzHqbmsUpUV4S', NULL),
('11400839', '$2y$10$nmXroEgJPCv9rw0gv7PwDeJ7Pww4olirjidGTugLlO7wPJe1GZE72', NULL),
('11400840', '$2y$10$bnLZO0SEkEaSW1ScWPsZnuCh884Z7qs.I0KYJqADYuNw9xWtVhQWi', NULL),
('11400842', '$2y$10$4WDD78jYDliJqiKyU1Eiwu5/P5s3eeXnp9C9f10wI/R8QWSo9ugiC', NULL),
('11400843', '$2y$10$DEsgCR4PzRksSXfoY.vpZeWcE8NBya56oCrzF2rPCse.R0VTxvtIq', NULL),
('11400844', '$2y$10$zFkOrExxcfcR6dyydNy7Mud9e85SWUgLc8KZvK1MvU801jYDH9l0y', NULL),
('11400845', '$2y$10$kPcarqsvu7xkSO5w44ldTuhpKNljJ15y7qvO5Opg3eS/OgJsKJYjW', NULL),
('11400846', '$2y$10$0nOe3l1H6xvNoy196.qpjuiWGrvYWL2fl9lfiUIG0Qj8MrdMlZhq6', NULL),
('11400847', '$2y$10$0SdLn7vwzPCRURKjjp44N.dGk0xZiqj.eVi6BPjQDkzkzpbC1G0Y2', NULL),
('11400848', '$2y$10$GDuK4FAvDYVBgYj4AH0M.ONRJTv5T7SGm/2IkFfvYKdHCmovcNd9m', NULL),
('11400849', '$2y$10$xz0fN1zM5aqdVepfHjC3UePAOjCmZXvy3EXjGt7QUDDba.5pKF.WG', NULL),
('11400850', '$2y$10$4/MQL8ecvvA5WhbpNdlX9.KiVQZmEqEf3HnREiwjCp8rsXRRBxH92', NULL),
('11400851', '$2y$10$.UaWlUhXW9m.a5nsMgduLeKAhyBgPkQEJAMRkfZJxV9BaLUL0w/L6', NULL),
('11400852', '$2y$10$InqN8nD2sSNCHRhYxRvcZOV.nN4ZHf2HW1OmwRPuRRETZgrDRE1uG', NULL),
('11400853', '$2y$10$9sNSipDK7wBb24h0Qlf8kejtwT0l3uZHWdB1z1S0sBD.2pwta7oRG', NULL),
('11400854', '$2y$10$ZfqufWvHUq.DTrRIgu.tKuGUMCOAHynWNKqXFDnVUcq6aPqD8893m', NULL),
('11400855', '$2y$10$Ifb.n/WI6yv7BfG6r7LdpeT3zNRmP8pfz.BMI1Acu3AXK3ouesBIm', NULL),
('11400856', '$2y$10$l4k/D7MZMkXiOJHWIsXS3.JauwjoF3Pg9w0lJ1srqT61vFjvemSj.', NULL),
('11400857', '$2y$10$49pJm04Kuzerywkhf0OVcOkCMp6RyjPN6UW/K7V3rluxLoe7Vemxm', NULL),
('11400858', '$2y$10$26y6cCLogCO4ykbtqaXkvuzFH37GQdBKgtJPjfoim4Nd4cMPjRcDm', NULL),
('11400859', '$2y$10$AE.myKf4plg5Sm4X4iXmiuvTSGozYk53Ww4jAps4VyT0Ih5ssUC9m', NULL),
('11400860', '$2y$10$oPiIvdu8t4EzAht2U/nDYudsDSLTuEEnpxnWfjc0I9g3oOoMgaJiS', NULL),
('11400861', '$2y$10$EkambuRaZbWkqgfLvhKh0OxBCnc9ncLdMrgCIAPyj1anSNrc2nLW6', NULL),
('11400862', '$2y$10$/P2IzUVgfdYrkptz/dgF4.EDtIN/vNkSAdipOK4lmbYli/gixznXK', NULL),
('11400863', '$2y$10$707lFXG8YUwXRJFiukU9sueSQjC9joYA3V3BW.NVCsp9/LgAFX0JK', NULL),
('11400864', '$2y$10$OwnFla4qLFGgMpq97vwbPewUBEyD1edBsM4x6AkkVOLMjCn9KfUxW', NULL),
('11400865', '$2y$10$GtCCEIK/tS2Zh5/fAw8LhOsitAsOoJBu1XEHVzEW4PmhqRCOpf4kW', NULL),
('11400866', '$2y$10$VRdwQD/36mkYniZCP7CPP.WHKHzvShG1nQJ/lnTc2CGTJ7Tut90V2', NULL),
('11400867', '$2y$10$oapj4gmrsLKLCMpug8LdGuhJn7HeO87kyHJHj6mMRo7aWL2aHlFlq', NULL),
('11400868', '$2y$10$8R4MGcrWmwlCjenLaQJuVObErezr.6hO4JyMq.rW6PrG6Bfi/mAf2', NULL),
('11400869', '$2y$10$MdUGrRlfR2XmzqblMLR1M.UtvL28ErzKE7BktJML.jUwFsUmnZVzG', NULL),
('11400870', '$2y$10$Z7h9asW0Bq/sSDeRhcgJd.6HmG6uYySVaMetBXvjipKvvObOUh44S', NULL),
('11400871', '$2y$10$6vYufl5wDrLZhmMboEx6Q.TBc61hJxZmLDBPQGzPJ6LQEn8nksIki', NULL),
('11400872', '$2y$10$snV5IC96MjAlQxDaK1pHYeG.r25O8OnQH8UXbwhISyasSyzLvJtg6', NULL),
('11400873', '$2y$10$Atf3PktMkTTnaAlNFIBYZOYgVMZ7QISSMp1XLSyNNpIGBZ5rsQdmK', NULL),
('11400874', '$2y$10$Ly4dh7NhmErm69U.K/XrMuTPtJk0MzmjFxHz7Gc2bVdIe0xfhNzc6', NULL),
('11400875', '$2y$10$xi9BHMT2pKkheJmHnzsEvOBr4frC0lFdmHJMv74oNIVTLVNCULE8G', NULL),
('11400876', '$2y$10$gNlC413wLnEzL4iWdNZjYuKGYUTLsXg9cx/A.gDrRnZjD3c2USbGO', NULL),
('11400877', '$2y$10$58UK06UdEqooDW23ytowl.81KKhokjSJhLLsC0qF6zO72LSi34yMC', NULL),
('11400878', '$2y$10$f9l0Hyj9NyZOwhyprTCNpeouVLsWFmzwBdx/UkJ..4oegtfKG8F26', NULL),
('11400879', '$2y$10$34LwrfGfSH59WrJG6B9j7e6zBOosqcxflL8rchGvrYGXEo2N5tnCC', NULL),
('11400880', '$2y$10$Pbni/oNUpKkAECfG8ninD.SDPiAWL1b4uUoIX69qm3STgPv9YLj6q', NULL),
('11400881', '$2y$10$hZA3tlolfL6txqL1gfwiX.hvVHkH84PKYSx9/6Hc0EwdyXhz2.Ijq', NULL),
('11400882', '$2y$10$kByU2fg0vbUyVayj1cLJiuQu0WYS7EUTePMHP40Xic1ntpgAHTDiu', NULL),
('11400883', '$2y$10$UeE2QnV7y1L1r8qevPCB0eX9KZsfm/ktdnnp..zbaO2uU1jLtj7uW', NULL),
('11400884', '$2y$10$cgXtQpa.jCixF8av0661vunbtMJctEat2CemkXyKYp/DVwTcRqTNq', NULL),
('11400885', '$2y$10$54d9ylnE5d7sspae1xbPHOpryp4TqErjX6HbdHbkY60Lj4En9zcau', NULL),
('11400886', '$2y$10$cbvcwqdJH5Ma2iH7bGBs2uCSDGTFt9B0vOtP.9xqQAWPNrc6x3jA2', NULL),
('11400887', '$2y$10$.dZ1hC/uExwg/sGZEGeIsupmypgl6Z74Qr/FOR5Ru3SJxke2AWpxO', NULL),
('11400888', '$2y$10$vVfoVlgWOnJhhCLv9jj3l.jxHpv4VCKIDSqb.oq6JwnF3Y3sB7CYa', NULL),
('11400889', '$2y$10$0BkMMqkZpOizJN8lcrQMNuiC8gI13wj0NrBmCB/5eX/c9vFRPEbou', NULL),
('11400890', '$2y$10$Z.xnLY1qses.1nwd5Ui.BenOgcoKo9LpVpdIf6y7bJBabi6Yv.NdC', NULL),
('11400891', '$2y$10$NnzvABCMacBAlinQ746joOgwBv3KWjRr4sSAeGHl2AwISOYuSb/SC', NULL),
('11400892', '$2y$10$3nSDPmKjiS13dl.C.DMGM.douvpNGiXLoAjAsQE3Wk21PBhSBIkNO', NULL),
('11400893', '$2y$10$DNxUuQOU2lKn8u.5CnOVkOUFpa/mxY/qsEbR1Qul8t06KNKUr6LfG', NULL),
('11400894', '$2y$10$1FeMEdXkBVM2dn3dopxXJOq.0vEBiQeaa1mWzA4HA6BOVqYiG2coq', NULL),
('11400895', '$2y$10$aznQrdywjKPm0VTJzqvFAO8KVXZkzFQQbvx4.iMNS6lLKRXiHM3fa', NULL),
('11400896', '$2y$10$PlEBXaS9rOAUZ4eV997r/.fxS0yZpf492J7LLCFYIoa.CQqiAavRe', NULL),
('11400897', '$2y$10$5xNHcHQU5OfI/8Z1liVgtezr6h7G4K1TT0MI2mG0qQgZjN4exCCKO', NULL),
('11400898', '$2y$10$O76y0Dz8aK6u/qXu1xoVTeX8gCWzRX7KO7n5scbTH/VXFKxXXRSDO', NULL),
('11400899', '$2y$10$u/8JqlQHW3WtuqhWLpsZxOAp5pZw8zhW1Bu8T2Eb2FeX8vk/hc8Fi', NULL),
('11400900', '$2y$10$NySHjEedzvMgyrDBoqBvu.CchIcRIcGqnaAmb/mnlF8LiAyVPXw8O', NULL),
('11400901', '$2y$10$Gx6Lku1eqvc.iFQSR4pTxeQHSgCOZIkWKWfT6IqqDxYGD8zn4J2My', NULL),
('11400902', '$2y$10$rGE87bai1aTATdPgjI9DLOJP/Lu7unNaRNIRkcvG6x0Kg5mcc5fMi', NULL),
('11400903', '$2y$10$ZMBOyBOVEdkU/KCO8tdaL.CiCfbIXQIVJt3MHrKUeu0oVvxgTVyua', NULL),
('11400904', '$2y$10$DnFfqDHn4CbYKggxX1p80uAytpkcn0fbsVWdEyMVJj6E9PqWRYxEG', NULL),
('11400905', '$2y$10$ZdOe0KXHYkEi1rC1o2MEdOWGsOh5sjesZOFt5sH8FNj8jds04QQfi', NULL),
('11400906', '$2y$10$J3H8MhuteXIN8UcDpKc0k.IRjhxCVK9K9NlWDD2zyz6TFpPTq4q2W', NULL),
('11400907', '$2y$10$l.Rt2.xjLs7FfoFNvSgSiup7FLRZCbBeF5.L9vr9FGR5xMoy5ioqO', NULL),
('11400908', '$2y$10$3T5jmSKlznJIhS8iJs.MROTMzlPhY.nHf/M.9Q0jKgBwfScmF.mW6', NULL),
('11400909', '$2y$10$DeTSmxs9TQKeqbwk5CFRgue9SboA2oA/fMmeq1k4Pgycj/Uu87xvK', NULL),
('11400910', '$2y$10$ihHUWANntTys9z9rjkNsBeetvA/Psl2SJL2aI76s/NQYlMMUHu2.q', NULL),
('11400911', '$2y$10$kUeOhcG9O465XZI/lxg35euHWr8TsJDDR1w6lv.lVx/z5CSvhq.Vy', NULL),
('11400912', '$2y$10$MyDhpveY2.sJ0ABidpeLxeuoXl8AyQtSMEn8IRyiPKR1Dibh3OXI6', NULL),
('11400913', '$2y$10$0WQNu6JZW3HeaYWI34iJMOKwU0lqmtltQ7C7g6iM2iedMzHKKwuxa', NULL),
('11400914', '$2y$10$q/wDxoJmRQ7/mNEoATE5y.9gg4zbEVTCiRqV5mnu6XcTCnPP4gxsi', NULL),
('11400915', '$2y$10$xenGANhUUwGwGNhLRDpXKuyBSWNehpYyvwH5lUaWDVuz/EHomUGZq', NULL),
('11400916', '$2y$10$XZT0hzwWwN8sEpUOyCkmg.1SWknNhH/n8pCN7RT.o/HiUoDCUYFTq', NULL),
('11400917', '$2y$10$DLUs2chwK5EVVB2uJKeS/uk9Lg.M5LfWrLPtF6H9kxbl/EU.GaiKa', NULL),
('11400918', '$2y$10$sMbyyNAR0yCs9aXdlP5n0Owa9825Pnc/ov.1i0Khgw1bcX/qLFUj.', NULL),
('11400919', '$2y$10$j4xtqK4hqrI2uO1GXLAcr.C5M1odN4o.CFKnIXM1T3xaNWWSrkqom', NULL),
('11400920', '$2y$10$w3YP27abGuoPNwNIZ5YdDuyicRy/9czOVISlaxrUYVki1UhQ4HblW', NULL),
('11400921', '$2y$10$46BzcQFg6R3zN6qeY6pGN.yPHSQS6ySAKbbB8ZBKUvl4GUra6jyE2', NULL),
('11400922', '$2y$10$KKZe.b2nE1JIaSnaQm9B4uTu1R01nxNd9Pv/lUxWIj4qHQd7H5In.', NULL),
('11400923', '$2y$10$PwdyGZ09CN6iPS1LK.CR9unFft6q/55hSf4oPw5SbYkM3Me.XFJE6', NULL),
('11400924', '$2y$10$EykFM.aZP3pxBZs6eUzVIunLaqtkLPiWkV0SY4sFiAEomxk6M1.1m', NULL),
('11400925', '$2y$10$Q9vh/Woi0UHWwa12rMcDfuOgB//y4wHclN4lERKkXFLKKxMiSQHOG', NULL),
('11400926', '$2y$10$u5HvzccMP0rPxXfL22IC4.p9ZMwveOTjfqtBRhtJA95DvYPZsVOiC', NULL),
('11400927', '$2y$10$6cFb1Y6eaaVrXJ16S/PDEOnwSeGaYLtFgLAdy7Aw/U4WY2UhMG2vu', NULL),
('11400928', '$2y$10$BPwskWvpkr9sfb/O/xMsveaJZqUg2QY/Rft9dqq.GaoDsbu507XFC', NULL),
('11400929', '$2y$10$.7hmqUCupiq4hSVEmRSL5uLhr/crZcb242G8o6WgvYABdkvdR9mGm', NULL),
('11400930', '$2y$10$re16leK3nSFqhQbXKeOjtO1TGYfcWC9Jr5MBWAOMoAFDJ.91jEEHy', NULL),
('11400931', '$2y$10$CSICqTGO72Ylaw0RcpAEJ.we4lIMXv5H.BR0cgUbZYhuDQ73dFfsu', NULL),
('11400932', '$2y$10$bfSekAWqnA1V/iV8EW/Bi.nEUmvm.4a/EyrOk4eIv4QAAxmcXDDpG', NULL),
('11400933', '$2y$10$dJEELoagY4gUeGW7NmPmQ.efsJJUppEyWgVdS2IsfLk3H5lJ46jJm', NULL),
('11400934', '$2y$10$4nh1c/l6vKR.8jn/ekMY2OKIXqWnCtNGah.9DnJ1PqFVf6VNRvfYS', NULL),
('11400935', '$2y$10$9cK36ymG3ouCdfwDz7t0WO/74BXCDGaQ.HOt09ZjtCZcb/UoriAvS', NULL),
('11400936', '$2y$10$ubOesxIoE1JivvTTDwyHXeSaD7iovEMkw9JIj0kNj647FwYZNhfS.', NULL),
('11400937', '$2y$10$/34/3rGx5IEt45vghjlqm.bWDKCMwhXvvx3F/QsDH2t6uoviEvymi', NULL),
('11400938', '$2y$10$NZH9fPjlGCUXFw5sWJbJ.eg4ZOMSHDvjYqe/eN/Wqejjm4L705jcm', NULL),
('11400939', '$2y$10$0y.j.unXXbZCs3N8pF8f0.VdEcwQFxMa216asl4ou3NMP510qa4Vm', NULL),
('11400940', '$2y$10$D41wrJcmuGZ2xx8sTXSceuDduRIF04jU6uLjYb2VB38XeaRuxiZqa', NULL),
('11400941', '$2y$10$NinumRK7TzbhMEy0yt2SduyZM0NnDgEsCd2Mt4Vjn0u6oT4QBQmN2', NULL),
('11400942', '$2y$10$woN8A//zey/IAWwRODXdEuJ/jSniBbBrFJNaKxQs5H20XDEZeAMF.', NULL),
('11400943', '$2y$10$DaRZJBiieLxh1TPjkHtNhOSrmwqAHRII2KHNHwgDVEUTi5U6.2JsO', NULL),
('11400944', '$2y$10$mbzG5isXpUnW661k8UGX8OkRu44AozokWtskADgenLaiWyW6B4XEa', NULL),
('11400945', '$2y$10$ftc13SqhMa2hbWhFJI8ucOc2Xz16QP1VOJwYM2SQRb/3wCA9k5GT.', NULL),
('11400946', '$2y$10$cYQf.k4r70d80eYMrNUpYexmpL249OFed6yUuBOqOZe7lXer9idNe', NULL),
('11400947', '$2y$10$Oa88wy/mSjpBOqldXnb1Z.9etlWwvcowvXzSgOtogVZg2re2xFBvW', NULL),
('11400948', '$2y$10$9wqWqu3XyWCmIUjjghNDo.g0s787X8Vb/A1VfNrtWrFNB8YJWawkq', NULL),
('11400949', '$2y$10$dgI7QXFzdYpqAureuN/O0.IvV1NQfsYcGyMXis/DdgadztwUVsle6', NULL),
('11400950', '$2y$10$t2Bs12Uuwd67TFVpK1a6Te9CrcEQcgYhWe2rrmfdmTx8b0rw103TG', NULL),
('11400951', '$2y$10$JXfnrV5A0jqFMDxHgx/d5.nmppm400yHHYxebgVp0J/BbW7Ccxw0O', NULL),
('11400952', '$2y$10$ACrhY73zgGa7ylGxpMdAwOqhYdUMw0QSx/x0M9bBTR5ZH0s.EE0LK', NULL),
('11400953', '$2y$10$rzFXlFn5K7TIVOizB7fpm.VrfJtEzfphuBNVkJcJ8tz09E.JW/ERa', NULL),
('11400954', '$2y$10$IzesvZUaZBxT6jqbVvH9Ke32OF/4SRnsJ9664JBQr3Q3xQzygYSAe', NULL),
('11400955', '$2y$10$nUMOLwtORpz3.0PI8U3Gbe2HXK6h/a2bqrbrK8zBOQeGxPL9U3gou', NULL),
('11400956', '$2y$10$hW1nrSGVmfZ2b.yM/g8GrepZi2u7OUui.p4cAEd18YaJIrmoAJ2NG', NULL),
('11400957', '$2y$10$New8DfJQPMV7OyMJiyzh9OS6Et1BBuzVaLSkjJYBjNeRFDgOcGNmu', NULL),
('11400958', '$2y$10$Wxbr6W0APqqS65xx0xnaouCU/jm4JLbEe05GjtiPSVz7n4syJ9Xd2', NULL),
('11400959', '$2y$10$Lih9obH/hdUHugziegFfZ.VwouhMjo7pwKjA9EiD/nEsvdZnmoLSm', NULL),
('11400960', '$2y$10$8mlTVK0DLB.f2F0EKMeJi.QmKnEKBit3uVWbB6uGUnC1PWNNaNQ86', NULL),
('11400961', '$2y$10$f738IGmsqVfOxjOAn6U2meonLYRi8oLfMlmSx2rZfDLnBlaWaiAYS', NULL),
('11400962', '$2y$10$me1gXOYzZEWA0J1zCLXDyeIR4SrwwWHq0T2xepHueAbOHOViZJufa', NULL),
('11400963', '$2y$10$pu0xH0MkUQI7Ja5.ueU6A.mqfIT73D3iJcRcjfEP38LjfzWGZE7.e', NULL),
('11400964', '$2y$10$ZDmLN1FVa8wCHrMX6AdEaetRlK3V37AwJ8HYwMROmPrprYo/RulDW', NULL),
('11400965', '$2y$10$nxH90GPLCdFUsG3cSIqDve1vP0F9MEiny04Du/1gV78zwNOz43zGC', NULL),
('11400966', '$2y$10$g6xeqowSh7QSc0dszycKwuMED/b9rciPrDLiDWNCqhKBNBM3ZL4Xa', NULL),
('11400967', '$2y$10$FRJ.KuqhE.epsjw7g4QNC.FbKvPqvtz4c9P8ogByiMvW9xKHiu9Qe', NULL),
('11400968', '$2y$10$vOxDHVrjTN5aOpzPajJIM.DAA3fVlUt6FIP.PSpk8gQO2oUk46Loe', NULL),
('11400969', '$2y$10$lTIad/ssgzXkTtrNdzjTCOgdr32YMIEq618XnOSkEnNikiCnJbo5y', NULL),
('11400970', '$2y$10$7VlCuVnWg8d9z/uUTpxf4OqhqY5sn0NuQSuRXPMfyNUHqODruQhBK', NULL),
('11400971', '$2y$10$DvMk7itFwegr5g8w9f1lDe1boSShsSIrOMhpxO8Zxy/RkN582aMvy', NULL),
('11400972', '$2y$10$RnYQJDOihKUR38gvCo4jvOmza/OHnQpMJpHF2qXeW9OOGNV7DvLp2', NULL),
('11400973', '$2y$10$5bxh4fQGtXav0//ND76O0ut9P5DtoTqa0wE/t9VASgqg62Pc9LY52', NULL),
('11400974', '$2y$10$9tXZo5fVVxms24dDkcKxB.9Hi1SLpLMtvzuslpjdmWkYLqPJ.PBGK', NULL),
('11400975', '$2y$10$U1GT1fUI.Bw.2mieoL.nMOwgUXgdVschJgYTffUs3.wDxtp0kAy6y', NULL),
('11400976', '$2y$10$nLSns.AnAC5GPUzCALrtROb23DKPWaetqF1oRBZiWs0hI1fqr6jWa', NULL),
('11400977', '$2y$10$RXFmxG4pK1Ut3f.kVDkE/e/WZd.aA37BPbdNZSVSqrANN7tVSFyCi', NULL),
('11400978', '$2y$10$k.Own0D0RTTQRjfz7kNLxOcsbXNyP4cc5WYe8H/i19nvdo0k5n4gO', NULL),
('11400979', '$2y$10$UajMzc0f1WOgfLfxpTcp7eiST82ErKbQLeeVcQo6KXYEYLKRFF4F.', NULL),
('11400980', '$2y$10$qDzil6xn8mjsD33omIHqUeud/vRuXop0GpssQr7/j0VwuwvcfR5ui', NULL),
('11400981', '$2y$10$DVWF4F3YYL6A/HL7lvWg5.6/AbmDWFh6S.vyP3WxYdsGKVKmsODhS', NULL),
('11400982', '$2y$10$avCMy0Wk2j2AJ9I.OxaDDOuczxmFokqXMqFWaCQ9IFDqZqXnn7vR.', NULL),
('11400983', '$2y$10$Sv0zp33Z3xCszOlR01P8U.lJ4bnTrYRoDH0d4pgl4ZJep4B1.IJ/m', NULL),
('11400984', '$2y$10$8FJPtEv3AY95NsoNdHYAA.rr4mw1mljc0SGj7M3m2dHVk5EgYF8de', NULL),
('11400985', '$2y$10$0YEq3TfuzzzXGAGx5ZK7BexkNBwIiRaPHQYecResflXRRCgOHfZca', NULL),
('11400986', '$2y$10$.9xejaNKvqSRNK0CauXYuuplbJ..pPf3usAOXK8RT/7hIBudvzTjC', NULL),
('11400987', '$2y$10$H0ZP79oBR0fYs4fadUVYtOc0vShuINo/8Y64CrRalcFTpPRGOmwnO', NULL),
('11400988', '$2y$10$ddjifLyK/Ucee0O0j2uXW.lGuoQ3TTgN99kI9t5Ke4QSa6LeH1YuS', NULL),
('11400989', '$2y$10$AXrCGfADDqOH0pIkWlrGIOAUmdo3eBG3E1bJjcWU6I7.Wz69LOoGe', NULL),
('11400990', '$2y$10$qpO9/HzA.phoIdm4jRBRUOp12Ux2wToGXgThhxbnqYZRSquddlBh2', NULL),
('11400991', '$2y$10$fn0g2pE5iT1sQfYJ0QMlJ.5vKx82eS/8A3fApt3202YVYormUVX6y', NULL),
('11400992', '$2y$10$JK83avVLFl5obUjH7Oow1ehsC01Nxv5VH1WIMi7qDG.HmV4LKCXya', NULL),
('11400993', '$2y$10$/x98v./eHKHVrnkT141qduHiWoYB8gW9g1aITIxw2nhx5Vkanaqey', NULL),
('11400994', '$2y$10$qux2yRV.ECLIarFWdtfaD.iCE/nHROn96RkgiPpM5nhnnCDsQ2hve', NULL),
('11400995', '$2y$10$Tchzph7mVhhnovayHLgmXu17ehfpxH87DEHY1S2niRm6AmjeuGFlG', NULL),
('11400996', '$2y$10$pQQ3NIbJGwD/9KRXsYIGYOMg4fJHzg9jGomYSNFAhjlCFSThTN/Y6', NULL),
('11400997', '$2y$10$TNXmud/.LDogvGUw6iu.8OLr3WggNvP0nEibOuGNOBvW4Kl8W71Ea', NULL),
('11400998', '$2y$10$BOLcgCry906qdxr59Wk73eQNRPw1jY4EowYAelrI2l4WCvHCRk0ym', NULL),
('11400999', '$2y$10$YCH/nEFr/XhYvYPlv1funOe.jo0vLzLaFKlAyl5MDAaVCdU1DLvhO', NULL),
('11401000', '$2y$10$iAqsIJAYn6GCJ4dF618g5u/cylG/PTIukWLdsj3Kj7U1BysJbJt1i', NULL),
('11401001', '$2y$10$s97A3xSG9kjU0IyFfoXhVut4PhB55wKCbzqd4TW1RJD4W/0lRiqrS', NULL),
('11401002', '$2y$10$wCX004bvN2pqsO23N9rWPe.I5uTUDzgMtt5kXp/HZzWJywyyHWYly', NULL),
('11401003', '$2y$10$AHPVJptqzC6HFSlyaX1ODOj7StMUTSLOS86qzgVKvOqBPpFd9zVhm', NULL),
('11401004', '$2y$10$FwIFg1SZZXGgTPIZzbwH7uBh0dXKziOaN8mLBXCGB5JD641vOGBv.', NULL),
('11401005', '$2y$10$7vFTyUTDHcsaUZvm0M9nSOTLNRFHcYn98Japq5DtASNYCXzZ7/jsC', NULL),
('11401006', '$2y$10$9SQnD6HbScp2Nqu6IIZB2elZASYeCKx8dFnUbTOOaujCFaUGSuLAa', NULL),
('11401007', '$2y$10$SAS8nV6Ar5KlI69ZOOpeweAh3RLIo10.bZqfZ1qYxzstliCAhTM.2', NULL),
('11401008', '$2y$10$5e2fTYfkrfHAjqMUrMuGmOHGZXYneU/hHvsGpz8QBUJ0cGj3F13NW', NULL),
('11401009', '$2y$10$90qV9Ob0cPjUQrl6tf6QQ.Uen8Rya/bxmkuM1JKZp7TJNS8LWkALK', NULL),
('11401010', '$2y$10$6vCaIRnS/6jbdftWNBsDVubdKtKcDuhNzsNQI.KnHDOLxmuyHPj/G', NULL),
('11401011', '$2y$10$Bdo930.nh2wHpqGE1yc9DujtAVlO9ntolJkXridKL8ani6XdYe.PC', NULL),
('11401012', '$2y$10$YaCvluDV4nlkqOlFElOa6OYbBIJSCotgxHFJj5N.uGbOyJn3YPAU6', NULL),
('11401013', '$2y$10$0hEgFS68c0rriVxqB4qZCOBpUbQAAXm.3OsMzvwW0JPlzEb6VSM6q', NULL),
('11401014', '$2y$10$yZykuxSn50y.ZdLVe6rDze7UwlTpE.9wn9JL2o0pONMHG.4U7aRQW', NULL),
('11401015', '$2y$10$FpdbfO8Ix0ZLHV2/TeHoouMBwOGKvrw/ClqKJdGIAghtCTOIGl8.K', NULL),
('11401016', '$2y$10$YDGbtlZPtnwtnlcQ.1NWx.6k32JMAtC0PrgR4dhEyVqHCpjeAiEyC', NULL),
('11401017', '$2y$10$mePZAzrLWJGqhe.1B2.GzuSMCiYWEPD6282tQa0DmkOR6JOAWwVoi', NULL),
('11401018', '$2y$10$gxqG0BfYuizUNHw2au07s.Xk/dDqV.g2ClAqtGLs5Hwx3lzMRUwue', NULL),
('11401019', '$2y$10$VD7lJNjCqKTeKgyty8Am1.G7AzPJMMlURHFlxZVb1x7oDW5I8nOtq', NULL),
('11401020', '$2y$10$2O5XFKOqTffngmAUFH8r0eXxovqipwXyVaBC3c.lxmFf3Bb8P8pGG', NULL),
('11401021', '$2y$10$pg.98uJx5gtUG9N15UWXQO97SRq/Ru0R1EoMAbdg6xO3I2VRs2.KC', NULL),
('11401022', '$2y$10$xAoyJhgQEUPgAWmCjfo6xeGQHLN5OeajK9iTMPbbB/6oikx.qAMN2', NULL),
('11401023', '$2y$10$44z4mEMWfHjvpj6/dV7qnOx25NsJ4Vi6uKTPuaLsag/9rfK5ceWKC', NULL),
('11401024', '$2y$10$CngFKZwYMDoIe9TK6/GNA.LZz4IwbX.nf3/J.Gk93K.tEgu9riiZe', NULL),
('11401025', '$2y$10$HjDpydXV8Yg38P4B4M6SPe/T/.Y8XF1LL9sLchlj04xjztcwvfB9G', NULL),
('11401026', '$2y$10$wPbzVMjGbkl307hVrkYh5eclqSvM30yJVddokc4OxeHi6Eq8Ot9cO', NULL),
('11401027', '$2y$10$uaCbWOQz4I9dKtGy/ttj.eiXVJfRORDFzUDV2Yo3XpJWKMJtK2kae', NULL),
('11401028', '$2y$10$Wec4fv/6tfnibA5YCjtJ2O/Olv7e64xLeKgIn6F6V4eGAAO9qXxFC', NULL),
('11401029', '$2y$10$dWsbTCoCAsKvQYHEQ9Q3wuED1Drg92cq4HpvCAOSMo5L7SdqsW/cG', NULL),
('11401030', '$2y$10$H3yj1EH/xUAV5SWYdYDVTe6M43d0INhtXS2YLFkWnSMgjHhVr68aa', NULL),
('11401031', '$2y$10$IvdJGH9d.hAqbUXGPQtWKOo5Ues0OT0KoBT03KuJX8jSTAKP93.s2', NULL),
('11401032', '$2y$10$sBXs6kkYdCNjPPNaEJCqk.kFx17Z5B.t4J8FJxuX67bi//IJi7mTi', NULL),
('11401033', '$2y$10$3vHizGW/pCg/cIYRWWQYeuS3Su5C8MjGimXmEwAvCbbFEsKS1T42S', NULL),
('11401034', '$2y$10$JGVM12Q0sYPSmr26z5e4/.Wz6sMTmCOOsTBpYd0rNPqfia9ZQTQ9G', NULL),
('11401035', '$2y$10$eBDA1PNXE7WNiXZChnz/UO/nd5jb1JRUPX0oquxd.jRSpc3RERho.', NULL),
('11401036', '$2y$10$c.sAypr2dhspSZztA7KG9.OzrPyaLinwMls5QTLUIMhW5EiR3vQRy', NULL),
('11401037', '$2y$10$tYP.6dzO9qo9TbTQQCGtcOrZ03Z4rLVuBhr5rQ5PefilMOJ0b5.Py', NULL),
('11401038', '$2y$10$fkGsE/rto7NTVUUPC18K2.7PL0S/9Cgxl3H6nmlkRkIzrlY9pFs1e', NULL),
('11401039', '$2y$10$rECcNeQv0iSDC74sbAHGBehW9GGhVBWApKV6mg/axIHPhHSAp4O0a', NULL),
('11401040', '$2y$10$8waHvIJtzp320Nuj3URakuhJmXFGBDewMv8RsxSJtcLfn6K3wJqNG', NULL),
('11401041', '$2y$10$S7fjPWA3zga0U5RoE4cPaOLk9NABTumDvFi9yWbeyTQ7kiukBUBbS', NULL),
('11401042', '$2y$10$Mqbh2YS1UBXj.0PtqQcs9.QXSLygIAHRfRVTUbPFrdIE9Zj44IghO', NULL),
('11401043', '$2y$10$.sPo1pQx9JrebgoUXPbfsOe6mMyJUnMR.f6Zf7TK7cBA52TGvaGxq', NULL),
('11401044', '$2y$10$7r.IjANIPkjop7WxWTHCZOA.njKONH1yGU8oz7nLtlGVEro5m610q', NULL),
('11401045', '$2y$10$1DulxGYoS9OvP6TYZgdfCu1mzk52tW6teZwkEE7fsYHhcetJh5nRq', NULL),
('11401046', '$2y$10$pHfJ1l8MFtZ1CSVIc2qwnuK9jPkvurCbNc85bX8xYWTGVzcLP3A9O', NULL),
('11401047', '$2y$10$ekYxN5nLkcN7L29ZsFOVoOK8iuSfID1Bs/O/PFLBuR27tPNCtJ1mi', NULL),
('11401048', '$2y$10$z4CrvXA.DrcyvLEeLN5kLO3WnSj74QGG.UTcgGey8moMEkWhPa8iK', NULL),
('11401049', '$2y$10$1J8bkRFI8CCPoOrVeNf9Lu3.vKDMsRHI3MD87m7i0gZFpXOHtLW7y', NULL),
('11401050', '$2y$10$zwfPRb26.ReankOTFNfTcuYx8BoOFRLVySj2O.7Hm5d2RLfO23AL.', NULL),
('11401051', '$2y$10$Wm9SHwjNhb7/KcVCiMlP.eajaPacBXpA3q8EdL7oiOQFF2bUCnqo2', NULL),
('11401052', '$2y$10$S3zISYWL0l3KlU1Pxd8Mb.UV6PCQpCXF2v2VGpx1cdNyMAxRdj6UW', NULL),
('11401053', '$2y$10$wL3j27HCSN1XYmfgK8QG3.5nwu76v42QdMwyAzDa9RXG4gFxF5.bG', NULL),
('11401054', '$2y$10$n3UfLcXm.PhWWQSLEHJ4BOnQz3ufxyLYQxD.9WxVqP4Hhsyf0r1Dm', NULL),
('11401055', '$2y$10$FAgwt8Y/H2zZzMfLoQpsHuRzpuXoz4Zerd5CrzIzq8jW06ihS7dvq', NULL),
('11401056', '$2y$10$T73o6KeDaAtO64gCVHcH6O8hmUAQlXlzcdMlLEZRLX3c4QB1LvlFW', NULL),
('11401057', '$2y$10$Jp.oLOtWObf0r56sjv.xMug8.LadZRaNWysFY04HSEAtQAZW6RcJK', NULL),
('11401058', '$2y$10$fbW1ha9Gpl0BAziA4mlEp.H9CdWLGXklFSEPcgo3Hp0OyuwKOWzuC', NULL),
('11401059', '$2y$10$2iNsrE8.i/h1Sfy1o1DhMOeLPctbinwqfFMe.AkrtfzxXpCk8Fr0O', NULL),
('11401060', '$2y$10$/flOpbmbrgEnpxKGm4AsZuk/nrNwggzFbiiDnbVkX9h3QGa26xs1e', NULL),
('11401061', '$2y$10$cAujR6X1cZV87zYHu66XbudylYUT0wFC2.OH9.V3IoTcbjI08oasq', NULL),
('11401062', '7f6cldz8', NULL),
('11401063', 'shla7ptr', NULL),
('11401064', 'fyoss2uk', NULL),
('11401065', '5s3klzh5', NULL),
('11401066', 'jb8zofv0', NULL),
('11401067', '97guoxc', NULL),
('11401068', 't69ioi9j', NULL),
('11401069', 'nofswmza', NULL),
('11401070', 'f3dddpr7', NULL),
('11401071', '0an98vf0', NULL),
('11401072', 'oje8zzta', NULL),
('11401073', '7wsw81wv', NULL),
('11401074', 'm4y49n', NULL),
('11401075', 'gzscrxo', NULL),
('11401076', '18xxi1bw', NULL),
('11401077', 'k1bvun84', NULL),
('11401078', 'f1sxnbud', NULL),
('11401079', 'ubdtjjtf', NULL),
('11401080', 'cphwo4zv', NULL),
('11401081', 'jadr4ju6', NULL),
('11401082', 'hl607u26', NULL),
('11401083', 'sb1lpnef', NULL);

--
-- Índices para tablas volcadas
--

--
-- Indices de la tabla `alumno`
--
ALTER TABLE `alumno`
  ADD PRIMARY KEY (`codalumno`),
  ADD KEY `fk_alumno_sede` (`codSede`),
  ADD KEY `codAula` (`codAula`);

--
-- Indices de la tabla `alumno_horario`
--
ALTER TABLE `alumno_horario`
  ADD PRIMARY KEY (`codalumno`,`codhorario`),
  ADD UNIQUE KEY `unique_alumno_horario` (`codalumno`,`codhorario`),
  ADD KEY `codhorario` (`codhorario`);

--
-- Indices de la tabla `aula_laboratorio`
--
ALTER TABLE `aula_laboratorio`
  ADD PRIMARY KEY (`codAula`),
  ADD KEY `codSede` (`codSede`);

--
-- Indices de la tabla `calendario_pagos`
--
ALTER TABLE `calendario_pagos`
  ADD PRIMARY KEY (`id`),
  ADD UNIQUE KEY `uc_periodo_tipo` (`codPeriodo`,`tipoPago`),
  ADD UNIQUE KEY `uc_periodo_tipoPago` (`codPeriodo`,`tipoPago`),
  ADD UNIQUE KEY `uc_calendario` (`codPeriodo`,`tipoPago`);

--
-- Indices de la tabla `ciclo`
--
ALTER TABLE `ciclo`
  ADD PRIMARY KEY (`codCiclo`);

--
-- Indices de la tabla `curso`
--
ALTER TABLE `curso`
  ADD PRIMARY KEY (`codcurso`),
  ADD KEY `codprofesor` (`codprofesor`),
  ADD KEY `codPeriodo` (`codPeriodo`);

--
-- Indices de la tabla `horarios_disponibles`
--
ALTER TABLE `horarios_disponibles`
  ADD PRIMARY KEY (`codhorario`),
  ADD KEY `codcurso` (`codcurso`),
  ADD KEY `codprofesor` (`codprofesor`),
  ADD KEY `idx_codhorario` (`codhorario`),
  ADD KEY `codAula` (`codAula`);

--
-- Indices de la tabla `matricula`
--
ALTER TABLE `matricula`
  ADD PRIMARY KEY (`codmatricula`),
  ADD KEY `codprofesor` (`codprofesor`),
  ADD KEY `codalumno` (`codalumno`),
  ADD KEY `codcurso` (`codcurso`),
  ADD KEY `codPeriodo` (`codPeriodo`);

--
-- Indices de la tabla `nota`
--
ALTER TABLE `nota`
  ADD PRIMARY KEY (`idnota`),
  ADD KEY `idx_matricula` (`codmatricula`),
  ADD KEY `idx_promedio` (`promedio`);

--
-- Indices de la tabla `pagos`
--
ALTER TABLE `pagos`
  ADD PRIMARY KEY (`id`),
  ADD KEY `fk_pago_calendario` (`id_calendario`),
  ADD KEY `fk_pago_matricula` (`codmatricula`);

--
-- Indices de la tabla `periodo`
--
ALTER TABLE `periodo`
  ADD PRIMARY KEY (`codPeriodo`),
  ADD UNIQUE KEY `anio` (`anio`,`codCiclo`),
  ADD UNIQUE KEY `UC_Periodo_Unico` (`anio`,`codCiclo`),
  ADD KEY `fk_periodo_ciclo` (`codCiclo`);

--
-- Indices de la tabla `profesor`
--
ALTER TABLE `profesor`
  ADD PRIMARY KEY (`codprofesor`),
  ADD UNIQUE KEY `correo` (`correo`);

--
-- Indices de la tabla `registro_acceso`
--
ALTER TABLE `registro_acceso`
  ADD PRIMARY KEY (`id`),
  ADD KEY `idx_alumno` (`codalumno`),
  ADD KEY `idx_fecha` (`fecha`),
  ADD KEY `idx_hora` (`hora_inicio`),
  ADD KEY `idx_gps` (`latitud`,`longitud`),
  ADD KEY `idx_duracion` (`duracion_min`);

--
-- Indices de la tabla `sede`
--
ALTER TABLE `sede`
  ADD PRIMARY KEY (`codSede`);

--
-- Indices de la tabla `usuario`
--
ALTER TABLE `usuario`
  ADD PRIMARY KEY (`codalumno`),
  ADD KEY `codalumno` (`codalumno`);

--
-- AUTO_INCREMENT de las tablas volcadas
--

--
-- AUTO_INCREMENT de la tabla `calendario_pagos`
--
ALTER TABLE `calendario_pagos`
  MODIFY `id` int(11) NOT NULL AUTO_INCREMENT, AUTO_INCREMENT=28;

--
-- AUTO_INCREMENT de la tabla `matricula`
--
ALTER TABLE `matricula`
  MODIFY `codmatricula` int(11) NOT NULL AUTO_INCREMENT, AUTO_INCREMENT=183;

--
-- AUTO_INCREMENT de la tabla `nota`
--
ALTER TABLE `nota`
  MODIFY `idnota` int(11) NOT NULL AUTO_INCREMENT, AUTO_INCREMENT=62;

--
-- AUTO_INCREMENT de la tabla `pagos`
--
ALTER TABLE `pagos`
  MODIFY `id` int(11) NOT NULL AUTO_INCREMENT, AUTO_INCREMENT=11;

--
-- AUTO_INCREMENT de la tabla `periodo`
--
ALTER TABLE `periodo`
  MODIFY `codPeriodo` int(11) NOT NULL AUTO_INCREMENT, AUTO_INCREMENT=43;

--
-- AUTO_INCREMENT de la tabla `registro_acceso`
--
ALTER TABLE `registro_acceso`
  MODIFY `id` int(11) NOT NULL AUTO_INCREMENT, AUTO_INCREMENT=48;

--
-- AUTO_INCREMENT de la tabla `sede`
--
ALTER TABLE `sede`
  MODIFY `codSede` int(11) NOT NULL AUTO_INCREMENT, AUTO_INCREMENT=6;

--
-- Restricciones para tablas volcadas
--

--
-- Filtros para la tabla `alumno`
--
ALTER TABLE `alumno`
  ADD CONSTRAINT `fk_alumno_sede` FOREIGN KEY (`codSede`) REFERENCES `sede` (`codSede`) ON DELETE SET NULL ON UPDATE CASCADE;

--
-- Filtros para la tabla `alumno_horario`
--
ALTER TABLE `alumno_horario`
  ADD CONSTRAINT `alumno_horario_ibfk_1` FOREIGN KEY (`codalumno`) REFERENCES `alumno` (`codalumno`) ON DELETE CASCADE ON UPDATE CASCADE,
  ADD CONSTRAINT `alumno_horario_ibfk_2` FOREIGN KEY (`codhorario`) REFERENCES `horarios_disponibles` (`codhorario`) ON DELETE CASCADE ON UPDATE CASCADE;

--
-- Filtros para la tabla `aula_laboratorio`
--
ALTER TABLE `aula_laboratorio`
  ADD CONSTRAINT `aula_laboratorio_ibfk_1` FOREIGN KEY (`codSede`) REFERENCES `sede` (`codSede`) ON DELETE CASCADE ON UPDATE CASCADE;

--
-- Filtros para la tabla `calendario_pagos`
--
ALTER TABLE `calendario_pagos`
  ADD CONSTRAINT `fk_calendario_periodo` FOREIGN KEY (`codPeriodo`) REFERENCES `periodo` (`codPeriodo`) ON DELETE CASCADE ON UPDATE CASCADE;

--
-- Filtros para la tabla `curso`
--
ALTER TABLE `curso`
  ADD CONSTRAINT `curso_ibfk_1` FOREIGN KEY (`codprofesor`) REFERENCES `profesor` (`codprofesor`) ON DELETE SET NULL ON UPDATE CASCADE,
  ADD CONSTRAINT `curso_ibfk_2` FOREIGN KEY (`codPeriodo`) REFERENCES `periodo` (`codPeriodo`) ON DELETE SET NULL ON UPDATE CASCADE;

--
-- Filtros para la tabla `horarios_disponibles`
--
ALTER TABLE `horarios_disponibles`
  ADD CONSTRAINT `horarios_disponibles_ibfk_1` FOREIGN KEY (`codcurso`) REFERENCES `curso` (`codcurso`) ON DELETE CASCADE ON UPDATE CASCADE,
  ADD CONSTRAINT `horarios_disponibles_ibfk_2` FOREIGN KEY (`codprofesor`) REFERENCES `profesor` (`codprofesor`) ON DELETE CASCADE ON UPDATE CASCADE;

--
-- Filtros para la tabla `matricula`
--
ALTER TABLE `matricula`
  ADD CONSTRAINT `matricula_ibfk_1` FOREIGN KEY (`codprofesor`) REFERENCES `profesor` (`codprofesor`) ON DELETE CASCADE ON UPDATE CASCADE,
  ADD CONSTRAINT `matricula_ibfk_2` FOREIGN KEY (`codalumno`) REFERENCES `alumno` (`codalumno`) ON DELETE CASCADE ON UPDATE CASCADE,
  ADD CONSTRAINT `matricula_ibfk_3` FOREIGN KEY (`codcurso`) REFERENCES `curso` (`codcurso`) ON DELETE CASCADE ON UPDATE CASCADE,
  ADD CONSTRAINT `matricula_ibfk_4` FOREIGN KEY (`codPeriodo`) REFERENCES `periodo` (`codPeriodo`) ON DELETE CASCADE ON UPDATE CASCADE;

--
-- Filtros para la tabla `nota`
--
ALTER TABLE `nota`
  ADD CONSTRAINT `nota_ibfk_1` FOREIGN KEY (`codmatricula`) REFERENCES `matricula` (`codmatricula`);

--
-- Filtros para la tabla `pagos`
--
ALTER TABLE `pagos`
  ADD CONSTRAINT `fk_pago_calendario` FOREIGN KEY (`id_calendario`) REFERENCES `calendario_pagos` (`id`) ON DELETE SET NULL ON UPDATE CASCADE,
  ADD CONSTRAINT `fk_pago_matricula` FOREIGN KEY (`codmatricula`) REFERENCES `matricula` (`codmatricula`) ON DELETE CASCADE ON UPDATE CASCADE;

--
-- Filtros para la tabla `periodo`
--
ALTER TABLE `periodo`
  ADD CONSTRAINT `fk_periodo_ciclo` FOREIGN KEY (`codCiclo`) REFERENCES `ciclo` (`codCiclo`) ON DELETE CASCADE ON UPDATE CASCADE;

--
-- Filtros para la tabla `registro_acceso`
--
ALTER TABLE `registro_acceso`
  ADD CONSTRAINT `fk_registro_acceso_alumno` FOREIGN KEY (`codalumno`) REFERENCES `alumno` (`codalumno`) ON DELETE CASCADE ON UPDATE CASCADE;

--
-- Filtros para la tabla `usuario`
--
ALTER TABLE `usuario`
  ADD CONSTRAINT `fk_usuario_alumno` FOREIGN KEY (`codalumno`) REFERENCES `alumno` (`codalumno`) ON DELETE CASCADE ON UPDATE CASCADE;
COMMIT;

/*!40101 SET CHARACTER_SET_CLIENT=@OLD_CHARACTER_SET_CLIENT */;
/*!40101 SET CHARACTER_SET_RESULTS=@OLD_CHARACTER_SET_RESULTS */;
/*!40101 SET COLLATION_CONNECTION=@OLD_COLLATION_CONNECTION */;
